[2026-09-15T10:38:52.767+0000] {manager.py:470} INFO - Processing files using up to 2 processes at a time 
[2026-09-15T10:38:52.769+0000] {manager.py:471} INFO - Process each file at most once every 30 seconds
[2026-09-15T10:38:52.769+0000] {manager.py:472} INFO - Checking for new files in /opt/airflow/dags every 300 seconds
[2026-09-15T10:38:52.770+0000] {manager.py:737} INFO - Searching for files in /opt/airflow/dags
[2026-09-15T10:38:52.786+0000] {manager.py:740} INFO - There are 1 files in /opt/airflow/dags
[2026-09-15T10:38:52.988+0000] {manager.py:878} INFO - 
================================================================================
DAG File Processing Stats

File Path                                   PID  Runtime      # DAGs    # Errors  Last Runtime    Last Run
----------------------------------------  -----  ---------  --------  ----------  --------------  ----------
/opt/airflow/dags/tender_pipeline_dag.py    184  0.03s             0           0
================================================================================
[2026-09-15T10:39:23.285+0000] {manager.py:878} INFO - 
================================================================================
DAG File Processing Stats

File Path                                   PID  Runtime      # DAGs    # Errors  Last Runtime    Last Run
----------------------------------------  -----  ---------  --------  ----------  --------------  -------------------
/opt/airflow/dags/tender_pipeline_dag.py    189  0.00s             0           1  0.07s           2026-09-15T10:38:53
================================================================================
[2026-09-15T10:39:53.489+0000] {manager.py:878} INFO - 
================================================================================
DAG File Processing Stats

File Path                                   PID  Runtime      # DAGs    # Errors  Last Runtime    Last Run
----------------------------------------  -----  ---------  --------  ----------  --------------  -------------------
/opt/airflow/dags/tender_pipeline_dag.py    194  0.00s             0           1  0.11s           2026-09-15T10:39:23
================================================================================
[2026-09-15T10:40:23.698+0000] {manager.py:878} INFO - 
================================================================================
DAG File Processing Stats

File Path                                   PID  Runtime      # DAGs    # Errors  Last Runtime    Last Run
----------------------------------------  -----  ---------  --------  ----------  --------------  -------------------
/opt/airflow/dags/tender_pipeline_dag.py    199  0.00s             0           1  0.11s           2026-09-15T10:39:53
================================================================================
[2026-09-15T10:40:53.938+0000] {manager.py:878} INFO - 
================================================================================
DAG File Processing Stats

File Path                                   PID  Runtime      # DAGs    # Errors  Last Runtime    Last Run
----------------------------------------  -----  ---------  --------  ----------  --------------  -------------------
/opt/airflow/dags/tender_pipeline_dag.py    204  0.00s             0           1  0.07s           2026-09-15T10:40:23
================================================================================
[2026-09-15T10:41:24.151+0000] {manager.py:878} INFO - 
================================================================================
DAG File Processing Stats

File Path                                   PID  Runtime      # DAGs    # Errors  Last Runtime    Last Run
----------------------------------------  -----  ---------  --------  ----------  --------------  -------------------
/opt/airflow/dags/tender_pipeline_dag.py    209  0.00s             0           1  0.17s           2026-09-15T10:40:54
================================================================================
[2026-09-15T10:41:54.322+0000] {manager.py:878} INFO - 
================================================================================
DAG File Processing Stats

File Path                                   PID  Runtime      # DAGs    # Errors  Last Runtime    Last Run
----------------------------------------  -----  ---------  --------  ----------  --------------  -------------------
/opt/airflow/dags/tender_pipeline_dag.py    214  0.00s             0           1  0.06s           2026-09-15T10:41:24
================================================================================
[2026-09-15T10:42:24.553+0000] {manager.py:878} INFO - 
================================================================================
DAG File Processing Stats

File Path                                   PID  Runtime      # DAGs    # Errors  Last Runtime    Last Run
----------------------------------------  -----  ---------  --------  ----------  --------------  -------------------
/opt/airflow/dags/tender_pipeline_dag.py    219  0.00s             0           1  0.07s           2026-09-15T10:41:54
================================================================================
[2026-09-15T10:42:54.754+0000] {manager.py:878} INFO - 
================================================================================
DAG File Processing Stats

File Path                                   PID  Runtime      # DAGs    # Errors  Last Runtime    Last Run
----------------------------------------  -----  ---------  --------  ----------  --------------  -------------------
/opt/airflow/dags/tender_pipeline_dag.py    224  0.00s             0           1  0.11s           2026-09-15T10:42:24
================================================================================
[2026-09-15T10:43:24.992+0000] {manager.py:878} INFO - 
================================================================================
DAG File Processing Stats

File Path                                   PID  Runtime      # DAGs    # Errors  Last Runtime    Last Run
----------------------------------------  -----  ---------  --------  ----------  --------------  -------------------
/opt/airflow/dags/tender_pipeline_dag.py    229  0.00s             0           1  0.11s           2026-09-15T10:42:54
================================================================================
[2026-09-15T10:43:53.229+0000] {manager.py:737} INFO - Searching for files in /opt/airflow/dags
[2026-09-15T10:43:53.245+0000] {manager.py:740} INFO - There are 1 files in /opt/airflow/dags
[2026-09-15T10:43:55.274+0000] {manager.py:878} INFO - 
================================================================================
DAG File Processing Stats

File Path                                   PID  Runtime      # DAGs    # Errors  Last Runtime    Last Run
----------------------------------------  -----  ---------  --------  ----------  --------------  -------------------
/opt/airflow/dags/tender_pipeline_dag.py    234  0.00s             0           1  0.06s           2026-09-15T10:43:25
================================================================================
[2026-09-15T10:44:25.482+0000] {manager.py:878} INFO - 
================================================================================
DAG File Processing Stats

File Path                                   PID  Runtime      # DAGs    # Errors  Last Runtime    Last Run
----------------------------------------  -----  ---------  --------  ----------  --------------  -------------------
/opt/airflow/dags/tender_pipeline_dag.py    239  0.00s             0           1  0.06s           2026-09-15T10:43:55
================================================================================
[2026-09-15T10:44:55.665+0000] {manager.py:878} INFO - 
================================================================================
DAG File Processing Stats

File Path                                   PID  Runtime      # DAGs    # Errors  Last Runtime    Last Run
----------------------------------------  -----  ---------  --------  ----------  --------------  -------------------
/opt/airflow/dags/tender_pipeline_dag.py    244  0.00s             0           1  0.06s           2026-09-15T10:44:25
================================================================================
[2026-09-15T10:45:25.873+0000] {manager.py:878} INFO - 
================================================================================
DAG File Processing Stats

File Path                                   PID  Runtime      # DAGs    # Errors  Last Runtime    Last Run
----------------------------------------  -----  ---------  --------  ----------  --------------  -------------------
/opt/airflow/dags/tender_pipeline_dag.py    249  0.00s             0           1  0.07s           2026-09-15T10:44:55
================================================================================
[2026-09-15T10:45:56.048+0000] {manager.py:878} INFO - 
================================================================================
DAG File Processing Stats

File Path                                   PID  Runtime      # DAGs    # Errors  Last Runtime    Last Run
----------------------------------------  -----  ---------  --------  ----------  --------------  -------------------
/opt/airflow/dags/tender_pipeline_dag.py    254  0.00s             0           1  0.08s           2026-09-15T10:45:25
================================================================================
[2026-09-15T10:46:26.277+0000] {manager.py:878} INFO - 
================================================================================
DAG File Processing Stats

File Path                                   PID  Runtime      # DAGs    # Errors  Last Runtime    Last Run
----------------------------------------  -----  ---------  --------  ----------  --------------  -------------------
/opt/airflow/dags/tender_pipeline_dag.py    259  0.00s             0           1  0.06s           2026-09-15T10:45:56
================================================================================
[2026-09-15T10:46:56.444+0000] {manager.py:878} INFO - 
================================================================================
DAG File Processing Stats

File Path                                   PID  Runtime      # DAGs    # Errors  Last Runtime    Last Run
----------------------------------------  -----  ---------  --------  ----------  --------------  -------------------
/opt/airflow/dags/tender_pipeline_dag.py    264  0.00s             0           1  0.11s           2026-09-15T10:46:26
================================================================================
[2026-09-15T10:47:26.665+0000] {manager.py:878} INFO - 
================================================================================
DAG File Processing Stats

File Path                                   PID  Runtime      # DAGs    # Errors  Last Runtime    Last Run
----------------------------------------  -----  ---------  --------  ----------  --------------  -------------------
/opt/airflow/dags/tender_pipeline_dag.py    269  0.01s             0           1  0.07s           2026-09-15T10:46:56
================================================================================
[2026-09-15T10:47:56.885+0000] {manager.py:878} INFO - 
================================================================================
DAG File Processing Stats

File Path                                   PID  Runtime      # DAGs    # Errors  Last Runtime    Last Run
----------------------------------------  -----  ---------  --------  ----------  --------------  -------------------
/opt/airflow/dags/tender_pipeline_dag.py    274  0.00s             0           1  0.15s           2026-09-15T10:47:26
================================================================================
[2026-09-15T10:48:27.067+0000] {manager.py:878} INFO - 
================================================================================
DAG File Processing Stats

File Path                                   PID  Runtime      # DAGs    # Errors  Last Runtime    Last Run
----------------------------------------  -----  ---------  --------  ----------  --------------  -------------------
/opt/airflow/dags/tender_pipeline_dag.py    279  0.00s             0           1  0.08s           2026-09-15T10:47:56
================================================================================
[2026-09-15T10:48:53.267+0000] {manager.py:737} INFO - Searching for files in /opt/airflow/dags
[2026-09-15T10:48:53.288+0000] {manager.py:740} INFO - There are 1 files in /opt/airflow/dags
[2026-09-15T10:48:57.334+0000] {manager.py:878} INFO - 
================================================================================
DAG File Processing Stats

File Path                                   PID  Runtime      # DAGs    # Errors  Last Runtime    Last Run
----------------------------------------  -----  ---------  --------  ----------  --------------  -------------------
/opt/airflow/dags/tender_pipeline_dag.py    284  0.01s             0           1  0.11s           2026-09-15T10:48:27
================================================================================
[2026-09-15T10:49:27.519+0000] {manager.py:878} INFO - 
================================================================================
DAG File Processing Stats

File Path                                   PID  Runtime      # DAGs    # Errors  Last Runtime    Last Run
----------------------------------------  -----  ---------  --------  ----------  --------------  -------------------
/opt/airflow/dags/tender_pipeline_dag.py    289  0.00s             0           1  0.11s           2026-09-15T10:48:57
================================================================================
[2026-09-15T10:49:57.785+0000] {manager.py:878} INFO - 
================================================================================
DAG File Processing Stats

File Path                                   PID  Runtime      # DAGs    # Errors  Last Runtime    Last Run
----------------------------------------  -----  ---------  --------  ----------  --------------  -------------------
/opt/airflow/dags/tender_pipeline_dag.py    294  0.00s             0           1  0.13s           2026-09-15T10:49:27
================================================================================
[2026-09-15T10:50:27.999+0000] {manager.py:878} INFO - 
================================================================================
DAG File Processing Stats

File Path                                   PID  Runtime      # DAGs    # Errors  Last Runtime    Last Run
----------------------------------------  -----  ---------  --------  ----------  --------------  -------------------
/opt/airflow/dags/tender_pipeline_dag.py    299  0.00s             0           1  0.07s           2026-09-15T10:49:57
================================================================================
[2026-09-15T10:50:58.184+0000] {manager.py:878} INFO - 
================================================================================
DAG File Processing Stats

File Path                                   PID  Runtime      # DAGs    # Errors  Last Runtime    Last Run
----------------------------------------  -----  ---------  --------  ----------  --------------  -------------------
/opt/airflow/dags/tender_pipeline_dag.py    304  0.00s             0           1  0.07s           2026-09-15T10:50:28
================================================================================
[2026-09-15T10:51:28.372+0000] {manager.py:878} INFO - 
================================================================================
DAG File Processing Stats

File Path                                   PID  Runtime      # DAGs    # Errors  Last Runtime    Last Run
----------------------------------------  -----  ---------  --------  ----------  --------------  -------------------
/opt/airflow/dags/tender_pipeline_dag.py    309  0.00s             0           1  0.07s           2026-09-15T10:50:58
================================================================================
[2026-09-15T10:51:58.587+0000] {manager.py:878} INFO - 
================================================================================
DAG File Processing Stats

File Path                                   PID  Runtime      # DAGs    # Errors  Last Runtime    Last Run
----------------------------------------  -----  ---------  --------  ----------  --------------  -------------------
/opt/airflow/dags/tender_pipeline_dag.py    314  0.01s             0           1  0.10s           2026-09-15T10:51:28
================================================================================
[2026-09-15T10:52:28.780+0000] {manager.py:878} INFO - 
================================================================================
DAG File Processing Stats

File Path                                   PID  Runtime      # DAGs    # Errors  Last Runtime    Last Run
----------------------------------------  -----  ---------  --------  ----------  --------------  -------------------
/opt/airflow/dags/tender_pipeline_dag.py    319  0.00s             0           1  0.07s           2026-09-15T10:51:58
================================================================================
[2026-09-15T10:52:59.009+0000] {manager.py:878} INFO - 
================================================================================
DAG File Processing Stats

File Path                                   PID  Runtime      # DAGs    # Errors  Last Runtime    Last Run
----------------------------------------  -----  ---------  --------  ----------  --------------  -------------------
/opt/airflow/dags/tender_pipeline_dag.py    324  0.00s             0           1  0.11s           2026-09-15T10:52:28
================================================================================
[2026-09-15T10:53:29.192+0000] {manager.py:878} INFO - 
================================================================================
DAG File Processing Stats

File Path                                   PID  Runtime      # DAGs    # Errors  Last Runtime    Last Run
----------------------------------------  -----  ---------  --------  ----------  --------------  -------------------
/opt/airflow/dags/tender_pipeline_dag.py    329  0.01s             0           1  0.15s           2026-09-15T10:52:59
================================================================================
[2026-09-15T10:53:53.315+0000] {manager.py:737} INFO - Searching for files in /opt/airflow/dags
[2026-09-15T10:53:53.346+0000] {manager.py:740} INFO - There are 1 files in /opt/airflow/dags
[2026-09-15T10:53:59.414+0000] {manager.py:878} INFO - 
================================================================================
DAG File Processing Stats

File Path                                   PID  Runtime      # DAGs    # Errors  Last Runtime    Last Run
----------------------------------------  -----  ---------  --------  ----------  --------------  -------------------
/opt/airflow/dags/tender_pipeline_dag.py    334  0.00s             0           1  0.09s           2026-09-15T10:53:29
================================================================================
[2026-09-15T10:54:29.617+0000] {manager.py:878} INFO - 
================================================================================
DAG File Processing Stats

File Path                                   PID  Runtime      # DAGs    # Errors  Last Runtime    Last Run
----------------------------------------  -----  ---------  --------  ----------  --------------  -------------------
/opt/airflow/dags/tender_pipeline_dag.py    339  0.00s             0           1  0.08s           2026-09-15T10:53:59
================================================================================
[2026-09-15T10:54:59.823+0000] {manager.py:878} INFO - 
================================================================================
DAG File Processing Stats

File Path                                   PID  Runtime      # DAGs    # Errors  Last Runtime    Last Run
----------------------------------------  -----  ---------  --------  ----------  --------------  -------------------
/opt/airflow/dags/tender_pipeline_dag.py    344  0.00s             0           1  0.08s           2026-09-15T10:54:29
================================================================================
[2026-09-15T10:55:30.054+0000] {manager.py:878} INFO - 
================================================================================
DAG File Processing Stats

File Path                                   PID  Runtime      # DAGs    # Errors  Last Runtime    Last Run
----------------------------------------  -----  ---------  --------  ----------  --------------  -------------------
/opt/airflow/dags/tender_pipeline_dag.py    349  0.00s             0           1  0.07s           2026-09-15T10:54:59
================================================================================
[2026-09-15T10:56:00.289+0000] {manager.py:878} INFO - 
================================================================================
DAG File Processing Stats

File Path                                   PID  Runtime      # DAGs    # Errors  Last Runtime    Last Run
----------------------------------------  -----  ---------  --------  ----------  --------------  -------------------
/opt/airflow/dags/tender_pipeline_dag.py    354  0.00s             0           1  0.14s           2026-09-15T10:55:30
================================================================================
[2026-09-15T10:56:30.546+0000] {manager.py:878} INFO - 
================================================================================
DAG File Processing Stats

File Path                                   PID  Runtime      # DAGs    # Errors  Last Runtime    Last Run
----------------------------------------  -----  ---------  --------  ----------  --------------  -------------------
/opt/airflow/dags/tender_pipeline_dag.py    359  0.00s             0           1  0.14s           2026-09-15T10:56:00
================================================================================
[2026-09-15T10:57:00.762+0000] {manager.py:878} INFO - 
================================================================================
DAG File Processing Stats

File Path                                   PID  Runtime      # DAGs    # Errors  Last Runtime    Last Run
----------------------------------------  -----  ---------  --------  ----------  --------------  -------------------
/opt/airflow/dags/tender_pipeline_dag.py    364  0.00s             0           1  0.14s           2026-09-15T10:56:30
================================================================================
[2026-09-15T10:57:31.025+0000] {manager.py:878} INFO - 
================================================================================
DAG File Processing Stats

File Path                                   PID  Runtime      # DAGs    # Errors  Last Runtime    Last Run
----------------------------------------  -----  ---------  --------  ----------  --------------  -------------------
/opt/airflow/dags/tender_pipeline_dag.py    369  0.00s             0           1  0.08s           2026-09-15T10:57:00
================================================================================
[2026-09-15T10:58:01.221+0000] {manager.py:878} INFO - 
================================================================================
DAG File Processing Stats

File Path                                   PID  Runtime      # DAGs    # Errors  Last Runtime    Last Run
----------------------------------------  -----  ---------  --------  ----------  --------------  -------------------
/opt/airflow/dags/tender_pipeline_dag.py    374  0.00s             0           1  0.09s           2026-09-15T10:57:31
================================================================================
[2026-09-15T10:58:31.438+0000] {manager.py:878} INFO - 
================================================================================
DAG File Processing Stats

File Path                                   PID  Runtime      # DAGs    # Errors  Last Runtime    Last Run
----------------------------------------  -----  ---------  --------  ----------  --------------  -------------------
/opt/airflow/dags/tender_pipeline_dag.py    379  0.00s             0           1  0.08s           2026-09-15T10:58:01
================================================================================
[2026-09-15T10:58:53.568+0000] {manager.py:737} INFO - Searching for files in /opt/airflow/dags
[2026-09-15T10:58:53.598+0000] {manager.py:740} INFO - There are 1 files in /opt/airflow/dags
[2026-09-15T10:59:01.673+0000] {manager.py:878} INFO - 
================================================================================
DAG File Processing Stats

File Path                                   PID  Runtime      # DAGs    # Errors  Last Runtime    Last Run
----------------------------------------  -----  ---------  --------  ----------  --------------  -------------------
/opt/airflow/dags/tender_pipeline_dag.py    384  0.01s             0           1  0.07s           2026-09-15T10:58:31
================================================================================
[2026-09-15T10:59:31.921+0000] {manager.py:878} INFO - 
================================================================================
DAG File Processing Stats

File Path                                   PID  Runtime      # DAGs    # Errors  Last Runtime    Last Run
----------------------------------------  -----  ---------  --------  ----------  --------------  -------------------
/opt/airflow/dags/tender_pipeline_dag.py    389  0.01s             0           1  0.08s           2026-09-15T10:59:01
================================================================================
[2026-09-15T11:00:02.120+0000] {manager.py:878} INFO - 
================================================================================
DAG File Processing Stats

File Path                                   PID  Runtime      # DAGs    # Errors  Last Runtime    Last Run
----------------------------------------  -----  ---------  --------  ----------  --------------  -------------------
/opt/airflow/dags/tender_pipeline_dag.py    394  0.01s             0           1  0.13s           2026-09-15T10:59:32
================================================================================
[2026-09-15T11:00:32.369+0000] {manager.py:878} INFO - 
================================================================================
DAG File Processing Stats

File Path                                   PID  Runtime      # DAGs    # Errors  Last Runtime    Last Run
----------------------------------------  -----  ---------  --------  ----------  --------------  -------------------
/opt/airflow/dags/tender_pipeline_dag.py    399  0.00s             0           1  0.09s           2026-09-15T11:00:02
================================================================================
[2026-09-15T11:01:02.557+0000] {manager.py:878} INFO - 
================================================================================
DAG File Processing Stats

File Path                                   PID  Runtime      # DAGs    # Errors  Last Runtime    Last Run
----------------------------------------  -----  ---------  --------  ----------  --------------  -------------------
/opt/airflow/dags/tender_pipeline_dag.py    404  0.00s             0           1  0.07s           2026-09-15T11:00:32
================================================================================
[2026-09-15T11:01:32.755+0000] {manager.py:878} INFO - 
================================================================================
DAG File Processing Stats

File Path                                   PID  Runtime      # DAGs    # Errors  Last Runtime    Last Run
----------------------------------------  -----  ---------  --------  ----------  --------------  -------------------
/opt/airflow/dags/tender_pipeline_dag.py    409  0.00s             0           1  0.10s           2026-09-15T11:01:02
================================================================================
[2026-09-15T11:02:03.010+0000] {manager.py:878} INFO - 
================================================================================
DAG File Processing Stats

File Path                                   PID  Runtime      # DAGs    # Errors  Last Runtime    Last Run
----------------------------------------  -----  ---------  --------  ----------  --------------  -------------------
/opt/airflow/dags/tender_pipeline_dag.py    414  0.00s             0           1  0.08s           2026-09-15T11:01:32
================================================================================
[2026-09-15T11:02:33.192+0000] {manager.py:878} INFO - 
================================================================================
DAG File Processing Stats

File Path                                   PID  Runtime      # DAGs    # Errors  Last Runtime    Last Run
----------------------------------------  -----  ---------  --------  ----------  --------------  -------------------
/opt/airflow/dags/tender_pipeline_dag.py    419  0.00s             0           1  0.10s           2026-09-15T11:02:03
================================================================================
[2026-09-15T11:03:03.438+0000] {manager.py:878} INFO - 
================================================================================
DAG File Processing Stats

File Path                                   PID  Runtime      # DAGs    # Errors  Last Runtime    Last Run
----------------------------------------  -----  ---------  --------  ----------  --------------  -------------------
/opt/airflow/dags/tender_pipeline_dag.py    424  0.00s             0           1  0.08s           2026-09-15T11:02:33
================================================================================
[2026-09-15T11:03:33.608+0000] {manager.py:878} INFO - 
================================================================================
DAG File Processing Stats

File Path                                   PID  Runtime      # DAGs    # Errors  Last Runtime    Last Run
----------------------------------------  -----  ---------  --------  ----------  --------------  -------------------
/opt/airflow/dags/tender_pipeline_dag.py    429  0.00s             0           1  0.10s           2026-09-15T11:03:03
================================================================================
[2026-09-15T11:03:53.807+0000] {manager.py:737} INFO - Searching for files in /opt/airflow/dags
[2026-09-15T11:03:53.823+0000] {manager.py:740} INFO - There are 1 files in /opt/airflow/dags
[2026-09-15T11:04:03.901+0000] {manager.py:878} INFO - 
================================================================================
DAG File Processing Stats

File Path                                   PID  Runtime      # DAGs    # Errors  Last Runtime    Last Run
----------------------------------------  -----  ---------  --------  ----------  --------------  -------------------
/opt/airflow/dags/tender_pipeline_dag.py    434  0.00s             0           1  0.07s           2026-09-15T11:03:33
================================================================================
[2026-09-15T11:04:34.101+0000] {manager.py:878} INFO - 
================================================================================
DAG File Processing Stats

File Path                                   PID  Runtime      # DAGs    # Errors  Last Runtime    Last Run
----------------------------------------  -----  ---------  --------  ----------  --------------  -------------------
/opt/airflow/dags/tender_pipeline_dag.py    439  0.00s             0           1  0.07s           2026-09-15T11:04:03
================================================================================
[2026-09-15T11:05:04.310+0000] {manager.py:878} INFO - 
================================================================================
DAG File Processing Stats

File Path                                   PID  Runtime      # DAGs    # Errors  Last Runtime    Last Run
----------------------------------------  -----  ---------  --------  ----------  --------------  -------------------
/opt/airflow/dags/tender_pipeline_dag.py    444  0.00s             0           1  0.11s           2026-09-15T11:04:34
================================================================================
[2026-09-15T11:05:34.541+0000] {manager.py:878} INFO - 
================================================================================
DAG File Processing Stats

File Path                                   PID  Runtime      # DAGs    # Errors  Last Runtime    Last Run
----------------------------------------  -----  ---------  --------  ----------  --------------  -------------------
/opt/airflow/dags/tender_pipeline_dag.py    449  0.00s             0           1  0.11s           2026-09-15T11:05:04
================================================================================
[2026-09-15T11:06:04.769+0000] {manager.py:878} INFO - 
================================================================================
DAG File Processing Stats

File Path                                   PID  Runtime      # DAGs    # Errors  Last Runtime    Last Run
----------------------------------------  -----  ---------  --------  ----------  --------------  -------------------
/opt/airflow/dags/tender_pipeline_dag.py    454  0.00s             0           1  0.12s           2026-09-15T11:05:34
================================================================================
[2026-09-15T11:06:34.982+0000] {manager.py:878} INFO - 
================================================================================
DAG File Processing Stats

File Path                                   PID  Runtime      # DAGs    # Errors  Last Runtime    Last Run
----------------------------------------  -----  ---------  --------  ----------  --------------  -------------------
/opt/airflow/dags/tender_pipeline_dag.py    459  0.00s             0           1  0.15s           2026-09-15T11:06:04
================================================================================
[2026-09-15T11:07:05.165+0000] {manager.py:878} INFO - 
================================================================================
DAG File Processing Stats

File Path                                   PID  Runtime      # DAGs    # Errors  Last Runtime    Last Run
----------------------------------------  -----  ---------  --------  ----------  --------------  -------------------
/opt/airflow/dags/tender_pipeline_dag.py    464  0.00s             0           1  0.06s           2026-09-15T11:06:35
================================================================================
[2026-09-15T11:07:35.365+0000] {manager.py:878} INFO - 
================================================================================
DAG File Processing Stats

File Path                                   PID  Runtime      # DAGs    # Errors  Last Runtime    Last Run
----------------------------------------  -----  ---------  --------  ----------  --------------  -------------------
/opt/airflow/dags/tender_pipeline_dag.py    469  0.00s             0           1  0.07s           2026-09-15T11:07:05
================================================================================
[2026-09-15T11:08:05.549+0000] {manager.py:878} INFO - 
================================================================================
DAG File Processing Stats

File Path                                   PID  Runtime      # DAGs    # Errors  Last Runtime    Last Run
----------------------------------------  -----  ---------  --------  ----------  --------------  -------------------
/opt/airflow/dags/tender_pipeline_dag.py    474  0.00s             0           1  0.12s           2026-09-15T11:07:35
================================================================================
[2026-09-15T11:08:35.746+0000] {manager.py:878} INFO - 
================================================================================
DAG File Processing Stats

File Path                                   PID  Runtime      # DAGs    # Errors  Last Runtime    Last Run
----------------------------------------  -----  ---------  --------  ----------  --------------  -------------------
/opt/airflow/dags/tender_pipeline_dag.py    479  0.00s             0           1  0.07s           2026-09-15T11:08:05
================================================================================
[2026-09-15T11:08:53.864+0000] {manager.py:737} INFO - Searching for files in /opt/airflow/dags
[2026-09-15T11:08:53.883+0000] {manager.py:740} INFO - There are 1 files in /opt/airflow/dags
[2026-09-15T11:09:05.975+0000] {manager.py:878} INFO - 
================================================================================
DAG File Processing Stats

File Path                                   PID  Runtime      # DAGs    # Errors  Last Runtime    Last Run
----------------------------------------  -----  ---------  --------  ----------  --------------  -------------------
/opt/airflow/dags/tender_pipeline_dag.py    484  0.00s             0           1  0.06s           2026-09-15T11:08:35
================================================================================
[2026-09-15T11:09:36.175+0000] {manager.py:878} INFO - 
================================================================================
DAG File Processing Stats

File Path                                   PID  Runtime      # DAGs    # Errors  Last Runtime    Last Run
----------------------------------------  -----  ---------  --------  ----------  --------------  -------------------
/opt/airflow/dags/tender_pipeline_dag.py    489  0.00s             0           1  0.11s           2026-09-15T11:09:06
================================================================================
[2026-09-15T11:10:06.420+0000] {manager.py:878} INFO - 
================================================================================
DAG File Processing Stats

File Path                                   PID  Runtime      # DAGs    # Errors  Last Runtime    Last Run
----------------------------------------  -----  ---------  --------  ----------  --------------  -------------------
/opt/airflow/dags/tender_pipeline_dag.py    494  0.01s             0           1  0.07s           2026-09-15T11:09:36
================================================================================
[2026-09-15T11:10:36.611+0000] {manager.py:878} INFO - 
================================================================================
DAG File Processing Stats

File Path                                   PID  Runtime      # DAGs    # Errors  Last Runtime    Last Run
----------------------------------------  -----  ---------  --------  ----------  --------------  -------------------
/opt/airflow/dags/tender_pipeline_dag.py    499  0.00s             0           1  0.11s           2026-09-15T11:10:06
================================================================================
[2026-09-15T11:11:06.878+0000] {manager.py:878} INFO - 
================================================================================
DAG File Processing Stats

File Path                                   PID  Runtime      # DAGs    # Errors  Last Runtime    Last Run
----------------------------------------  -----  ---------  --------  ----------  --------------  -------------------
/opt/airflow/dags/tender_pipeline_dag.py    504  0.00s             0           1  0.13s           2026-09-15T11:10:36
================================================================================
[2026-09-15T11:11:37.094+0000] {manager.py:878} INFO - 
================================================================================
DAG File Processing Stats

File Path                                   PID  Runtime      # DAGs    # Errors  Last Runtime    Last Run
----------------------------------------  -----  ---------  --------  ----------  --------------  -------------------
/opt/airflow/dags/tender_pipeline_dag.py    509  0.00s             0           1  0.11s           2026-09-15T11:11:06
================================================================================
[2026-09-15T11:12:07.309+0000] {manager.py:878} INFO - 
================================================================================
DAG File Processing Stats

File Path                                 PID    Runtime      # DAGs    # Errors  Last Runtime    Last Run
----------------------------------------  -----  ---------  --------  ----------  --------------  -------------------
/opt/airflow/dags/tender_pipeline_dag.py                           1           0  0.65s           2026-09-15T11:12:04
================================================================================
[2026-09-15T11:12:38.131+0000] {manager.py:878} INFO - 
================================================================================
DAG File Processing Stats

File Path                                 PID    Runtime      # DAGs    # Errors  Last Runtime    Last Run
----------------------------------------  -----  ---------  --------  ----------  --------------  -------------------
/opt/airflow/dags/tender_pipeline_dag.py                           1           0  0.12s           2026-09-15T11:12:35
================================================================================
[2026-09-15T11:13:08.406+0000] {manager.py:878} INFO - 
================================================================================
DAG File Processing Stats

File Path                                 PID    Runtime      # DAGs    # Errors  Last Runtime    Last Run
----------------------------------------  -----  ---------  --------  ----------  --------------  -------------------
/opt/airflow/dags/tender_pipeline_dag.py                           1           0  0.21s           2026-09-15T11:13:05
================================================================================
[2026-09-15T11:13:38.627+0000] {manager.py:878} INFO - 
================================================================================
DAG File Processing Stats

File Path                                 PID    Runtime      # DAGs    # Errors  Last Runtime    Last Run
----------------------------------------  -----  ---------  --------  ----------  --------------  -------------------
/opt/airflow/dags/tender_pipeline_dag.py                           1           0  0.11s           2026-09-15T11:13:35
================================================================================
[2026-09-15T11:13:54.725+0000] {manager.py:737} INFO - Searching for files in /opt/airflow/dags
[2026-09-15T11:13:54.829+0000] {manager.py:740} INFO - There are 1 files in /opt/airflow/dags
[2026-09-15T11:14:08.945+0000] {manager.py:878} INFO - 
================================================================================
DAG File Processing Stats

File Path                                 PID    Runtime      # DAGs    # Errors  Last Runtime    Last Run
----------------------------------------  -----  ---------  --------  ----------  --------------  -------------------
/opt/airflow/dags/tender_pipeline_dag.py                           1           0  0.10s           2026-09-15T11:14:06
================================================================================
[2026-09-15T11:14:39.172+0000] {manager.py:878} INFO - 
================================================================================
DAG File Processing Stats

File Path                                 PID    Runtime      # DAGs    # Errors  Last Runtime    Last Run
----------------------------------------  -----  ---------  --------  ----------  --------------  -------------------
/opt/airflow/dags/tender_pipeline_dag.py                           1           0  0.12s           2026-09-15T11:14:36
================================================================================
[2026-09-15T11:15:09.382+0000] {manager.py:878} INFO - 
================================================================================
DAG File Processing Stats

File Path                                 PID    Runtime      # DAGs    # Errors  Last Runtime    Last Run
----------------------------------------  -----  ---------  --------  ----------  --------------  -------------------
/opt/airflow/dags/tender_pipeline_dag.py                           1           0  0.10s           2026-09-15T11:15:06
================================================================================
[2026-09-15T11:15:39.582+0000] {manager.py:878} INFO - 
================================================================================
DAG File Processing Stats

File Path                                 PID    Runtime      # DAGs    # Errors  Last Runtime    Last Run
----------------------------------------  -----  ---------  --------  ----------  --------------  -------------------
/opt/airflow/dags/tender_pipeline_dag.py                           1           0  0.11s           2026-09-15T11:15:36
================================================================================
[2026-09-15T11:16:09.821+0000] {manager.py:878} INFO - 
================================================================================
DAG File Processing Stats

File Path                                 PID    Runtime      # DAGs    # Errors  Last Runtime    Last Run
----------------------------------------  -----  ---------  --------  ----------  --------------  -------------------
/opt/airflow/dags/tender_pipeline_dag.py                           1           0  0.20s           2026-09-15T11:16:06
================================================================================
[2026-09-15T11:16:40.148+0000] {manager.py:878} INFO - 
================================================================================
DAG File Processing Stats

File Path                                 PID    Runtime      # DAGs    # Errors  Last Runtime    Last Run
----------------------------------------  -----  ---------  --------  ----------  --------------  -------------------
/opt/airflow/dags/tender_pipeline_dag.py                           1           0  0.10s           2026-09-15T11:16:37
================================================================================
[2026-09-15T11:17:10.386+0000] {manager.py:878} INFO - 
================================================================================
DAG File Processing Stats

File Path                                 PID    Runtime      # DAGs    # Errors  Last Runtime    Last Run
----------------------------------------  -----  ---------  --------  ----------  --------------  -------------------
/opt/airflow/dags/tender_pipeline_dag.py                           1           0  0.09s           2026-09-15T11:17:07
================================================================================
[2026-09-15T11:17:40.571+0000] {manager.py:878} INFO - 
================================================================================
DAG File Processing Stats

File Path                                 PID    Runtime      # DAGs    # Errors  Last Runtime    Last Run
----------------------------------------  -----  ---------  --------  ----------  --------------  -------------------
/opt/airflow/dags/tender_pipeline_dag.py                           1           0  0.09s           2026-09-15T11:17:37
================================================================================
[2026-09-15T11:18:10.805+0000] {manager.py:878} INFO - 
================================================================================
DAG File Processing Stats

File Path                                 PID    Runtime      # DAGs    # Errors  Last Runtime    Last Run
----------------------------------------  -----  ---------  --------  ----------  --------------  -------------------
/opt/airflow/dags/tender_pipeline_dag.py                           1           0  0.09s           2026-09-15T11:18:07
================================================================================
[2026-09-15T11:18:40.988+0000] {manager.py:878} INFO - 
================================================================================
DAG File Processing Stats

File Path                                 PID    Runtime      # DAGs    # Errors  Last Runtime    Last Run
----------------------------------------  -----  ---------  --------  ----------  --------------  -------------------
/opt/airflow/dags/tender_pipeline_dag.py                           1           0  0.09s           2026-09-15T11:18:38
================================================================================
[2026-09-15T11:18:55.057+0000] {manager.py:737} INFO - Searching for files in /opt/airflow/dags
[2026-09-15T11:18:55.071+0000] {manager.py:740} INFO - There are 1 files in /opt/airflow/dags
[2026-09-15T11:19:11.224+0000] {manager.py:878} INFO - 
================================================================================
DAG File Processing Stats

File Path                                 PID    Runtime      # DAGs    # Errors  Last Runtime    Last Run
----------------------------------------  -----  ---------  --------  ----------  --------------  -------------------
/opt/airflow/dags/tender_pipeline_dag.py                           1           0  0.17s           2026-09-15T11:19:08
================================================================================
[2026-09-15T11:19:41.531+0000] {manager.py:878} INFO - 
================================================================================
DAG File Processing Stats

File Path                                 PID    Runtime      # DAGs    # Errors  Last Runtime    Last Run
----------------------------------------  -----  ---------  --------  ----------  --------------  -------------------
/opt/airflow/dags/tender_pipeline_dag.py                           1           0  0.12s           2026-09-15T11:19:38
================================================================================
[2026-09-15T11:20:11.704+0000] {manager.py:878} INFO - 
================================================================================
DAG File Processing Stats

File Path                                 PID    Runtime      # DAGs    # Errors  Last Runtime    Last Run
----------------------------------------  -----  ---------  --------  ----------  --------------  -------------------
/opt/airflow/dags/tender_pipeline_dag.py                           1           0  0.10s           2026-09-15T11:20:08
================================================================================
[2026-09-15T11:20:41.997+0000] {manager.py:878} INFO - 
================================================================================
DAG File Processing Stats

File Path                                 PID    Runtime      # DAGs    # Errors  Last Runtime    Last Run
----------------------------------------  -----  ---------  --------  ----------  --------------  -------------------
/opt/airflow/dags/tender_pipeline_dag.py                           1           0  0.31s           2026-09-15T11:20:39
================================================================================
[2026-09-15T11:21:12.400+0000] {manager.py:878} INFO - 
================================================================================
DAG File Processing Stats

File Path                                 PID    Runtime      # DAGs    # Errors  Last Runtime    Last Run
----------------------------------------  -----  ---------  --------  ----------  --------------  -------------------
/opt/airflow/dags/tender_pipeline_dag.py                           1           0  0.09s           2026-09-15T11:21:09
================================================================================
[2026-09-15T11:21:42.641+0000] {manager.py:878} INFO - 
================================================================================
DAG File Processing Stats

File Path                                 PID    Runtime      # DAGs    # Errors  Last Runtime    Last Run
----------------------------------------  -----  ---------  --------  ----------  --------------  -------------------
/opt/airflow/dags/tender_pipeline_dag.py                           1           0  0.14s           2026-09-15T11:21:39
================================================================================
[2026-09-15T11:22:12.910+0000] {manager.py:878} INFO - 
================================================================================
DAG File Processing Stats

File Path                                 PID    Runtime      # DAGs    # Errors  Last Runtime    Last Run
----------------------------------------  -----  ---------  --------  ----------  --------------  -------------------
/opt/airflow/dags/tender_pipeline_dag.py                           1           0  0.09s           2026-09-15T11:22:09
================================================================================
[2026-09-15T11:22:43.109+0000] {manager.py:878} INFO - 
================================================================================
DAG File Processing Stats

File Path                                 PID    Runtime      # DAGs    # Errors  Last Runtime    Last Run
----------------------------------------  -----  ---------  --------  ----------  --------------  -------------------
/opt/airflow/dags/tender_pipeline_dag.py                           1           0  0.14s           2026-09-15T11:22:40
================================================================================
[2026-09-15T11:23:13.287+0000] {manager.py:878} INFO - 
================================================================================
DAG File Processing Stats

File Path                                 PID    Runtime      # DAGs    # Errors  Last Runtime    Last Run
----------------------------------------  -----  ---------  --------  ----------  --------------  -------------------
/opt/airflow/dags/tender_pipeline_dag.py                           1           0  0.09s           2026-09-15T11:23:10
================================================================================
[2026-09-15T11:23:43.528+0000] {manager.py:878} INFO - 
================================================================================
DAG File Processing Stats

File Path                                 PID    Runtime      # DAGs    # Errors  Last Runtime    Last Run
----------------------------------------  -----  ---------  --------  ----------  --------------  -------------------
/opt/airflow/dags/tender_pipeline_dag.py                           1           0  0.17s           2026-09-15T11:23:40
================================================================================
[2026-09-15T11:23:55.625+0000] {manager.py:737} INFO - Searching for files in /opt/airflow/dags
[2026-09-15T11:23:55.663+0000] {manager.py:740} INFO - There are 1 files in /opt/airflow/dags
[2026-09-15T11:24:13.821+0000] {manager.py:878} INFO - 
================================================================================
DAG File Processing Stats

File Path                                 PID    Runtime      # DAGs    # Errors  Last Runtime    Last Run
----------------------------------------  -----  ---------  --------  ----------  --------------  -------------------
/opt/airflow/dags/tender_pipeline_dag.py                           1           0  0.12s           2026-09-15T11:24:10
================================================================================
[2026-09-15T11:24:44.111+0000] {manager.py:878} INFO - 
================================================================================
DAG File Processing Stats

File Path                                 PID    Runtime      # DAGs    # Errors  Last Runtime    Last Run
----------------------------------------  -----  ---------  --------  ----------  --------------  -------------------
/opt/airflow/dags/tender_pipeline_dag.py                           1           0  0.12s           2026-09-15T11:24:41
================================================================================
[2026-09-15T11:25:14.365+0000] {manager.py:878} INFO - 
================================================================================
DAG File Processing Stats

File Path                                 PID    Runtime      # DAGs    # Errors  Last Runtime    Last Run
----------------------------------------  -----  ---------  --------  ----------  --------------  -------------------
/opt/airflow/dags/tender_pipeline_dag.py                           1           0  0.10s           2026-09-15T11:25:11
================================================================================
[2026-09-15T11:25:44.645+0000] {manager.py:878} INFO - 
================================================================================
DAG File Processing Stats

File Path                                 PID    Runtime      # DAGs    # Errors  Last Runtime    Last Run
----------------------------------------  -----  ---------  --------  ----------  --------------  -------------------
/opt/airflow/dags/tender_pipeline_dag.py                           1           0  0.08s           2026-09-15T11:25:41
================================================================================
[2026-09-15T11:26:14.927+0000] {manager.py:878} INFO - 
================================================================================
DAG File Processing Stats

File Path                                 PID    Runtime      # DAGs    # Errors  Last Runtime    Last Run
----------------------------------------  -----  ---------  --------  ----------  --------------  -------------------
/opt/airflow/dags/tender_pipeline_dag.py                           1           0  0.09s           2026-09-15T11:26:11
================================================================================
[2026-09-15T11:26:45.219+0000] {manager.py:878} INFO - 
================================================================================
DAG File Processing Stats

File Path                                 PID    Runtime      # DAGs    # Errors  Last Runtime    Last Run
----------------------------------------  -----  ---------  --------  ----------  --------------  -------------------
/opt/airflow/dags/tender_pipeline_dag.py                           1           0  0.09s           2026-09-15T11:26:42
================================================================================
[2026-09-15T11:27:15.488+0000] {manager.py:878} INFO - 
================================================================================
DAG File Processing Stats

File Path                                 PID    Runtime      # DAGs    # Errors  Last Runtime    Last Run
----------------------------------------  -----  ---------  --------  ----------  --------------  -------------------
/opt/airflow/dags/tender_pipeline_dag.py                           1           0  0.17s           2026-09-15T11:27:12
================================================================================
[2026-09-15T11:27:45.711+0000] {manager.py:878} INFO - 
================================================================================
DAG File Processing Stats

File Path                                 PID    Runtime      # DAGs    # Errors  Last Runtime    Last Run
----------------------------------------  -----  ---------  --------  ----------  --------------  -------------------
/opt/airflow/dags/tender_pipeline_dag.py                           1           0  0.08s           2026-09-15T11:27:42
================================================================================
[2026-09-15T11:28:16.032+0000] {manager.py:878} INFO - 
================================================================================
DAG File Processing Stats

File Path                                 PID    Runtime      # DAGs    # Errors  Last Runtime    Last Run
----------------------------------------  -----  ---------  --------  ----------  --------------  -------------------
/opt/airflow/dags/tender_pipeline_dag.py                           1           0  0.27s           2026-09-15T11:28:13
================================================================================
[2026-09-15T11:28:46.487+0000] {manager.py:878} INFO - 
================================================================================
DAG File Processing Stats

File Path                                 PID    Runtime      # DAGs    # Errors  Last Runtime    Last Run
----------------------------------------  -----  ---------  --------  ----------  --------------  -------------------
/opt/airflow/dags/tender_pipeline_dag.py                           1           0  0.09s           2026-09-15T11:28:43
================================================================================
[2026-09-15T11:28:55.634+0000] {manager.py:737} INFO - Searching for files in /opt/airflow/dags
[2026-09-15T11:28:55.769+0000] {manager.py:740} INFO - There are 1 files in /opt/airflow/dags
[2026-09-15T11:29:16.761+0000] {manager.py:878} INFO - 
================================================================================
DAG File Processing Stats

File Path                                 PID    Runtime      # DAGs    # Errors  Last Runtime    Last Run
----------------------------------------  -----  ---------  --------  ----------  --------------  -------------------
/opt/airflow/dags/tender_pipeline_dag.py                           1           0  0.15s           2026-09-15T11:29:13
================================================================================
[2026-09-15T11:29:47.003+0000] {manager.py:878} INFO - 
================================================================================
DAG File Processing Stats

File Path                                 PID    Runtime      # DAGs    # Errors  Last Runtime    Last Run
----------------------------------------  -----  ---------  --------  ----------  --------------  -------------------
/opt/airflow/dags/tender_pipeline_dag.py                           1           0  0.09s           2026-09-15T11:29:44
================================================================================
[2026-09-15T11:30:17.312+0000] {manager.py:878} INFO - 
================================================================================
DAG File Processing Stats

File Path                                 PID    Runtime      # DAGs    # Errors  Last Runtime    Last Run
----------------------------------------  -----  ---------  --------  ----------  --------------  -------------------
/opt/airflow/dags/tender_pipeline_dag.py                           1           0  0.10s           2026-09-15T11:30:14
================================================================================
[2026-09-15T11:30:47.564+0000] {manager.py:878} INFO - 
================================================================================
DAG File Processing Stats

File Path                                 PID    Runtime      # DAGs    # Errors  Last Runtime    Last Run
----------------------------------------  -----  ---------  --------  ----------  --------------  -------------------
/opt/airflow/dags/tender_pipeline_dag.py                           1           0  0.10s           2026-09-15T11:30:44
================================================================================
[2026-09-15T11:31:17.859+0000] {manager.py:878} INFO - 
================================================================================
DAG File Processing Stats

File Path                                 PID    Runtime      # DAGs    # Errors  Last Runtime    Last Run
----------------------------------------  -----  ---------  --------  ----------  --------------  -------------------
/opt/airflow/dags/tender_pipeline_dag.py                           1           0  0.09s           2026-09-15T11:31:14
================================================================================
[2026-09-15T11:31:48.148+0000] {manager.py:878} INFO - 
================================================================================
DAG File Processing Stats

File Path                                 PID    Runtime      # DAGs    # Errors  Last Runtime    Last Run
----------------------------------------  -----  ---------  --------  ----------  --------------  -------------------
/opt/airflow/dags/tender_pipeline_dag.py                           1           0  0.09s           2026-09-15T11:31:45
================================================================================
[2026-09-15T11:32:18.463+0000] {manager.py:878} INFO - 
================================================================================
DAG File Processing Stats

File Path                                 PID    Runtime      # DAGs    # Errors  Last Runtime    Last Run
----------------------------------------  -----  ---------  --------  ----------  --------------  -------------------
/opt/airflow/dags/tender_pipeline_dag.py                           1           0  0.09s           2026-09-15T11:32:15
================================================================================
[2026-09-15T11:32:48.733+0000] {manager.py:878} INFO - 
================================================================================
DAG File Processing Stats

File Path                                 PID    Runtime      # DAGs    # Errors  Last Runtime    Last Run
----------------------------------------  -----  ---------  --------  ----------  --------------  -------------------
/opt/airflow/dags/tender_pipeline_dag.py                           1           0  0.09s           2026-09-15T11:32:45
================================================================================
[2026-09-15T11:33:19.080+0000] {manager.py:878} INFO - 
================================================================================
DAG File Processing Stats

File Path                                 PID    Runtime      # DAGs    # Errors  Last Runtime    Last Run
----------------------------------------  -----  ---------  --------  ----------  --------------  -------------------
/opt/airflow/dags/tender_pipeline_dag.py                           1           0  0.11s           2026-09-15T11:33:16
================================================================================
[2026-09-15T11:33:49.359+0000] {manager.py:878} INFO - 
================================================================================
DAG File Processing Stats

File Path                                 PID    Runtime      # DAGs    # Errors  Last Runtime    Last Run
----------------------------------------  -----  ---------  --------  ----------  --------------  -------------------
/opt/airflow/dags/tender_pipeline_dag.py                           1           0  0.19s           2026-09-15T11:33:46
================================================================================
[2026-09-15T11:33:56.402+0000] {manager.py:737} INFO - Searching for files in /opt/airflow/dags
[2026-09-15T11:33:56.450+0000] {manager.py:740} INFO - There are 1 files in /opt/airflow/dags
[2026-09-15T11:34:19.635+0000] {manager.py:878} INFO - 
================================================================================
DAG File Processing Stats

File Path                                 PID    Runtime      # DAGs    # Errors  Last Runtime    Last Run
----------------------------------------  -----  ---------  --------  ----------  --------------  -------------------
/opt/airflow/dags/tender_pipeline_dag.py                           1           0  0.09s           2026-09-15T11:34:16
================================================================================
[2026-09-15T11:34:49.936+0000] {manager.py:878} INFO - 
================================================================================
DAG File Processing Stats

File Path                                 PID    Runtime      # DAGs    # Errors  Last Runtime    Last Run
----------------------------------------  -----  ---------  --------  ----------  --------------  -------------------
/opt/airflow/dags/tender_pipeline_dag.py                           1           0  0.09s           2026-09-15T11:34:46
================================================================================
[2026-09-15T11:35:20.223+0000] {manager.py:878} INFO - 
================================================================================
DAG File Processing Stats

File Path                                 PID    Runtime      # DAGs    # Errors  Last Runtime    Last Run
----------------------------------------  -----  ---------  --------  ----------  --------------  -------------------
/opt/airflow/dags/tender_pipeline_dag.py                           1           0  0.08s           2026-09-15T11:35:17
================================================================================
[2026-09-15T11:35:50.469+0000] {manager.py:878} INFO - 
================================================================================
DAG File Processing Stats

File Path                                 PID    Runtime      # DAGs    # Errors  Last Runtime    Last Run
----------------------------------------  -----  ---------  --------  ----------  --------------  -------------------
/opt/airflow/dags/tender_pipeline_dag.py                           1           0  0.09s           2026-09-15T11:35:47
================================================================================
[2026-09-15T11:36:20.784+0000] {manager.py:878} INFO - 
================================================================================
DAG File Processing Stats

File Path                                 PID    Runtime      # DAGs    # Errors  Last Runtime    Last Run
----------------------------------------  -----  ---------  --------  ----------  --------------  -------------------
/opt/airflow/dags/tender_pipeline_dag.py                           1           0  0.13s           2026-09-15T11:36:17
================================================================================
[2026-09-15T11:36:51.020+0000] {manager.py:878} INFO - 
================================================================================
DAG File Processing Stats

File Path                                 PID    Runtime      # DAGs    # Errors  Last Runtime    Last Run
----------------------------------------  -----  ---------  --------  ----------  --------------  -------------------
/opt/airflow/dags/tender_pipeline_dag.py                           1           0  0.09s           2026-09-15T11:36:48
================================================================================
[2026-09-15T11:37:21.349+0000] {manager.py:878} INFO - 
================================================================================
DAG File Processing Stats

File Path                                 PID    Runtime      # DAGs    # Errors  Last Runtime    Last Run
----------------------------------------  -----  ---------  --------  ----------  --------------  -------------------
/opt/airflow/dags/tender_pipeline_dag.py                           1           0  0.09s           2026-09-15T11:37:18
================================================================================
[2026-09-15T11:37:51.642+0000] {manager.py:878} INFO - 
================================================================================
DAG File Processing Stats

File Path                                 PID    Runtime      # DAGs    # Errors  Last Runtime    Last Run
----------------------------------------  -----  ---------  --------  ----------  --------------  -------------------
/opt/airflow/dags/tender_pipeline_dag.py                           1           0  0.10s           2026-09-15T11:37:48
================================================================================
[2026-09-15T11:38:21.939+0000] {manager.py:878} INFO - 
================================================================================
DAG File Processing Stats

File Path                                 PID    Runtime      # DAGs    # Errors  Last Runtime    Last Run
----------------------------------------  -----  ---------  --------  ----------  --------------  -------------------
/opt/airflow/dags/tender_pipeline_dag.py                           1           0  0.09s           2026-09-15T11:38:18
================================================================================
[2026-09-15T11:38:52.206+0000] {manager.py:878} INFO - 
================================================================================
DAG File Processing Stats

File Path                                 PID    Runtime      # DAGs    # Errors  Last Runtime    Last Run
----------------------------------------  -----  ---------  --------  ----------  --------------  -------------------
/opt/airflow/dags/tender_pipeline_dag.py                           1           0  0.15s           2026-09-15T11:38:49
================================================================================
[2026-09-15T11:38:57.285+0000] {manager.py:737} INFO - Searching for files in /opt/airflow/dags
[2026-09-15T11:38:57.308+0000] {manager.py:740} INFO - There are 1 files in /opt/airflow/dags
[2026-09-15T11:39:22.581+0000] {manager.py:878} INFO - 
================================================================================
DAG File Processing Stats

File Path                                 PID    Runtime      # DAGs    # Errors  Last Runtime    Last Run
----------------------------------------  -----  ---------  --------  ----------  --------------  -------------------
/opt/airflow/dags/tender_pipeline_dag.py                           1           0  0.20s           2026-09-15T11:39:19
================================================================================
[2026-09-15T11:39:52.845+0000] {manager.py:878} INFO - 
================================================================================
DAG File Processing Stats

File Path                                 PID    Runtime      # DAGs    # Errors  Last Runtime    Last Run
----------------------------------------  -----  ---------  --------  ----------  --------------  -------------------
/opt/airflow/dags/tender_pipeline_dag.py                           1           0  0.10s           2026-09-15T11:39:49
================================================================================
[2026-09-15T11:40:23.142+0000] {manager.py:878} INFO - 
================================================================================
DAG File Processing Stats

File Path                                 PID    Runtime      # DAGs    # Errors  Last Runtime    Last Run
----------------------------------------  -----  ---------  --------  ----------  --------------  -------------------
/opt/airflow/dags/tender_pipeline_dag.py                           1           0  0.09s           2026-09-15T11:40:20
================================================================================
[2026-09-15T11:40:53.444+0000] {manager.py:878} INFO - 
================================================================================
DAG File Processing Stats

File Path                                 PID    Runtime      # DAGs    # Errors  Last Runtime    Last Run
----------------------------------------  -----  ---------  --------  ----------  --------------  -------------------
/opt/airflow/dags/tender_pipeline_dag.py                           1           0  0.11s           2026-09-15T11:40:50
================================================================================
[2026-09-15T11:41:19.933+0000] {manager.py:878} INFO - 
================================================================================
DAG File Processing Stats

File Path                                 PID    Runtime      # DAGs    # Errors  Last Runtime    Last Run
----------------------------------------  -----  ---------  --------  ----------  --------------  -------------------
/opt/airflow/dags/tender_pipeline_dag.py                           1           0  0.11s           2026-09-15T11:40:50
================================================================================
[2026-09-15T11:41:50.214+0000] {manager.py:878} INFO - 
================================================================================
DAG File Processing Stats

File Path                                 PID    Runtime      # DAGs    # Errors  Last Runtime    Last Run
----------------------------------------  -----  ---------  --------  ----------  --------------  -------------------
/opt/airflow/dags/tender_pipeline_dag.py                           1           0  0.11s           2026-09-15T11:41:21
================================================================================
[2026-09-15T11:42:20.481+0000] {manager.py:878} INFO - 
================================================================================
DAG File Processing Stats

File Path                                 PID    Runtime      # DAGs    # Errors  Last Runtime    Last Run
----------------------------------------  -----  ---------  --------  ----------  --------------  -------------------
/opt/airflow/dags/tender_pipeline_dag.py                           1           0  0.11s           2026-09-15T11:41:51
================================================================================
[2026-09-15T11:42:50.803+0000] {manager.py:878} INFO - 
================================================================================
DAG File Processing Stats

File Path                                 PID    Runtime      # DAGs    # Errors  Last Runtime    Last Run
----------------------------------------  -----  ---------  --------  ----------  --------------  -------------------
/opt/airflow/dags/tender_pipeline_dag.py                           1           0  0.10s           2026-09-15T11:42:21
================================================================================
[2026-09-15T11:43:21.034+0000] {manager.py:878} INFO - 
================================================================================
DAG File Processing Stats

File Path                                 PID    Runtime      # DAGs    # Errors  Last Runtime    Last Run
----------------------------------------  -----  ---------  --------  ----------  --------------  -------------------
/opt/airflow/dags/tender_pipeline_dag.py                           1           0  0.09s           2026-09-15T11:42:51
================================================================================
[2026-09-15T11:43:51.405+0000] {manager.py:878} INFO - 
================================================================================
DAG File Processing Stats

File Path                                 PID    Runtime      # DAGs    # Errors  Last Runtime    Last Run
----------------------------------------  -----  ---------  --------  ----------  --------------  -------------------
/opt/airflow/dags/tender_pipeline_dag.py                           1           0  0.09s           2026-09-15T11:43:22
================================================================================
[2026-09-15T11:43:57.536+0000] {manager.py:737} INFO - Searching for files in /opt/airflow/dags
[2026-09-15T11:43:57.552+0000] {manager.py:740} INFO - There are 1 files in /opt/airflow/dags
[2026-09-15T11:44:21.770+0000] {manager.py:878} INFO - 
================================================================================
DAG File Processing Stats

File Path                                 PID    Runtime      # DAGs    # Errors  Last Runtime    Last Run
----------------------------------------  -----  ---------  --------  ----------  --------------  -------------------
/opt/airflow/dags/tender_pipeline_dag.py                           1           0  0.14s           2026-09-15T11:43:52
================================================================================
[2026-09-15T11:44:52.017+0000] {manager.py:878} INFO - 
================================================================================
DAG File Processing Stats

File Path                                 PID    Runtime      # DAGs    # Errors  Last Runtime    Last Run
----------------------------------------  -----  ---------  --------  ----------  --------------  -------------------
/opt/airflow/dags/tender_pipeline_dag.py                           1           0  0.10s           2026-09-15T11:44:22
================================================================================
[2026-09-15T11:45:22.325+0000] {manager.py:878} INFO - 
================================================================================
DAG File Processing Stats

File Path                                 PID    Runtime      # DAGs    # Errors  Last Runtime    Last Run
----------------------------------------  -----  ---------  --------  ----------  --------------  -------------------
/opt/airflow/dags/tender_pipeline_dag.py                           1           0  0.11s           2026-09-15T11:44:53
================================================================================
[2026-09-15T11:45:52.543+0000] {manager.py:878} INFO - 
================================================================================
DAG File Processing Stats

File Path                                 PID    Runtime      # DAGs    # Errors  Last Runtime    Last Run
----------------------------------------  -----  ---------  --------  ----------  --------------  -------------------
/opt/airflow/dags/tender_pipeline_dag.py                           1           0  0.10s           2026-09-15T11:45:23
================================================================================
[2026-09-15T11:46:22.789+0000] {manager.py:878} INFO - 
================================================================================
DAG File Processing Stats

File Path                                 PID    Runtime      # DAGs    # Errors  Last Runtime    Last Run
----------------------------------------  -----  ---------  --------  ----------  --------------  -------------------
/opt/airflow/dags/tender_pipeline_dag.py                           1           0  0.17s           2026-09-15T11:45:53
================================================================================
[2026-09-15T11:46:52.995+0000] {manager.py:878} INFO - 
================================================================================
DAG File Processing Stats

File Path                                 PID    Runtime      # DAGs    # Errors  Last Runtime    Last Run
----------------------------------------  -----  ---------  --------  ----------  --------------  -------------------
/opt/airflow/dags/tender_pipeline_dag.py                           1           0  0.10s           2026-09-15T11:46:23
================================================================================
[2026-09-15T11:47:23.249+0000] {manager.py:878} INFO - 
================================================================================
DAG File Processing Stats

File Path                                 PID    Runtime      # DAGs    # Errors  Last Runtime    Last Run
----------------------------------------  -----  ---------  --------  ----------  --------------  -------------------
/opt/airflow/dags/tender_pipeline_dag.py                           1           0  0.11s           2026-09-15T11:46:54
================================================================================
[2026-09-15T11:47:53.419+0000] {manager.py:878} INFO - 
================================================================================
DAG File Processing Stats

File Path                                 PID    Runtime      # DAGs    # Errors  Last Runtime    Last Run
----------------------------------------  -----  ---------  --------  ----------  --------------  -------------------
/opt/airflow/dags/tender_pipeline_dag.py                           1           0  0.09s           2026-09-15T11:47:24
================================================================================
[2026-09-15T11:48:23.635+0000] {manager.py:878} INFO - 
================================================================================
DAG File Processing Stats

File Path                                 PID    Runtime      # DAGs    # Errors  Last Runtime    Last Run
----------------------------------------  -----  ---------  --------  ----------  --------------  -------------------
/opt/airflow/dags/tender_pipeline_dag.py                           1           0  0.10s           2026-09-15T11:47:54
================================================================================
[2026-09-15T11:48:53.820+0000] {manager.py:878} INFO - 
================================================================================
DAG File Processing Stats

File Path                                 PID    Runtime      # DAGs    # Errors  Last Runtime    Last Run
----------------------------------------  -----  ---------  --------  ----------  --------------  -------------------
/opt/airflow/dags/tender_pipeline_dag.py                           1           0  0.10s           2026-09-15T11:48:24
================================================================================
[2026-09-15T11:48:57.915+0000] {manager.py:737} INFO - Searching for files in /opt/airflow/dags
[2026-09-15T11:48:57.941+0000] {manager.py:740} INFO - There are 1 files in /opt/airflow/dags
[2026-09-15T11:49:24.108+0000] {manager.py:878} INFO - 
================================================================================
DAG File Processing Stats

File Path                                 PID    Runtime      # DAGs    # Errors  Last Runtime    Last Run
----------------------------------------  -----  ---------  --------  ----------  --------------  -------------------
/opt/airflow/dags/tender_pipeline_dag.py                           1           0  0.11s           2026-09-15T11:48:54
================================================================================
[2026-09-15T11:49:54.292+0000] {manager.py:878} INFO - 
================================================================================
DAG File Processing Stats

File Path                                 PID    Runtime      # DAGs    # Errors  Last Runtime    Last Run
----------------------------------------  -----  ---------  --------  ----------  --------------  -------------------
/opt/airflow/dags/tender_pipeline_dag.py                           1           0  0.09s           2026-09-15T11:49:25
================================================================================
[2026-09-15T11:50:24.510+0000] {manager.py:878} INFO - 
================================================================================
DAG File Processing Stats

File Path                                 PID    Runtime      # DAGs    # Errors  Last Runtime    Last Run
----------------------------------------  -----  ---------  --------  ----------  --------------  -------------------
/opt/airflow/dags/tender_pipeline_dag.py                           1           0  0.09s           2026-09-15T11:49:55
================================================================================
[2026-09-15T11:50:54.707+0000] {manager.py:878} INFO - 
================================================================================
DAG File Processing Stats

File Path                                 PID    Runtime      # DAGs    # Errors  Last Runtime    Last Run
----------------------------------------  -----  ---------  --------  ----------  --------------  -------------------
/opt/airflow/dags/tender_pipeline_dag.py                           1           0  0.10s           2026-09-15T11:50:25
================================================================================
[2026-09-15T11:51:24.908+0000] {manager.py:878} INFO - 
================================================================================
DAG File Processing Stats

File Path                                 PID    Runtime      # DAGs    # Errors  Last Runtime    Last Run
----------------------------------------  -----  ---------  --------  ----------  --------------  -------------------
/opt/airflow/dags/tender_pipeline_dag.py                           1           0  0.10s           2026-09-15T11:50:55
================================================================================
[2026-09-15T11:51:55.186+0000] {manager.py:878} INFO - 
================================================================================
DAG File Processing Stats

File Path                                 PID    Runtime      # DAGs    # Errors  Last Runtime    Last Run
----------------------------------------  -----  ---------  --------  ----------  --------------  -------------------
/opt/airflow/dags/tender_pipeline_dag.py                           1           0  0.21s           2026-09-15T11:51:26
================================================================================
[2026-09-15T11:52:25.341+0000] {manager.py:878} INFO - 
================================================================================
DAG File Processing Stats

File Path                                 PID    Runtime      # DAGs    # Errors  Last Runtime    Last Run
----------------------------------------  -----  ---------  --------  ----------  --------------  -------------------
/opt/airflow/dags/tender_pipeline_dag.py                           1           0  0.11s           2026-09-15T11:51:56
================================================================================
[2026-09-15T11:52:55.613+0000] {manager.py:878} INFO - 
================================================================================
DAG File Processing Stats

File Path                                 PID    Runtime      # DAGs    # Errors  Last Runtime    Last Run
----------------------------------------  -----  ---------  --------  ----------  --------------  -------------------
/opt/airflow/dags/tender_pipeline_dag.py                           1           0  0.11s           2026-09-15T11:52:26
================================================================================
[2026-09-15T11:53:25.839+0000] {manager.py:878} INFO - 
================================================================================
DAG File Processing Stats

File Path                                 PID    Runtime      # DAGs    # Errors  Last Runtime    Last Run
----------------------------------------  -----  ---------  --------  ----------  --------------  -------------------
/opt/airflow/dags/tender_pipeline_dag.py                           1           0  0.20s           2026-09-15T11:52:56
================================================================================
[2026-09-15T11:53:56.205+0000] {manager.py:878} INFO - 
================================================================================
DAG File Processing Stats

File Path                                 PID    Runtime      # DAGs    # Errors  Last Runtime    Last Run
----------------------------------------  -----  ---------  --------  ----------  --------------  -------------------
/opt/airflow/dags/tender_pipeline_dag.py                           1           0  0.09s           2026-09-15T11:53:27
================================================================================
[2026-09-15T11:53:58.294+0000] {manager.py:737} INFO - Searching for files in /opt/airflow/dags
[2026-09-15T11:53:58.313+0000] {manager.py:740} INFO - There are 1 files in /opt/airflow/dags
[2026-09-15T11:54:26.485+0000] {manager.py:878} INFO - 
================================================================================
DAG File Processing Stats

File Path                                 PID    Runtime      # DAGs    # Errors  Last Runtime    Last Run
----------------------------------------  -----  ---------  --------  ----------  --------------  -------------------
/opt/airflow/dags/tender_pipeline_dag.py                           1           0  0.10s           2026-09-15T11:53:57
================================================================================
[2026-09-15T11:54:56.685+0000] {manager.py:878} INFO - 
================================================================================
DAG File Processing Stats

File Path                                 PID    Runtime      # DAGs    # Errors  Last Runtime    Last Run
----------------------------------------  -----  ---------  --------  ----------  --------------  -------------------
/opt/airflow/dags/tender_pipeline_dag.py                           1           0  0.10s           2026-09-15T11:54:27
================================================================================
[2026-09-15T11:55:26.940+0000] {manager.py:878} INFO - 
================================================================================
DAG File Processing Stats

File Path                                 PID    Runtime      # DAGs    # Errors  Last Runtime    Last Run
----------------------------------------  -----  ---------  --------  ----------  --------------  -------------------
/opt/airflow/dags/tender_pipeline_dag.py                           1           0  0.12s           2026-09-15T11:54:57
================================================================================
[2026-09-15T11:55:57.176+0000] {manager.py:878} INFO - 
================================================================================
DAG File Processing Stats

File Path                                 PID    Runtime      # DAGs    # Errors  Last Runtime    Last Run
----------------------------------------  -----  ---------  --------  ----------  --------------  -------------------
/opt/airflow/dags/tender_pipeline_dag.py                           1           0  0.09s           2026-09-15T11:55:28
================================================================================
[2026-09-15T11:56:27.412+0000] {manager.py:878} INFO - 
================================================================================
DAG File Processing Stats

File Path                                 PID    Runtime      # DAGs    # Errors  Last Runtime    Last Run
----------------------------------------  -----  ---------  --------  ----------  --------------  -------------------
/opt/airflow/dags/tender_pipeline_dag.py                           1           0  0.09s           2026-09-15T11:55:58
================================================================================
[2026-09-15T11:56:57.587+0000] {manager.py:878} INFO - 
================================================================================
DAG File Processing Stats

File Path                                 PID    Runtime      # DAGs    # Errors  Last Runtime    Last Run
----------------------------------------  -----  ---------  --------  ----------  --------------  -------------------
/opt/airflow/dags/tender_pipeline_dag.py                           1           0  0.09s           2026-09-15T11:56:28
================================================================================
[2026-09-15T11:57:27.810+0000] {manager.py:878} INFO - 
================================================================================
DAG File Processing Stats

File Path                                 PID    Runtime      # DAGs    # Errors  Last Runtime    Last Run
----------------------------------------  -----  ---------  --------  ----------  --------------  -------------------
/opt/airflow/dags/tender_pipeline_dag.py                           1           0  0.23s           2026-09-15T11:56:58
================================================================================
[2026-09-15T11:57:58.212+0000] {manager.py:878} INFO - 
================================================================================
DAG File Processing Stats

File Path                                 PID    Runtime      # DAGs    # Errors  Last Runtime    Last Run
----------------------------------------  -----  ---------  --------  ----------  --------------  -------------------
/opt/airflow/dags/tender_pipeline_dag.py                           1           0  0.11s           2026-09-15T11:57:29
================================================================================
[2026-09-15T11:58:28.492+0000] {manager.py:878} INFO - 
================================================================================
DAG File Processing Stats

File Path                                 PID    Runtime      # DAGs    # Errors  Last Runtime    Last Run
----------------------------------------  -----  ---------  --------  ----------  --------------  -------------------
/opt/airflow/dags/tender_pipeline_dag.py                           1           0  0.09s           2026-09-15T11:57:59
================================================================================
[2026-09-15T11:58:58.659+0000] {manager.py:737} INFO - Searching for files in /opt/airflow/dags
[2026-09-15T11:58:58.674+0000] {manager.py:740} INFO - There are 1 files in /opt/airflow/dags
[2026-09-15T11:58:58.681+0000] {manager.py:878} INFO - 
================================================================================
DAG File Processing Stats

File Path                                 PID    Runtime      # DAGs    # Errors  Last Runtime    Last Run
----------------------------------------  -----  ---------  --------  ----------  --------------  -------------------
/opt/airflow/dags/tender_pipeline_dag.py                           1           0  0.09s           2026-09-15T11:58:29
================================================================================
[2026-09-15T11:59:28.944+0000] {manager.py:878} INFO - 
================================================================================
DAG File Processing Stats

File Path                                 PID    Runtime      # DAGs    # Errors  Last Runtime    Last Run
----------------------------------------  -----  ---------  --------  ----------  --------------  -------------------
/opt/airflow/dags/tender_pipeline_dag.py                           1           0  0.09s           2026-09-15T11:58:59
================================================================================
[2026-09-15T11:59:59.157+0000] {manager.py:878} INFO - 
================================================================================
DAG File Processing Stats

File Path                                 PID    Runtime      # DAGs    # Errors  Last Runtime    Last Run
----------------------------------------  -----  ---------  --------  ----------  --------------  -------------------
/opt/airflow/dags/tender_pipeline_dag.py                           1           0  0.13s           2026-09-15T11:59:30
================================================================================
[2026-09-15T12:00:29.420+0000] {manager.py:878} INFO - 
================================================================================
DAG File Processing Stats

File Path                                 PID    Runtime      # DAGs    # Errors  Last Runtime    Last Run
----------------------------------------  -----  ---------  --------  ----------  --------------  -------------------
/opt/airflow/dags/tender_pipeline_dag.py                           1           0  0.09s           2026-09-15T12:00:00
================================================================================
[2026-09-15T12:00:59.648+0000] {manager.py:878} INFO - 
================================================================================
DAG File Processing Stats

File Path                                 PID    Runtime      # DAGs    # Errors  Last Runtime    Last Run
----------------------------------------  -----  ---------  --------  ----------  --------------  -------------------
/opt/airflow/dags/tender_pipeline_dag.py                           1           0  0.13s           2026-09-15T12:00:30
================================================================================
[2026-09-15T12:01:29.934+0000] {manager.py:878} INFO - 
================================================================================
DAG File Processing Stats

File Path                                 PID    Runtime      # DAGs    # Errors  Last Runtime    Last Run
----------------------------------------  -----  ---------  --------  ----------  --------------  -------------------
/opt/airflow/dags/tender_pipeline_dag.py                           1           0  0.09s           2026-09-15T12:01:00
================================================================================
[2026-09-15T12:02:00.223+0000] {manager.py:878} INFO - 
================================================================================
DAG File Processing Stats

File Path                                 PID    Runtime      # DAGs    # Errors  Last Runtime    Last Run
----------------------------------------  -----  ---------  --------  ----------  --------------  -------------------
/opt/airflow/dags/tender_pipeline_dag.py                           1           0  0.17s           2026-09-15T12:01:31
================================================================================
[2026-09-15T12:02:30.418+0000] {manager.py:878} INFO - 
================================================================================
DAG File Processing Stats

File Path                                 PID    Runtime      # DAGs    # Errors  Last Runtime    Last Run
----------------------------------------  -----  ---------  --------  ----------  --------------  -------------------
/opt/airflow/dags/tender_pipeline_dag.py                           1           0  0.08s           2026-09-15T12:02:01
================================================================================
[2026-09-15T12:03:00.684+0000] {manager.py:878} INFO - 
================================================================================
DAG File Processing Stats

File Path                                 PID    Runtime      # DAGs    # Errors  Last Runtime    Last Run
----------------------------------------  -----  ---------  --------  ----------  --------------  -------------------
/opt/airflow/dags/tender_pipeline_dag.py                           1           0  0.20s           2026-09-15T12:02:31
================================================================================
[2026-09-15T12:03:30.906+0000] {manager.py:878} INFO - 
================================================================================
DAG File Processing Stats

File Path                                 PID    Runtime      # DAGs    # Errors  Last Runtime    Last Run
----------------------------------------  -----  ---------  --------  ----------  --------------  -------------------
/opt/airflow/dags/tender_pipeline_dag.py                           1           0  0.09s           2026-09-15T12:03:01
================================================================================
[2026-09-15T12:03:59.155+0000] {manager.py:737} INFO - Searching for files in /opt/airflow/dags
[2026-09-15T12:03:59.170+0000] {manager.py:740} INFO - There are 1 files in /opt/airflow/dags
[2026-09-15T12:04:01.186+0000] {manager.py:878} INFO - 
================================================================================
DAG File Processing Stats

File Path                                 PID    Runtime      # DAGs    # Errors  Last Runtime    Last Run
----------------------------------------  -----  ---------  --------  ----------  --------------  -------------------
/opt/airflow/dags/tender_pipeline_dag.py                           1           0  0.20s           2026-09-15T12:03:35
================================================================================
[2026-09-15T12:04:31.386+0000] {manager.py:878} INFO - 
================================================================================
DAG File Processing Stats

File Path                                 PID    Runtime      # DAGs    # Errors  Last Runtime    Last Run
----------------------------------------  -----  ---------  --------  ----------  --------------  -------------------
/opt/airflow/dags/tender_pipeline_dag.py                           1           0  0.12s           2026-09-15T12:04:05
================================================================================
[2026-09-15T12:05:01.654+0000] {manager.py:878} INFO - 
================================================================================
DAG File Processing Stats

File Path                                 PID    Runtime      # DAGs    # Errors  Last Runtime    Last Run
----------------------------------------  -----  ---------  --------  ----------  --------------  -------------------
/opt/airflow/dags/tender_pipeline_dag.py                           1           0  0.24s           2026-09-15T12:04:35
================================================================================
[2026-09-15T12:05:32.033+0000] {manager.py:878} INFO - 
================================================================================
DAG File Processing Stats

File Path                                 PID    Runtime      # DAGs    # Errors  Last Runtime    Last Run
----------------------------------------  -----  ---------  --------  ----------  --------------  -------------------
/opt/airflow/dags/tender_pipeline_dag.py                           1           0  0.09s           2026-09-15T12:05:05
================================================================================
[2026-09-15T12:06:02.215+0000] {manager.py:878} INFO - 
================================================================================
DAG File Processing Stats

File Path                                 PID    Runtime      # DAGs    # Errors  Last Runtime    Last Run
----------------------------------------  -----  ---------  --------  ----------  --------------  -------------------
/opt/airflow/dags/tender_pipeline_dag.py                           1           0  0.10s           2026-09-15T12:05:36
================================================================================
[2026-09-15T12:06:32.430+0000] {manager.py:878} INFO - 
================================================================================
DAG File Processing Stats

File Path                                 PID    Runtime      # DAGs    # Errors  Last Runtime    Last Run
----------------------------------------  -----  ---------  --------  ----------  --------------  -------------------
/opt/airflow/dags/tender_pipeline_dag.py                           1           0  0.10s           2026-09-15T12:06:06
================================================================================
[2026-09-15T12:07:02.662+0000] {manager.py:878} INFO - 
================================================================================
DAG File Processing Stats

File Path                                 PID    Runtime      # DAGs    # Errors  Last Runtime    Last Run
----------------------------------------  -----  ---------  --------  ----------  --------------  -------------------
/opt/airflow/dags/tender_pipeline_dag.py                           1           0  0.09s           2026-09-15T12:06:36
================================================================================
[2026-09-15T12:07:32.856+0000] {manager.py:878} INFO - 
================================================================================
DAG File Processing Stats

File Path                                 PID    Runtime      # DAGs    # Errors  Last Runtime    Last Run
----------------------------------------  -----  ---------  --------  ----------  --------------  -------------------
/opt/airflow/dags/tender_pipeline_dag.py                           1           0  0.09s           2026-09-15T12:07:06
================================================================================
[2026-09-15T12:08:03.105+0000] {manager.py:878} INFO - 
================================================================================
DAG File Processing Stats

File Path                                 PID    Runtime      # DAGs    # Errors  Last Runtime    Last Run
----------------------------------------  -----  ---------  --------  ----------  --------------  -------------------
/opt/airflow/dags/tender_pipeline_dag.py                           1           0  0.10s           2026-09-15T12:07:36
================================================================================
[2026-09-15T12:08:33.293+0000] {manager.py:878} INFO - 
================================================================================
DAG File Processing Stats

File Path                                 PID    Runtime      # DAGs    # Errors  Last Runtime    Last Run
----------------------------------------  -----  ---------  --------  ----------  --------------  -------------------
/opt/airflow/dags/tender_pipeline_dag.py                           1           0  0.10s           2026-09-15T12:08:07
================================================================================
[2026-09-15T12:08:59.496+0000] {manager.py:737} INFO - Searching for files in /opt/airflow/dags
[2026-09-15T12:08:59.510+0000] {manager.py:740} INFO - There are 1 files in /opt/airflow/dags
[2026-09-15T12:09:03.542+0000] {manager.py:878} INFO - 
================================================================================
DAG File Processing Stats

File Path                                 PID    Runtime      # DAGs    # Errors  Last Runtime    Last Run
----------------------------------------  -----  ---------  --------  ----------  --------------  -------------------
/opt/airflow/dags/tender_pipeline_dag.py                           1           0  0.09s           2026-09-15T12:08:37
================================================================================
[2026-09-15T12:09:33.771+0000] {manager.py:878} INFO - 
================================================================================
DAG File Processing Stats

File Path                                 PID    Runtime      # DAGs    # Errors  Last Runtime    Last Run
----------------------------------------  -----  ---------  --------  ----------  --------------  -------------------
/opt/airflow/dags/tender_pipeline_dag.py                           1           0  0.14s           2026-09-15T12:09:07
================================================================================
[2026-09-15T12:10:04.025+0000] {manager.py:878} INFO - 
================================================================================
DAG File Processing Stats

File Path                                 PID    Runtime      # DAGs    # Errors  Last Runtime    Last Run
----------------------------------------  -----  ---------  --------  ----------  --------------  -------------------
/opt/airflow/dags/tender_pipeline_dag.py                           1           0  0.10s           2026-09-15T12:09:37
================================================================================
[2026-09-15T12:10:34.210+0000] {manager.py:878} INFO - 
================================================================================
DAG File Processing Stats

File Path                                 PID    Runtime      # DAGs    # Errors  Last Runtime    Last Run
----------------------------------------  -----  ---------  --------  ----------  --------------  -------------------
/opt/airflow/dags/tender_pipeline_dag.py                           1           0  0.10s           2026-09-15T12:10:08
================================================================================
[2026-09-15T12:11:04.455+0000] {manager.py:878} INFO - 
================================================================================
DAG File Processing Stats

File Path                                 PID    Runtime      # DAGs    # Errors  Last Runtime    Last Run
----------------------------------------  -----  ---------  --------  ----------  --------------  -------------------
/opt/airflow/dags/tender_pipeline_dag.py                           1           0  0.10s           2026-09-15T12:10:38
================================================================================
[2026-09-15T12:11:34.660+0000] {manager.py:878} INFO - 
================================================================================
DAG File Processing Stats

File Path                                 PID    Runtime      # DAGs    # Errors  Last Runtime    Last Run
----------------------------------------  -----  ---------  --------  ----------  --------------  -------------------
/opt/airflow/dags/tender_pipeline_dag.py                           1           0  0.08s           2026-09-15T12:11:08
================================================================================
[2026-09-15T12:12:04.898+0000] {manager.py:878} INFO - 
================================================================================
DAG File Processing Stats

File Path                                 PID    Runtime      # DAGs    # Errors  Last Runtime    Last Run
----------------------------------------  -----  ---------  --------  ----------  --------------  -------------------
/opt/airflow/dags/tender_pipeline_dag.py                           1           0  0.10s           2026-09-15T12:11:38
================================================================================
[2026-09-15T12:12:35.103+0000] {manager.py:878} INFO - 
================================================================================
DAG File Processing Stats

File Path                                 PID    Runtime      # DAGs    # Errors  Last Runtime    Last Run
----------------------------------------  -----  ---------  --------  ----------  --------------  -------------------
/opt/airflow/dags/tender_pipeline_dag.py                           1           0  0.09s           2026-09-15T12:12:09
================================================================================
[2026-09-15T12:13:05.343+0000] {manager.py:878} INFO - 
================================================================================
DAG File Processing Stats

File Path                                 PID    Runtime      # DAGs    # Errors  Last Runtime    Last Run
----------------------------------------  -----  ---------  --------  ----------  --------------  -------------------
/opt/airflow/dags/tender_pipeline_dag.py                           1           0  0.09s           2026-09-15T12:12:39
================================================================================
[2026-09-15T12:13:35.611+0000] {manager.py:878} INFO - 
================================================================================
DAG File Processing Stats

File Path                                 PID    Runtime      # DAGs    # Errors  Last Runtime    Last Run
----------------------------------------  -----  ---------  --------  ----------  --------------  -------------------
/opt/airflow/dags/tender_pipeline_dag.py                           1           0  0.26s           2026-09-15T12:13:09
================================================================================
[2026-09-15T12:14:00.024+0000] {manager.py:737} INFO - Searching for files in /opt/airflow/dags
[2026-09-15T12:14:00.074+0000] {manager.py:740} INFO - There are 1 files in /opt/airflow/dags
[2026-09-15T12:14:06.129+0000] {manager.py:878} INFO - 
================================================================================
DAG File Processing Stats

File Path                                 PID    Runtime      # DAGs    # Errors  Last Runtime    Last Run
----------------------------------------  -----  ---------  --------  ----------  --------------  -------------------
/opt/airflow/dags/tender_pipeline_dag.py                           1           0  0.09s           2026-09-15T12:13:39
================================================================================
[2026-09-15T12:14:36.333+0000] {manager.py:878} INFO - 
================================================================================
DAG File Processing Stats

File Path                                 PID    Runtime      # DAGs    # Errors  Last Runtime    Last Run
----------------------------------------  -----  ---------  --------  ----------  --------------  -------------------
/opt/airflow/dags/tender_pipeline_dag.py                           1           0  0.09s           2026-09-15T12:14:10
================================================================================
[2026-09-15T12:15:06.599+0000] {manager.py:878} INFO - 
================================================================================
DAG File Processing Stats

File Path                                 PID    Runtime      # DAGs    # Errors  Last Runtime    Last Run
----------------------------------------  -----  ---------  --------  ----------  --------------  -------------------
/opt/airflow/dags/tender_pipeline_dag.py                           1           0  0.14s           2026-09-15T12:14:40
================================================================================
[2026-09-15T12:15:36.854+0000] {manager.py:878} INFO - 
================================================================================
DAG File Processing Stats

File Path                                 PID    Runtime      # DAGs    # Errors  Last Runtime    Last Run
----------------------------------------  -----  ---------  --------  ----------  --------------  -------------------
/opt/airflow/dags/tender_pipeline_dag.py                           1           0  0.11s           2026-09-15T12:15:10
================================================================================
[2026-09-15T12:16:07.049+0000] {manager.py:878} INFO - 
================================================================================
DAG File Processing Stats

File Path                                 PID    Runtime      # DAGs    # Errors  Last Runtime    Last Run
----------------------------------------  -----  ---------  --------  ----------  --------------  -------------------
/opt/airflow/dags/tender_pipeline_dag.py                           1           0  0.09s           2026-09-15T12:15:40
================================================================================
[2026-09-15T12:16:37.268+0000] {manager.py:878} INFO - 
================================================================================
DAG File Processing Stats

File Path                                 PID    Runtime      # DAGs    # Errors  Last Runtime    Last Run
----------------------------------------  -----  ---------  --------  ----------  --------------  -------------------
/opt/airflow/dags/tender_pipeline_dag.py                           1           0  0.09s           2026-09-15T12:16:11
================================================================================
[2026-09-15T12:17:07.481+0000] {manager.py:878} INFO - 
================================================================================
DAG File Processing Stats

File Path                                 PID    Runtime      # DAGs    # Errors  Last Runtime    Last Run
----------------------------------------  -----  ---------  --------  ----------  --------------  -------------------
/opt/airflow/dags/tender_pipeline_dag.py                           1           0  0.09s           2026-09-15T12:16:41
================================================================================
[2026-09-15T12:17:37.717+0000] {manager.py:878} INFO - 
================================================================================
DAG File Processing Stats

File Path                                 PID    Runtime      # DAGs    # Errors  Last Runtime    Last Run
----------------------------------------  -----  ---------  --------  ----------  --------------  -------------------
/opt/airflow/dags/tender_pipeline_dag.py                           1           0  0.13s           2026-09-15T12:17:11
================================================================================
[2026-09-15T12:18:07.968+0000] {manager.py:878} INFO - 
================================================================================
DAG File Processing Stats

File Path                                 PID    Runtime      # DAGs    # Errors  Last Runtime    Last Run
----------------------------------------  -----  ---------  --------  ----------  --------------  -------------------
/opt/airflow/dags/tender_pipeline_dag.py                           1           0  0.11s           2026-09-15T12:17:41
================================================================================
[2026-09-15T12:18:38.162+0000] {manager.py:878} INFO - 
================================================================================
DAG File Processing Stats

File Path                                 PID    Runtime      # DAGs    # Errors  Last Runtime    Last Run
----------------------------------------  -----  ---------  --------  ----------  --------------  -------------------
/opt/airflow/dags/tender_pipeline_dag.py                           1           0  0.11s           2026-09-15T12:18:12
================================================================================
[2026-09-15T12:19:00.373+0000] {manager.py:737} INFO - Searching for files in /opt/airflow/dags
[2026-09-15T12:19:00.388+0000] {manager.py:740} INFO - There are 1 files in /opt/airflow/dags
[2026-09-15T12:19:08.444+0000] {manager.py:878} INFO - 
================================================================================
DAG File Processing Stats

File Path                                 PID    Runtime      # DAGs    # Errors  Last Runtime    Last Run
----------------------------------------  -----  ---------  --------  ----------  --------------  -------------------
/opt/airflow/dags/tender_pipeline_dag.py                           1           0  0.18s           2026-09-15T12:18:59
================================================================================
[2026-09-15T12:19:38.643+0000] {manager.py:878} INFO - 
================================================================================
DAG File Processing Stats

File Path                                 PID    Runtime      # DAGs    # Errors  Last Runtime    Last Run
----------------------------------------  -----  ---------  --------  ----------  --------------  -------------------
/opt/airflow/dags/tender_pipeline_dag.py                           1           0  0.10s           2026-09-15T12:19:29
================================================================================
[2026-09-15T12:20:08.884+0000] {manager.py:878} INFO - 
================================================================================
DAG File Processing Stats

File Path                                 PID    Runtime      # DAGs    # Errors  Last Runtime    Last Run
----------------------------------------  -----  ---------  --------  ----------  --------------  -------------------
/opt/airflow/dags/tender_pipeline_dag.py                           1           0  0.11s           2026-09-15T12:19:59
================================================================================
[2026-09-15T12:20:39.137+0000] {manager.py:878} INFO - 
================================================================================
DAG File Processing Stats

File Path                                 PID    Runtime      # DAGs    # Errors  Last Runtime    Last Run
----------------------------------------  -----  ---------  --------  ----------  --------------  -------------------
/opt/airflow/dags/tender_pipeline_dag.py                           1           0  0.08s           2026-09-15T12:20:30
================================================================================
[2026-09-15T12:21:09.356+0000] {manager.py:878} INFO - 
================================================================================
DAG File Processing Stats

File Path                                 PID    Runtime      # DAGs    # Errors  Last Runtime    Last Run
----------------------------------------  -----  ---------  --------  ----------  --------------  -------------------
/opt/airflow/dags/tender_pipeline_dag.py                           1           0  0.16s           2026-09-15T12:21:00
================================================================================
[2026-09-15T12:21:39.574+0000] {manager.py:878} INFO - 
================================================================================
DAG File Processing Stats

File Path                                 PID    Runtime      # DAGs    # Errors  Last Runtime    Last Run
----------------------------------------  -----  ---------  --------  ----------  --------------  -------------------
/opt/airflow/dags/tender_pipeline_dag.py                           1           0  0.09s           2026-09-15T12:21:30
================================================================================
[2026-09-15T12:22:09.809+0000] {manager.py:878} INFO - 
================================================================================
DAG File Processing Stats

File Path                                 PID    Runtime      # DAGs    # Errors  Last Runtime    Last Run
----------------------------------------  -----  ---------  --------  ----------  --------------  -------------------
/opt/airflow/dags/tender_pipeline_dag.py                           1           0  0.10s           2026-09-15T12:22:00
================================================================================
[2026-09-15T12:22:40.053+0000] {manager.py:878} INFO - 
================================================================================
DAG File Processing Stats

File Path                                 PID    Runtime      # DAGs    # Errors  Last Runtime    Last Run
----------------------------------------  -----  ---------  --------  ----------  --------------  -------------------
/opt/airflow/dags/tender_pipeline_dag.py                           1           0  0.16s           2026-09-15T12:22:31
================================================================================
[2026-09-15T12:23:10.226+0000] {manager.py:878} INFO - 
================================================================================
DAG File Processing Stats

File Path                                 PID    Runtime      # DAGs    # Errors  Last Runtime    Last Run
----------------------------------------  -----  ---------  --------  ----------  --------------  -------------------
/opt/airflow/dags/tender_pipeline_dag.py                           1           0  0.13s           2026-09-15T12:23:01
================================================================================
[2026-09-15T12:23:40.530+0000] {manager.py:878} INFO - 
================================================================================
DAG File Processing Stats

File Path                                 PID    Runtime      # DAGs    # Errors  Last Runtime    Last Run
----------------------------------------  -----  ---------  --------  ----------  --------------  -------------------
/opt/airflow/dags/tender_pipeline_dag.py                           1           0  0.12s           2026-09-15T12:23:31
================================================================================
[2026-09-15T12:24:00.654+0000] {manager.py:737} INFO - Searching for files in /opt/airflow/dags
[2026-09-15T12:24:00.673+0000] {manager.py:740} INFO - There are 1 files in /opt/airflow/dags
[2026-09-15T12:24:10.754+0000] {manager.py:878} INFO - 
================================================================================
DAG File Processing Stats

File Path                                 PID    Runtime      # DAGs    # Errors  Last Runtime    Last Run
----------------------------------------  -----  ---------  --------  ----------  --------------  -------------------
/opt/airflow/dags/tender_pipeline_dag.py                           1           0  0.09s           2026-09-15T12:24:01
================================================================================
[2026-09-15T12:24:40.998+0000] {manager.py:878} INFO - 
================================================================================
DAG File Processing Stats

File Path                                 PID    Runtime      # DAGs    # Errors  Last Runtime    Last Run
----------------------------------------  -----  ---------  --------  ----------  --------------  -------------------
/opt/airflow/dags/tender_pipeline_dag.py                           1           0  0.09s           2026-09-15T12:24:31
================================================================================
[2026-09-15T12:25:11.211+0000] {manager.py:878} INFO - 
================================================================================
DAG File Processing Stats

File Path                                 PID    Runtime      # DAGs    # Errors  Last Runtime    Last Run
----------------------------------------  -----  ---------  --------  ----------  --------------  -------------------
/opt/airflow/dags/tender_pipeline_dag.py                           1           0  0.09s           2026-09-15T12:25:02
================================================================================
[2026-09-15T12:25:41.455+0000] {manager.py:878} INFO - 
================================================================================
DAG File Processing Stats

File Path                                 PID    Runtime      # DAGs    # Errors  Last Runtime    Last Run
----------------------------------------  -----  ---------  --------  ----------  --------------  -------------------
/opt/airflow/dags/tender_pipeline_dag.py                           1           0  0.09s           2026-09-15T12:25:32
================================================================================
[2026-09-15T12:26:11.760+0000] {manager.py:878} INFO - 
================================================================================
DAG File Processing Stats

File Path                                 PID    Runtime      # DAGs    # Errors  Last Runtime    Last Run
----------------------------------------  -----  ---------  --------  ----------  --------------  -------------------
/opt/airflow/dags/tender_pipeline_dag.py                           1           0  0.11s           2026-09-15T12:26:02
================================================================================
[2026-09-15T12:26:42.017+0000] {manager.py:878} INFO - 
================================================================================
DAG File Processing Stats

File Path                                 PID    Runtime      # DAGs    # Errors  Last Runtime    Last Run
----------------------------------------  -----  ---------  --------  ----------  --------------  -------------------
/opt/airflow/dags/tender_pipeline_dag.py                           1           0  0.09s           2026-09-15T12:26:33
================================================================================
[2026-09-15T12:27:12.271+0000] {manager.py:878} INFO - 
================================================================================
DAG File Processing Stats

File Path                                 PID    Runtime      # DAGs    # Errors  Last Runtime    Last Run
----------------------------------------  -----  ---------  --------  ----------  --------------  -------------------
/opt/airflow/dags/tender_pipeline_dag.py                           1           0  0.09s           2026-09-15T12:27:03
================================================================================
[2026-09-15T12:27:42.504+0000] {manager.py:878} INFO - 
================================================================================
DAG File Processing Stats

File Path                                 PID    Runtime      # DAGs    # Errors  Last Runtime    Last Run
----------------------------------------  -----  ---------  --------  ----------  --------------  -------------------
/opt/airflow/dags/tender_pipeline_dag.py                           1           0  0.09s           2026-09-15T12:27:33
================================================================================
[2026-09-15T12:28:12.741+0000] {manager.py:878} INFO - 
================================================================================
DAG File Processing Stats

File Path                                 PID    Runtime      # DAGs    # Errors  Last Runtime    Last Run
----------------------------------------  -----  ---------  --------  ----------  --------------  -------------------
/opt/airflow/dags/tender_pipeline_dag.py                           1           0  0.19s           2026-09-15T12:28:03
================================================================================
[2026-09-15T12:28:42.931+0000] {manager.py:878} INFO - 
================================================================================
DAG File Processing Stats

File Path                                 PID    Runtime      # DAGs    # Errors  Last Runtime    Last Run
----------------------------------------  -----  ---------  --------  ----------  --------------  -------------------
/opt/airflow/dags/tender_pipeline_dag.py                           1           0  0.11s           2026-09-15T12:28:33
================================================================================
[2026-09-15T12:29:01.044+0000] {manager.py:737} INFO - Searching for files in /opt/airflow/dags
[2026-09-15T12:29:01.093+0000] {manager.py:740} INFO - There are 1 files in /opt/airflow/dags
[2026-09-15T12:29:13.220+0000] {manager.py:878} INFO - 
================================================================================
DAG File Processing Stats

File Path                                 PID    Runtime      # DAGs    # Errors  Last Runtime    Last Run
----------------------------------------  -----  ---------  --------  ----------  --------------  -------------------
/opt/airflow/dags/tender_pipeline_dag.py                           1           0  0.10s           2026-09-15T12:29:04
================================================================================
[2026-09-15T12:29:43.460+0000] {manager.py:878} INFO - 
================================================================================
DAG File Processing Stats

File Path                                 PID    Runtime      # DAGs    # Errors  Last Runtime    Last Run
----------------------------------------  -----  ---------  --------  ----------  --------------  -------------------
/opt/airflow/dags/tender_pipeline_dag.py                           1           0  0.12s           2026-09-15T12:29:34
================================================================================
[2026-09-15T12:30:13.736+0000] {manager.py:878} INFO - 
================================================================================
DAG File Processing Stats

File Path                                 PID    Runtime      # DAGs    # Errors  Last Runtime    Last Run
----------------------------------------  -----  ---------  --------  ----------  --------------  -------------------
/opt/airflow/dags/tender_pipeline_dag.py                           1           0  0.09s           2026-09-15T12:30:04
================================================================================
[2026-09-15T12:30:43.946+0000] {manager.py:878} INFO - 
================================================================================
DAG File Processing Stats

File Path                                 PID    Runtime      # DAGs    # Errors  Last Runtime    Last Run
----------------------------------------  -----  ---------  --------  ----------  --------------  -------------------
/opt/airflow/dags/tender_pipeline_dag.py                           1           0  0.10s           2026-09-15T12:30:34
================================================================================
[2026-09-15T12:31:14.266+0000] {manager.py:878} INFO - 
================================================================================
DAG File Processing Stats

File Path                                 PID    Runtime      # DAGs    # Errors  Last Runtime    Last Run
----------------------------------------  -----  ---------  --------  ----------  --------------  -------------------
/opt/airflow/dags/tender_pipeline_dag.py                           1           0  0.24s           2026-09-15T12:31:05
================================================================================
[2026-09-15T12:31:44.687+0000] {manager.py:878} INFO - 
================================================================================
DAG File Processing Stats

File Path                                 PID    Runtime      # DAGs    # Errors  Last Runtime    Last Run
----------------------------------------  -----  ---------  --------  ----------  --------------  -------------------
/opt/airflow/dags/tender_pipeline_dag.py                           1           0  0.09s           2026-09-15T12:31:35
================================================================================
[2026-09-15T12:32:14.937+0000] {manager.py:878} INFO - 
================================================================================
DAG File Processing Stats

File Path                                 PID    Runtime      # DAGs    # Errors  Last Runtime    Last Run
----------------------------------------  -----  ---------  --------  ----------  --------------  -------------------
/opt/airflow/dags/tender_pipeline_dag.py                           1           0  0.08s           2026-09-15T12:32:05
================================================================================
[2026-09-15T12:32:45.152+0000] {manager.py:878} INFO - 
================================================================================
DAG File Processing Stats

File Path                                 PID    Runtime      # DAGs    # Errors  Last Runtime    Last Run
----------------------------------------  -----  ---------  --------  ----------  --------------  -------------------
/opt/airflow/dags/tender_pipeline_dag.py                           1           0  0.09s           2026-09-15T12:32:36
================================================================================
[2026-09-15T12:33:15.376+0000] {manager.py:878} INFO - 
================================================================================
DAG File Processing Stats

File Path                                 PID    Runtime      # DAGs    # Errors  Last Runtime    Last Run
----------------------------------------  -----  ---------  --------  ----------  --------------  -------------------
/opt/airflow/dags/tender_pipeline_dag.py                           1           0  0.09s           2026-09-15T12:33:06
================================================================================
[2026-09-15T12:33:45.622+0000] {manager.py:878} INFO - 
================================================================================
DAG File Processing Stats

File Path                                 PID    Runtime      # DAGs    # Errors  Last Runtime    Last Run
----------------------------------------  -----  ---------  --------  ----------  --------------  -------------------
/opt/airflow/dags/tender_pipeline_dag.py                           1           0  0.16s           2026-09-15T12:33:36
================================================================================
[2026-09-15T12:34:01.709+0000] {manager.py:737} INFO - Searching for files in /opt/airflow/dags
[2026-09-15T12:34:01.728+0000] {manager.py:740} INFO - There are 1 files in /opt/airflow/dags
[2026-09-15T12:34:15.939+0000] {manager.py:878} INFO - 
================================================================================
DAG File Processing Stats

File Path                                 PID    Runtime      # DAGs    # Errors  Last Runtime    Last Run
----------------------------------------  -----  ---------  --------  ----------  --------------  -------------------
/opt/airflow/dags/tender_pipeline_dag.py                           1           0  0.10s           2026-09-15T12:34:06
================================================================================
[2026-09-15T12:34:46.197+0000] {manager.py:878} INFO - 
================================================================================
DAG File Processing Stats

File Path                                 PID    Runtime      # DAGs    # Errors  Last Runtime    Last Run
----------------------------------------  -----  ---------  --------  ----------  --------------  -------------------
/opt/airflow/dags/tender_pipeline_dag.py                           1           0  0.09s           2026-09-15T12:34:37
================================================================================
[2026-09-15T12:35:16.457+0000] {manager.py:878} INFO - 
================================================================================
DAG File Processing Stats

File Path                                 PID    Runtime      # DAGs    # Errors  Last Runtime    Last Run
----------------------------------------  -----  ---------  --------  ----------  --------------  -------------------
/opt/airflow/dags/tender_pipeline_dag.py                           1           0  0.09s           2026-09-15T12:35:07
================================================================================
[2026-09-15T12:35:46.691+0000] {manager.py:878} INFO - 
================================================================================
DAG File Processing Stats

File Path                                 PID    Runtime      # DAGs    # Errors  Last Runtime    Last Run
----------------------------------------  -----  ---------  --------  ----------  --------------  -------------------
/opt/airflow/dags/tender_pipeline_dag.py                           1           0  0.09s           2026-09-15T12:35:37
================================================================================
[2026-09-15T12:36:16.931+0000] {manager.py:878} INFO - 
================================================================================
DAG File Processing Stats

File Path                                 PID    Runtime      # DAGs    # Errors  Last Runtime    Last Run
----------------------------------------  -----  ---------  --------  ----------  --------------  -------------------
/opt/airflow/dags/tender_pipeline_dag.py                           1           0  0.09s           2026-09-15T12:36:07
================================================================================
[2026-09-15T12:36:47.163+0000] {manager.py:878} INFO - 
================================================================================
DAG File Processing Stats

File Path                                 PID    Runtime      # DAGs    # Errors  Last Runtime    Last Run
----------------------------------------  -----  ---------  --------  ----------  --------------  -------------------
/opt/airflow/dags/tender_pipeline_dag.py                           1           0  0.09s           2026-09-15T12:36:38
================================================================================
[2026-09-15T12:37:17.443+0000] {manager.py:878} INFO - 
================================================================================
DAG File Processing Stats

File Path                                 PID    Runtime      # DAGs    # Errors  Last Runtime    Last Run
----------------------------------------  -----  ---------  --------  ----------  --------------  -------------------
/opt/airflow/dags/tender_pipeline_dag.py                           1           0  0.09s           2026-09-15T12:37:08
================================================================================
[2026-09-15T12:37:47.668+0000] {manager.py:878} INFO - 
================================================================================
DAG File Processing Stats

File Path                                 PID    Runtime      # DAGs    # Errors  Last Runtime    Last Run
----------------------------------------  -----  ---------  --------  ----------  --------------  -------------------
/opt/airflow/dags/tender_pipeline_dag.py                           1           0  0.09s           2026-09-15T12:37:38
================================================================================
[2026-09-15T12:38:17.931+0000] {manager.py:878} INFO - 
================================================================================
DAG File Processing Stats

File Path                                 PID    Runtime      # DAGs    # Errors  Last Runtime    Last Run
----------------------------------------  -----  ---------  --------  ----------  --------------  -------------------
/opt/airflow/dags/tender_pipeline_dag.py                           1           0  0.09s           2026-09-15T12:38:08
================================================================================
[2026-09-15T12:38:48.145+0000] {manager.py:878} INFO - 
================================================================================
DAG File Processing Stats

File Path                                 PID    Runtime      # DAGs    # Errors  Last Runtime    Last Run
----------------------------------------  -----  ---------  --------  ----------  --------------  -------------------
/opt/airflow/dags/tender_pipeline_dag.py                           1           0  0.09s           2026-09-15T12:38:39
================================================================================
[2026-09-15T12:39:02.226+0000] {manager.py:737} INFO - Searching for files in /opt/airflow/dags
[2026-09-15T12:39:02.244+0000] {manager.py:740} INFO - There are 1 files in /opt/airflow/dags
[2026-09-15T12:39:18.411+0000] {manager.py:878} INFO - 
================================================================================
DAG File Processing Stats

File Path                                 PID    Runtime      # DAGs    # Errors  Last Runtime    Last Run
----------------------------------------  -----  ---------  --------  ----------  --------------  -------------------
/opt/airflow/dags/tender_pipeline_dag.py                           1           0  0.23s           2026-09-15T12:39:09
================================================================================
[2026-09-15T12:39:48.794+0000] {manager.py:878} INFO - 
================================================================================
DAG File Processing Stats

File Path                                 PID    Runtime      # DAGs    # Errors  Last Runtime    Last Run
----------------------------------------  -----  ---------  --------  ----------  --------------  -------------------
/opt/airflow/dags/tender_pipeline_dag.py                           1           0  0.10s           2026-09-15T12:39:39
================================================================================
[2026-09-15T12:40:19.078+0000] {manager.py:878} INFO - 
================================================================================
DAG File Processing Stats

File Path                                 PID    Runtime      # DAGs    # Errors  Last Runtime    Last Run
----------------------------------------  -----  ---------  --------  ----------  --------------  -------------------
/opt/airflow/dags/tender_pipeline_dag.py                           1           0  0.09s           2026-09-15T12:40:10
================================================================================
[2026-09-15T12:40:49.280+0000] {manager.py:878} INFO - 
================================================================================
DAG File Processing Stats

File Path                                 PID    Runtime      # DAGs    # Errors  Last Runtime    Last Run
----------------------------------------  -----  ---------  --------  ----------  --------------  -------------------
/opt/airflow/dags/tender_pipeline_dag.py                           1           0  0.09s           2026-09-15T12:40:40
================================================================================
[2026-09-15T12:41:19.486+0000] {manager.py:878} INFO - 
================================================================================
DAG File Processing Stats

File Path                                 PID    Runtime      # DAGs    # Errors  Last Runtime    Last Run
----------------------------------------  -----  ---------  --------  ----------  --------------  -------------------
/opt/airflow/dags/tender_pipeline_dag.py                           1           0  0.12s           2026-09-15T12:41:10
================================================================================
[2026-09-15T12:41:49.760+0000] {manager.py:878} INFO - 
================================================================================
DAG File Processing Stats

File Path                                 PID    Runtime      # DAGs    # Errors  Last Runtime    Last Run
----------------------------------------  -----  ---------  --------  ----------  --------------  -------------------
/opt/airflow/dags/tender_pipeline_dag.py                           1           0  0.09s           2026-09-15T12:41:40
================================================================================
[2026-09-15T12:42:19.959+0000] {manager.py:878} INFO - 
================================================================================
DAG File Processing Stats

File Path                                 PID    Runtime      # DAGs    # Errors  Last Runtime    Last Run
----------------------------------------  -----  ---------  --------  ----------  --------------  -------------------
/opt/airflow/dags/tender_pipeline_dag.py                           1           0  0.09s           2026-09-15T12:42:10
================================================================================
[2026-09-15T12:42:50.218+0000] {manager.py:878} INFO - 
================================================================================
DAG File Processing Stats

File Path                                 PID    Runtime      # DAGs    # Errors  Last Runtime    Last Run
----------------------------------------  -----  ---------  --------  ----------  --------------  -------------------
/opt/airflow/dags/tender_pipeline_dag.py                           1           0  0.09s           2026-09-15T12:42:41
================================================================================
[2026-09-15T12:43:20.436+0000] {manager.py:878} INFO - 
================================================================================
DAG File Processing Stats

File Path                                 PID    Runtime      # DAGs    # Errors  Last Runtime    Last Run
----------------------------------------  -----  ---------  --------  ----------  --------------  -------------------
/opt/airflow/dags/tender_pipeline_dag.py                           1           0  0.09s           2026-09-15T12:43:11
================================================================================
[2026-09-15T12:43:50.759+0000] {manager.py:878} INFO - 
================================================================================
DAG File Processing Stats

File Path                                 PID    Runtime      # DAGs    # Errors  Last Runtime    Last Run
----------------------------------------  -----  ---------  --------  ----------  --------------  -------------------
/opt/airflow/dags/tender_pipeline_dag.py                           1           0  0.10s           2026-09-15T12:43:41
================================================================================
[2026-09-15T12:44:02.839+0000] {manager.py:737} INFO - Searching for files in /opt/airflow/dags
[2026-09-15T12:44:02.856+0000] {manager.py:740} INFO - There are 1 files in /opt/airflow/dags
[2026-09-15T12:44:21.023+0000] {manager.py:878} INFO - 
================================================================================
DAG File Processing Stats

File Path                                 PID    Runtime      # DAGs    # Errors  Last Runtime    Last Run
----------------------------------------  -----  ---------  --------  ----------  --------------  -------------------
/opt/airflow/dags/tender_pipeline_dag.py                           1           0  0.10s           2026-09-15T12:44:12
================================================================================
[2026-09-15T12:44:51.336+0000] {manager.py:878} INFO - 
================================================================================
DAG File Processing Stats

File Path                                 PID    Runtime      # DAGs    # Errors  Last Runtime    Last Run
----------------------------------------  -----  ---------  --------  ----------  --------------  -------------------
/opt/airflow/dags/tender_pipeline_dag.py                           1           0  0.15s           2026-09-15T12:44:42
================================================================================
[2026-09-15T12:45:21.678+0000] {manager.py:878} INFO - 
================================================================================
DAG File Processing Stats

File Path                                 PID    Runtime      # DAGs    # Errors  Last Runtime    Last Run
----------------------------------------  -----  ---------  --------  ----------  --------------  -------------------
/opt/airflow/dags/tender_pipeline_dag.py                           1           0  0.10s           2026-09-15T12:45:12
================================================================================
[2026-09-15T12:45:51.933+0000] {manager.py:878} INFO - 
================================================================================
DAG File Processing Stats

File Path                                 PID    Runtime      # DAGs    # Errors  Last Runtime    Last Run
----------------------------------------  -----  ---------  --------  ----------  --------------  -------------------
/opt/airflow/dags/tender_pipeline_dag.py                           1           0  0.09s           2026-09-15T12:45:42
================================================================================
[2026-09-15T12:46:22.182+0000] {manager.py:878} INFO - 
================================================================================
DAG File Processing Stats

File Path                                 PID    Runtime      # DAGs    # Errors  Last Runtime    Last Run
----------------------------------------  -----  ---------  --------  ----------  --------------  -------------------
/opt/airflow/dags/tender_pipeline_dag.py                           1           0  0.09s           2026-09-15T12:46:13
================================================================================
[2026-09-15T12:46:52.411+0000] {manager.py:878} INFO - 
================================================================================
DAG File Processing Stats

File Path                                 PID    Runtime      # DAGs    # Errors  Last Runtime    Last Run
----------------------------------------  -----  ---------  --------  ----------  --------------  -------------------
/opt/airflow/dags/tender_pipeline_dag.py                           1           0  0.09s           2026-09-15T12:46:43
================================================================================
[2026-09-15T12:47:22.673+0000] {manager.py:878} INFO - 
================================================================================
DAG File Processing Stats

File Path                                 PID    Runtime      # DAGs    # Errors  Last Runtime    Last Run
----------------------------------------  -----  ---------  --------  ----------  --------------  -------------------
/opt/airflow/dags/tender_pipeline_dag.py                           1           0  0.10s           2026-09-15T12:47:13
================================================================================
[2026-09-15T12:47:53.057+0000] {manager.py:878} INFO - 
================================================================================
DAG File Processing Stats

File Path                                 PID    Runtime      # DAGs    # Errors  Last Runtime    Last Run
----------------------------------------  -----  ---------  --------  ----------  --------------  -------------------
/opt/airflow/dags/tender_pipeline_dag.py                           1           0  0.24s           2026-09-15T12:47:44
================================================================================
[2026-09-15T12:48:23.300+0000] {manager.py:878} INFO - 
================================================================================
DAG File Processing Stats

File Path                                 PID    Runtime      # DAGs    # Errors  Last Runtime    Last Run
----------------------------------------  -----  ---------  --------  ----------  --------------  -------------------
/opt/airflow/dags/tender_pipeline_dag.py                           1           0  0.08s           2026-09-15T12:48:14
================================================================================
[2026-09-15T12:48:53.565+0000] {manager.py:878} INFO - 
================================================================================
DAG File Processing Stats

File Path                                 PID    Runtime      # DAGs    # Errors  Last Runtime    Last Run
----------------------------------------  -----  ---------  --------  ----------  --------------  -------------------
/opt/airflow/dags/tender_pipeline_dag.py                           1           0  0.09s           2026-09-15T12:48:44
================================================================================
[2026-09-15T12:49:03.660+0000] {manager.py:737} INFO - Searching for files in /opt/airflow/dags
[2026-09-15T12:49:03.728+0000] {manager.py:740} INFO - There are 1 files in /opt/airflow/dags
[2026-09-15T12:49:23.925+0000] {manager.py:878} INFO - 
================================================================================
DAG File Processing Stats

File Path                                 PID    Runtime      # DAGs    # Errors  Last Runtime    Last Run
----------------------------------------  -----  ---------  --------  ----------  --------------  -------------------
/opt/airflow/dags/tender_pipeline_dag.py                           1           0  0.09s           2026-09-15T12:49:14
================================================================================
[2026-09-15T12:49:54.211+0000] {manager.py:878} INFO - 
================================================================================
DAG File Processing Stats

File Path                                 PID    Runtime      # DAGs    # Errors  Last Runtime    Last Run
----------------------------------------  -----  ---------  --------  ----------  --------------  -------------------
/opt/airflow/dags/tender_pipeline_dag.py                           1           0  0.09s           2026-09-15T12:49:45
================================================================================
[2026-09-15T12:50:24.507+0000] {manager.py:878} INFO - 
================================================================================
DAG File Processing Stats

File Path                                 PID    Runtime      # DAGs    # Errors  Last Runtime    Last Run
----------------------------------------  -----  ---------  --------  ----------  --------------  -------------------
/opt/airflow/dags/tender_pipeline_dag.py                           1           0  0.19s           2026-09-15T12:50:15
================================================================================
[2026-09-15T12:50:54.724+0000] {manager.py:878} INFO - 
================================================================================
DAG File Processing Stats

File Path                                 PID    Runtime      # DAGs    # Errors  Last Runtime    Last Run
----------------------------------------  -----  ---------  --------  ----------  --------------  -------------------
/opt/airflow/dags/tender_pipeline_dag.py                           1           0  0.09s           2026-09-15T12:50:45
================================================================================
[2026-09-15T12:51:25.058+0000] {manager.py:878} INFO - 
================================================================================
DAG File Processing Stats

File Path                                 PID    Runtime      # DAGs    # Errors  Last Runtime    Last Run
----------------------------------------  -----  ---------  --------  ----------  --------------  -------------------
/opt/airflow/dags/tender_pipeline_dag.py                           1           0  0.09s           2026-09-15T12:51:16
================================================================================
[2026-09-15T12:51:55.359+0000] {manager.py:878} INFO - 
================================================================================
DAG File Processing Stats

File Path                                 PID    Runtime      # DAGs    # Errors  Last Runtime    Last Run
----------------------------------------  -----  ---------  --------  ----------  --------------  -------------------
/opt/airflow/dags/tender_pipeline_dag.py                           1           0  0.09s           2026-09-15T12:51:46
================================================================================
[2026-09-15T12:52:25.606+0000] {manager.py:878} INFO - 
================================================================================
DAG File Processing Stats

File Path                                 PID    Runtime      # DAGs    # Errors  Last Runtime    Last Run
----------------------------------------  -----  ---------  --------  ----------  --------------  -------------------
/opt/airflow/dags/tender_pipeline_dag.py                           1           0  0.09s           2026-09-15T12:52:16
================================================================================
[2026-09-15T12:52:55.889+0000] {manager.py:878} INFO - 
================================================================================
DAG File Processing Stats

File Path                                 PID    Runtime      # DAGs    # Errors  Last Runtime    Last Run
----------------------------------------  -----  ---------  --------  ----------  --------------  -------------------
/opt/airflow/dags/tender_pipeline_dag.py                           1           0  0.08s           2026-09-15T12:52:46
================================================================================
[2026-09-15T12:53:26.149+0000] {manager.py:878} INFO - 
================================================================================
DAG File Processing Stats

File Path                                 PID    Runtime      # DAGs    # Errors  Last Runtime    Last Run
----------------------------------------  -----  ---------  --------  ----------  --------------  -------------------
/opt/airflow/dags/tender_pipeline_dag.py                           1           0  0.09s           2026-09-15T12:53:17
================================================================================
[2026-09-15T12:53:56.445+0000] {manager.py:878} INFO - 
================================================================================
DAG File Processing Stats

File Path                                 PID    Runtime      # DAGs    # Errors  Last Runtime    Last Run
----------------------------------------  -----  ---------  --------  ----------  --------------  -------------------
/opt/airflow/dags/tender_pipeline_dag.py                           1           0  0.10s           2026-09-15T12:53:47
================================================================================
[2026-09-15T12:54:04.510+0000] {manager.py:737} INFO - Searching for files in /opt/airflow/dags
[2026-09-15T12:54:04.527+0000] {manager.py:740} INFO - There are 1 files in /opt/airflow/dags
[2026-09-15T12:54:26.722+0000] {manager.py:878} INFO - 
================================================================================
DAG File Processing Stats

File Path                                 PID    Runtime      # DAGs    # Errors  Last Runtime    Last Run
----------------------------------------  -----  ---------  --------  ----------  --------------  -------------------
/opt/airflow/dags/tender_pipeline_dag.py                           1           0  0.09s           2026-09-15T12:54:17
================================================================================
[2026-09-15T12:54:57.124+0000] {manager.py:878} INFO - 
================================================================================
DAG File Processing Stats

File Path                                 PID    Runtime      # DAGs    # Errors  Last Runtime    Last Run
----------------------------------------  -----  ---------  --------  ----------  --------------  -------------------
/opt/airflow/dags/tender_pipeline_dag.py                           1           0  0.24s           2026-09-15T12:54:48
================================================================================
[2026-09-15T12:55:27.571+0000] {manager.py:878} INFO - 
================================================================================
DAG File Processing Stats

File Path                                 PID    Runtime      # DAGs    # Errors  Last Runtime    Last Run
----------------------------------------  -----  ---------  --------  ----------  --------------  -------------------
/opt/airflow/dags/tender_pipeline_dag.py                           1           0  0.18s           2026-09-15T12:55:18
================================================================================
[2026-09-15T12:55:57.866+0000] {manager.py:878} INFO - 
================================================================================
DAG File Processing Stats

File Path                                 PID    Runtime      # DAGs    # Errors  Last Runtime    Last Run
----------------------------------------  -----  ---------  --------  ----------  --------------  -------------------
/opt/airflow/dags/tender_pipeline_dag.py                           1           0  0.09s           2026-09-15T12:55:48
================================================================================
[2026-09-15T12:56:28.157+0000] {manager.py:878} INFO - 
================================================================================
DAG File Processing Stats

File Path                                 PID    Runtime      # DAGs    # Errors  Last Runtime    Last Run
----------------------------------------  -----  ---------  --------  ----------  --------------  -------------------
/opt/airflow/dags/tender_pipeline_dag.py                           1           0  0.09s           2026-09-15T12:56:19
================================================================================
[2026-09-15T12:56:58.475+0000] {manager.py:878} INFO - 
================================================================================
DAG File Processing Stats

File Path                                 PID    Runtime      # DAGs    # Errors  Last Runtime    Last Run
----------------------------------------  -----  ---------  --------  ----------  --------------  -------------------
/opt/airflow/dags/tender_pipeline_dag.py                           1           0  0.27s           2026-09-15T12:56:49
================================================================================
[2026-09-15T12:57:28.930+0000] {manager.py:878} INFO - 
================================================================================
DAG File Processing Stats

File Path                                 PID    Runtime      # DAGs    # Errors  Last Runtime    Last Run
----------------------------------------  -----  ---------  --------  ----------  --------------  -------------------
/opt/airflow/dags/tender_pipeline_dag.py                           1           0  0.10s           2026-09-15T12:57:19
================================================================================
[2026-09-15T12:57:59.245+0000] {manager.py:878} INFO - 
================================================================================
DAG File Processing Stats

File Path                                 PID    Runtime      # DAGs    # Errors  Last Runtime    Last Run
----------------------------------------  -----  ---------  --------  ----------  --------------  -------------------
/opt/airflow/dags/tender_pipeline_dag.py                           1           0  0.09s           2026-09-15T12:57:50
================================================================================
[2026-09-15T12:58:29.493+0000] {manager.py:878} INFO - 
================================================================================
DAG File Processing Stats

File Path                                 PID    Runtime      # DAGs    # Errors  Last Runtime    Last Run
----------------------------------------  -----  ---------  --------  ----------  --------------  -------------------
/opt/airflow/dags/tender_pipeline_dag.py                           1           0  0.09s           2026-09-15T12:58:20
================================================================================
[2026-09-15T12:58:59.739+0000] {manager.py:878} INFO - 
================================================================================
DAG File Processing Stats

File Path                                 PID    Runtime      # DAGs    # Errors  Last Runtime    Last Run
----------------------------------------  -----  ---------  --------  ----------  --------------  -------------------
/opt/airflow/dags/tender_pipeline_dag.py                           1           0  0.08s           2026-09-15T12:58:50
================================================================================
[2026-09-15T12:59:04.779+0000] {manager.py:737} INFO - Searching for files in /opt/airflow/dags
[2026-09-15T12:59:04.903+0000] {manager.py:740} INFO - There are 1 files in /opt/airflow/dags
[2026-09-15T12:59:30.150+0000] {manager.py:878} INFO - 
================================================================================
DAG File Processing Stats

File Path                                 PID    Runtime      # DAGs    # Errors  Last Runtime    Last Run
----------------------------------------  -----  ---------  --------  ----------  --------------  -------------------
/opt/airflow/dags/tender_pipeline_dag.py                           1           0  0.08s           2026-09-15T12:59:21
================================================================================
[2026-09-15T13:00:00.418+0000] {manager.py:878} INFO - 
================================================================================
DAG File Processing Stats

File Path                                 PID    Runtime      # DAGs    # Errors  Last Runtime    Last Run
----------------------------------------  -----  ---------  --------  ----------  --------------  -------------------
/opt/airflow/dags/tender_pipeline_dag.py                           1           0  0.08s           2026-09-15T12:59:51
================================================================================
[2026-09-15T13:00:30.647+0000] {manager.py:878} INFO - 
================================================================================
DAG File Processing Stats

File Path                                 PID    Runtime      # DAGs    # Errors  Last Runtime    Last Run
----------------------------------------  -----  ---------  --------  ----------  --------------  -------------------
/opt/airflow/dags/tender_pipeline_dag.py                           1           0  0.08s           2026-09-15T13:00:21
================================================================================
[2026-09-15T13:01:00.853+0000] {manager.py:878} INFO - 
================================================================================
DAG File Processing Stats

File Path                                 PID    Runtime      # DAGs    # Errors  Last Runtime    Last Run
----------------------------------------  -----  ---------  --------  ----------  --------------  -------------------
/opt/airflow/dags/tender_pipeline_dag.py                           1           0  0.09s           2026-09-15T13:00:51
================================================================================
[2026-09-15T13:01:31.140+0000] {manager.py:878} INFO - 
================================================================================
DAG File Processing Stats

File Path                                 PID    Runtime      # DAGs    # Errors  Last Runtime    Last Run
----------------------------------------  -----  ---------  --------  ----------  --------------  -------------------
/opt/airflow/dags/tender_pipeline_dag.py                           1           0  0.08s           2026-09-15T13:01:22
================================================================================
[2026-09-15T13:02:01.524+0000] {manager.py:878} INFO - 
================================================================================
DAG File Processing Stats

File Path                                 PID    Runtime      # DAGs    # Errors  Last Runtime    Last Run
----------------------------------------  -----  ---------  --------  ----------  --------------  -------------------
/opt/airflow/dags/tender_pipeline_dag.py                           1           0  0.15s           2026-09-15T13:01:52
================================================================================
[2026-09-15T13:02:31.874+0000] {manager.py:878} INFO - 
================================================================================
DAG File Processing Stats

File Path                                 PID    Runtime      # DAGs    # Errors  Last Runtime    Last Run
----------------------------------------  -----  ---------  --------  ----------  --------------  -------------------
/opt/airflow/dags/tender_pipeline_dag.py                           1           0  0.17s           2026-09-15T13:02:22
================================================================================
[2026-09-15T13:03:02.114+0000] {manager.py:878} INFO - 
================================================================================
DAG File Processing Stats

File Path                                 PID    Runtime      # DAGs    # Errors  Last Runtime    Last Run
----------------------------------------  -----  ---------  --------  ----------  --------------  -------------------
/opt/airflow/dags/tender_pipeline_dag.py                           1           0  0.10s           2026-09-15T13:02:53
================================================================================
[2026-09-15T13:03:32.368+0000] {manager.py:878} INFO - 
================================================================================
DAG File Processing Stats

File Path                                 PID    Runtime      # DAGs    # Errors  Last Runtime    Last Run
----------------------------------------  -----  ---------  --------  ----------  --------------  -------------------
/opt/airflow/dags/tender_pipeline_dag.py                           1           0  0.09s           2026-09-15T13:03:23
================================================================================
[2026-09-15T13:04:02.639+0000] {manager.py:878} INFO - 
================================================================================
DAG File Processing Stats

File Path                                 PID    Runtime      # DAGs    # Errors  Last Runtime    Last Run
----------------------------------------  -----  ---------  --------  ----------  --------------  -------------------
/opt/airflow/dags/tender_pipeline_dag.py                           1           0  0.10s           2026-09-15T13:03:53
================================================================================
[2026-09-15T13:04:05.665+0000] {manager.py:737} INFO - Searching for files in /opt/airflow/dags
[2026-09-15T13:04:05.681+0000] {manager.py:740} INFO - There are 1 files in /opt/airflow/dags
[2026-09-15T13:04:32.954+0000] {manager.py:878} INFO - 
================================================================================
DAG File Processing Stats

File Path                                 PID    Runtime      # DAGs    # Errors  Last Runtime    Last Run
----------------------------------------  -----  ---------  --------  ----------  --------------  -------------------
/opt/airflow/dags/tender_pipeline_dag.py                           1           0  0.10s           2026-09-15T13:04:23
================================================================================
[2026-09-15T13:05:03.220+0000] {manager.py:878} INFO - 
================================================================================
DAG File Processing Stats

File Path                                 PID    Runtime      # DAGs    # Errors  Last Runtime    Last Run
----------------------------------------  -----  ---------  --------  ----------  --------------  -------------------
/opt/airflow/dags/tender_pipeline_dag.py                           1           0  0.09s           2026-09-15T13:04:54
================================================================================
[2026-09-15T13:05:33.492+0000] {manager.py:878} INFO - 
================================================================================
DAG File Processing Stats

File Path                                 PID    Runtime      # DAGs    # Errors  Last Runtime    Last Run
----------------------------------------  -----  ---------  --------  ----------  --------------  -------------------
/opt/airflow/dags/tender_pipeline_dag.py                           1           0  0.09s           2026-09-15T13:05:24
================================================================================
[2026-09-15T13:06:03.817+0000] {manager.py:878} INFO - 
================================================================================
DAG File Processing Stats

File Path                                 PID    Runtime      # DAGs    # Errors  Last Runtime    Last Run
----------------------------------------  -----  ---------  --------  ----------  --------------  -------------------
/opt/airflow/dags/tender_pipeline_dag.py                           1           0  0.09s           2026-09-15T13:05:54
================================================================================
[2026-09-15T13:06:34.052+0000] {manager.py:878} INFO - 
================================================================================
DAG File Processing Stats

File Path                                 PID    Runtime      # DAGs    # Errors  Last Runtime    Last Run
----------------------------------------  -----  ---------  --------  ----------  --------------  -------------------
/opt/airflow/dags/tender_pipeline_dag.py                           1           0  0.10s           2026-09-15T13:06:25
================================================================================
[2026-09-15T13:07:04.389+0000] {manager.py:878} INFO - 
================================================================================
DAG File Processing Stats

File Path                                 PID    Runtime      # DAGs    # Errors  Last Runtime    Last Run
----------------------------------------  -----  ---------  --------  ----------  --------------  -------------------
/opt/airflow/dags/tender_pipeline_dag.py                           1           0  0.10s           2026-09-15T13:06:55
================================================================================
[2026-09-15T13:07:34.627+0000] {manager.py:878} INFO - 
================================================================================
DAG File Processing Stats

File Path                                 PID    Runtime      # DAGs    # Errors  Last Runtime    Last Run
----------------------------------------  -----  ---------  --------  ----------  --------------  -------------------
/opt/airflow/dags/tender_pipeline_dag.py                           1           0  0.11s           2026-09-15T13:07:25
================================================================================
[2026-09-15T13:08:04.957+0000] {manager.py:878} INFO - 
================================================================================
DAG File Processing Stats

File Path                                 PID    Runtime      # DAGs    # Errors  Last Runtime    Last Run
----------------------------------------  -----  ---------  --------  ----------  --------------  -------------------
/opt/airflow/dags/tender_pipeline_dag.py                           1           0  0.19s           2026-09-15T13:07:56
================================================================================
[2026-09-15T13:08:35.144+0000] {manager.py:878} INFO - 
================================================================================
DAG File Processing Stats

File Path                                 PID    Runtime      # DAGs    # Errors  Last Runtime    Last Run
----------------------------------------  -----  ---------  --------  ----------  --------------  -------------------
/opt/airflow/dags/tender_pipeline_dag.py                           1           0  0.09s           2026-09-15T13:08:26
================================================================================
[2026-09-15T13:09:05.399+0000] {manager.py:878} INFO - 
================================================================================
DAG File Processing Stats

File Path                                 PID    Runtime      # DAGs    # Errors  Last Runtime    Last Run
----------------------------------------  -----  ---------  --------  ----------  --------------  -------------------
/opt/airflow/dags/tender_pipeline_dag.py                           1           0  0.14s           2026-09-15T13:08:56
================================================================================
[2026-09-15T13:09:06.404+0000] {manager.py:737} INFO - Searching for files in /opt/airflow/dags
[2026-09-15T13:09:06.417+0000] {manager.py:740} INFO - There are 1 files in /opt/airflow/dags
[2026-09-15T13:09:35.661+0000] {manager.py:878} INFO - 
================================================================================
DAG File Processing Stats

File Path                                 PID    Runtime      # DAGs    # Errors  Last Runtime    Last Run
----------------------------------------  -----  ---------  --------  ----------  --------------  -------------------
/opt/airflow/dags/tender_pipeline_dag.py                           1           0  0.31s           2026-09-15T13:09:26
================================================================================
[2026-09-15T13:10:06.128+0000] {manager.py:878} INFO - 
================================================================================
DAG File Processing Stats

File Path                                 PID    Runtime      # DAGs    # Errors  Last Runtime    Last Run
----------------------------------------  -----  ---------  --------  ----------  --------------  -------------------
/opt/airflow/dags/tender_pipeline_dag.py                           1           0  0.10s           2026-09-15T13:09:57
================================================================================
[2026-09-15T13:10:36.423+0000] {manager.py:878} INFO - 
================================================================================
DAG File Processing Stats

File Path                                 PID    Runtime      # DAGs    # Errors  Last Runtime    Last Run
----------------------------------------  -----  ---------  --------  ----------  --------------  -------------------
/opt/airflow/dags/tender_pipeline_dag.py                           1           0  0.14s           2026-09-15T13:10:27
================================================================================
[2026-09-15T13:11:06.623+0000] {manager.py:878} INFO - 
================================================================================
DAG File Processing Stats

File Path                                 PID    Runtime      # DAGs    # Errors  Last Runtime    Last Run
----------------------------------------  -----  ---------  --------  ----------  --------------  -------------------
/opt/airflow/dags/tender_pipeline_dag.py                           1           0  0.10s           2026-09-15T13:10:57
================================================================================
[2026-09-15T13:11:36.870+0000] {manager.py:878} INFO - 
================================================================================
DAG File Processing Stats

File Path                                 PID    Runtime      # DAGs    # Errors  Last Runtime    Last Run
----------------------------------------  -----  ---------  --------  ----------  --------------  -------------------
/opt/airflow/dags/tender_pipeline_dag.py                           1           0  0.10s           2026-09-15T13:11:27
================================================================================
[2026-09-15T13:12:07.115+0000] {manager.py:878} INFO - 
================================================================================
DAG File Processing Stats

File Path                                 PID    Runtime      # DAGs    # Errors  Last Runtime    Last Run
----------------------------------------  -----  ---------  --------  ----------  --------------  -------------------
/opt/airflow/dags/tender_pipeline_dag.py                           1           0  0.11s           2026-09-15T13:11:58
================================================================================
[2026-09-15T13:12:37.308+0000] {manager.py:878} INFO - 
================================================================================
DAG File Processing Stats

File Path                                 PID    Runtime      # DAGs    # Errors  Last Runtime    Last Run
----------------------------------------  -----  ---------  --------  ----------  --------------  -------------------
/opt/airflow/dags/tender_pipeline_dag.py                           1           0  0.21s           2026-09-15T13:12:28
================================================================================
[2026-09-15T13:13:07.664+0000] {manager.py:878} INFO - 
================================================================================
DAG File Processing Stats

File Path                                 PID    Runtime      # DAGs    # Errors  Last Runtime    Last Run
----------------------------------------  -----  ---------  --------  ----------  --------------  -------------------
/opt/airflow/dags/tender_pipeline_dag.py                           1           0  0.10s           2026-09-15T13:12:58
================================================================================
[2026-09-15T13:13:37.928+0000] {manager.py:878} INFO - 
================================================================================
DAG File Processing Stats

File Path                                 PID    Runtime      # DAGs    # Errors  Last Runtime    Last Run
----------------------------------------  -----  ---------  --------  ----------  --------------  -------------------
/opt/airflow/dags/tender_pipeline_dag.py                           1           0  0.18s           2026-09-15T13:13:29
================================================================================
[2026-09-15T13:14:07.115+0000] {manager.py:737} INFO - Searching for files in /opt/airflow/dags
[2026-09-15T13:14:07.130+0000] {manager.py:740} INFO - There are 1 files in /opt/airflow/dags
[2026-09-15T13:14:08.143+0000] {manager.py:878} INFO - 
================================================================================
DAG File Processing Stats

File Path                                 PID    Runtime      # DAGs    # Errors  Last Runtime    Last Run
----------------------------------------  -----  ---------  --------  ----------  --------------  -------------------
/opt/airflow/dags/tender_pipeline_dag.py                           1           0  0.09s           2026-09-15T13:13:59
================================================================================
[2026-09-15T13:14:38.357+0000] {manager.py:878} INFO - 
================================================================================
DAG File Processing Stats

File Path                                 PID    Runtime      # DAGs    # Errors  Last Runtime    Last Run
----------------------------------------  -----  ---------  --------  ----------  --------------  -------------------
/opt/airflow/dags/tender_pipeline_dag.py                           1           0  0.09s           2026-09-15T13:14:29
================================================================================
[2026-09-15T13:15:08.613+0000] {manager.py:878} INFO - 
================================================================================
DAG File Processing Stats

File Path                                 PID    Runtime      # DAGs    # Errors  Last Runtime    Last Run
----------------------------------------  -----  ---------  --------  ----------  --------------  -------------------
/opt/airflow/dags/tender_pipeline_dag.py                           1           0  0.09s           2026-09-15T13:14:59
================================================================================
[2026-09-15T13:15:38.822+0000] {manager.py:878} INFO - 
================================================================================
DAG File Processing Stats

File Path                                 PID    Runtime      # DAGs    # Errors  Last Runtime    Last Run
----------------------------------------  -----  ---------  --------  ----------  --------------  -------------------
/opt/airflow/dags/tender_pipeline_dag.py                           1           0  0.10s           2026-09-15T13:15:29
================================================================================
[2026-09-15T13:16:09.097+0000] {manager.py:878} INFO - 
================================================================================
DAG File Processing Stats

File Path                                 PID    Runtime      # DAGs    # Errors  Last Runtime    Last Run
----------------------------------------  -----  ---------  --------  ----------  --------------  -------------------
/opt/airflow/dags/tender_pipeline_dag.py                           1           0  0.13s           2026-09-15T13:16:00
================================================================================
[2026-09-15T13:16:39.330+0000] {manager.py:878} INFO - 
================================================================================
DAG File Processing Stats

File Path                                 PID    Runtime      # DAGs    # Errors  Last Runtime    Last Run
----------------------------------------  -----  ---------  --------  ----------  --------------  -------------------
/opt/airflow/dags/tender_pipeline_dag.py                           1           0  0.10s           2026-09-15T13:16:30
================================================================================
[2026-09-15T13:17:09.548+0000] {manager.py:878} INFO - 
================================================================================
DAG File Processing Stats

File Path                                 PID    Runtime      # DAGs    # Errors  Last Runtime    Last Run
----------------------------------------  -----  ---------  --------  ----------  --------------  -------------------
/opt/airflow/dags/tender_pipeline_dag.py                           1           0  0.10s           2026-09-15T13:17:00
================================================================================
[2026-09-15T13:17:39.802+0000] {manager.py:878} INFO - 
================================================================================
DAG File Processing Stats

File Path                                 PID    Runtime      # DAGs    # Errors  Last Runtime    Last Run
----------------------------------------  -----  ---------  --------  ----------  --------------  -------------------
/opt/airflow/dags/tender_pipeline_dag.py                           1           0  0.12s           2026-09-15T13:17:30
================================================================================
[2026-09-15T13:18:10.089+0000] {manager.py:878} INFO - 
================================================================================
DAG File Processing Stats

File Path                                 PID    Runtime      # DAGs    # Errors  Last Runtime    Last Run
----------------------------------------  -----  ---------  --------  ----------  --------------  -------------------
/opt/airflow/dags/tender_pipeline_dag.py                           1           0  0.16s           2026-09-15T13:18:01
================================================================================
[2026-09-15T13:18:40.387+0000] {manager.py:878} INFO - 
================================================================================
DAG File Processing Stats

File Path                                 PID    Runtime      # DAGs    # Errors  Last Runtime    Last Run
----------------------------------------  -----  ---------  --------  ----------  --------------  -------------------
/opt/airflow/dags/tender_pipeline_dag.py                           1           0  0.09s           2026-09-15T13:18:31
================================================================================
[2026-09-15T13:19:07.642+0000] {manager.py:737} INFO - Searching for files in /opt/airflow/dags
[2026-09-15T13:19:07.673+0000] {manager.py:740} INFO - There are 1 files in /opt/airflow/dags
[2026-09-15T13:19:10.708+0000] {manager.py:878} INFO - 
================================================================================
DAG File Processing Stats

File Path                                 PID    Runtime      # DAGs    # Errors  Last Runtime    Last Run
----------------------------------------  -----  ---------  --------  ----------  --------------  -------------------
/opt/airflow/dags/tender_pipeline_dag.py                           1           0  0.13s           2026-09-15T13:19:01
================================================================================
[2026-09-15T13:19:40.900+0000] {manager.py:878} INFO - 
================================================================================
DAG File Processing Stats

File Path                                 PID    Runtime      # DAGs    # Errors  Last Runtime    Last Run
----------------------------------------  -----  ---------  --------  ----------  --------------  -------------------
/opt/airflow/dags/tender_pipeline_dag.py                           1           0  0.10s           2026-09-15T13:19:31
================================================================================
[2026-09-15T13:20:11.152+0000] {manager.py:878} INFO - 
================================================================================
DAG File Processing Stats

File Path                                 PID    Runtime      # DAGs    # Errors  Last Runtime    Last Run
----------------------------------------  -----  ---------  --------  ----------  --------------  -------------------
/opt/airflow/dags/tender_pipeline_dag.py                           1           0  0.10s           2026-09-15T13:20:02
================================================================================
[2026-09-15T13:20:41.371+0000] {manager.py:878} INFO - 
================================================================================
DAG File Processing Stats

File Path                                 PID    Runtime      # DAGs    # Errors  Last Runtime    Last Run
----------------------------------------  -----  ---------  --------  ----------  --------------  -------------------
/opt/airflow/dags/tender_pipeline_dag.py                           1           0  0.09s           2026-09-15T13:20:32
================================================================================
[2026-09-15T13:21:11.592+0000] {manager.py:878} INFO - 
================================================================================
DAG File Processing Stats

File Path                                 PID    Runtime      # DAGs    # Errors  Last Runtime    Last Run
----------------------------------------  -----  ---------  --------  ----------  --------------  -------------------
/opt/airflow/dags/tender_pipeline_dag.py                           1           0  0.08s           2026-09-15T13:21:02
================================================================================
[2026-09-15T13:21:41.789+0000] {manager.py:878} INFO - 
================================================================================
DAG File Processing Stats

File Path                                 PID    Runtime      # DAGs    # Errors  Last Runtime    Last Run
----------------------------------------  -----  ---------  --------  ----------  --------------  -------------------
/opt/airflow/dags/tender_pipeline_dag.py                           1           0  0.09s           2026-09-15T13:21:32
================================================================================
[2026-09-15T13:22:12.040+0000] {manager.py:878} INFO - 
================================================================================
DAG File Processing Stats

File Path                                 PID    Runtime      # DAGs    # Errors  Last Runtime    Last Run
----------------------------------------  -----  ---------  --------  ----------  --------------  -------------------
/opt/airflow/dags/tender_pipeline_dag.py                           1           0  0.13s           2026-09-15T13:22:03
================================================================================
[2026-09-15T13:22:42.301+0000] {manager.py:878} INFO - 
================================================================================
DAG File Processing Stats

File Path                                 PID    Runtime      # DAGs    # Errors  Last Runtime    Last Run
----------------------------------------  -----  ---------  --------  ----------  --------------  -------------------
/opt/airflow/dags/tender_pipeline_dag.py                           1           0  0.13s           2026-09-15T13:22:33
================================================================================
[2026-09-15T13:23:12.538+0000] {manager.py:878} INFO - 
================================================================================
DAG File Processing Stats

File Path                                 PID    Runtime      # DAGs    # Errors  Last Runtime    Last Run
----------------------------------------  -----  ---------  --------  ----------  --------------  -------------------
/opt/airflow/dags/tender_pipeline_dag.py                           1           0  0.14s           2026-09-15T13:23:03
================================================================================
[2026-09-15T13:23:42.802+0000] {manager.py:878} INFO - 
================================================================================
DAG File Processing Stats

File Path                                 PID    Runtime      # DAGs    # Errors  Last Runtime    Last Run
----------------------------------------  -----  ---------  --------  ----------  --------------  -------------------
/opt/airflow/dags/tender_pipeline_dag.py                           1           0  0.11s           2026-09-15T13:23:33
================================================================================
[2026-09-15T13:24:07.984+0000] {manager.py:737} INFO - Searching for files in /opt/airflow/dags
[2026-09-15T13:24:08.003+0000] {manager.py:740} INFO - There are 1 files in /opt/airflow/dags
[2026-09-15T13:24:13.033+0000] {manager.py:878} INFO - 
================================================================================
DAG File Processing Stats

File Path                                 PID    Runtime      # DAGs    # Errors  Last Runtime    Last Run
----------------------------------------  -----  ---------  --------  ----------  --------------  -------------------
/opt/airflow/dags/tender_pipeline_dag.py                           1           0  0.11s           2026-09-15T13:24:04
================================================================================
[2026-09-15T13:24:43.262+0000] {manager.py:878} INFO - 
================================================================================
DAG File Processing Stats

File Path                                 PID    Runtime      # DAGs    # Errors  Last Runtime    Last Run
----------------------------------------  -----  ---------  --------  ----------  --------------  -------------------
/opt/airflow/dags/tender_pipeline_dag.py                           1           0  0.18s           2026-09-15T13:24:34
================================================================================
[2026-09-15T13:25:13.455+0000] {manager.py:878} INFO - 
================================================================================
DAG File Processing Stats

File Path                                 PID    Runtime      # DAGs    # Errors  Last Runtime    Last Run
----------------------------------------  -----  ---------  --------  ----------  --------------  -------------------
/opt/airflow/dags/tender_pipeline_dag.py                           1           0  0.09s           2026-09-15T13:25:04
================================================================================
[2026-09-15T13:25:43.726+0000] {manager.py:878} INFO - 
================================================================================
DAG File Processing Stats

File Path                                 PID    Runtime      # DAGs    # Errors  Last Runtime    Last Run
----------------------------------------  -----  ---------  --------  ----------  --------------  -------------------
/opt/airflow/dags/tender_pipeline_dag.py                           1           0  0.17s           2026-09-15T13:25:34
================================================================================
[2026-09-15T13:26:14.030+0000] {manager.py:878} INFO - 
================================================================================
DAG File Processing Stats

File Path                                 PID    Runtime      # DAGs    # Errors  Last Runtime    Last Run
----------------------------------------  -----  ---------  --------  ----------  --------------  -------------------
/opt/airflow/dags/tender_pipeline_dag.py                           1           0  0.13s           2026-09-15T13:26:04
================================================================================
[2026-09-15T13:26:44.375+0000] {manager.py:878} INFO - 
================================================================================
DAG File Processing Stats

File Path                                 PID    Runtime      # DAGs    # Errors  Last Runtime    Last Run
----------------------------------------  -----  ---------  --------  ----------  --------------  -------------------
/opt/airflow/dags/tender_pipeline_dag.py                           1           0  0.20s           2026-09-15T13:26:35
================================================================================
[2026-09-15T13:27:14.576+0000] {manager.py:878} INFO - 
================================================================================
DAG File Processing Stats

File Path                                 PID    Runtime      # DAGs    # Errors  Last Runtime    Last Run
----------------------------------------  -----  ---------  --------  ----------  --------------  -------------------
/opt/airflow/dags/tender_pipeline_dag.py                           1           0  0.09s           2026-09-15T13:27:05
================================================================================
[2026-09-15T13:27:44.804+0000] {manager.py:878} INFO - 
================================================================================
DAG File Processing Stats

File Path                                 PID    Runtime      # DAGs    # Errors  Last Runtime    Last Run
----------------------------------------  -----  ---------  --------  ----------  --------------  -------------------
/opt/airflow/dags/tender_pipeline_dag.py                           1           0  0.13s           2026-09-15T13:27:35
================================================================================
[2026-09-15T13:28:15.075+0000] {manager.py:878} INFO - 
================================================================================
DAG File Processing Stats

File Path                                 PID    Runtime      # DAGs    # Errors  Last Runtime    Last Run
----------------------------------------  -----  ---------  --------  ----------  --------------  -------------------
/opt/airflow/dags/tender_pipeline_dag.py                           1           0  0.09s           2026-09-15T13:28:06
================================================================================
[2026-09-15T13:28:45.299+0000] {manager.py:878} INFO - 
================================================================================
DAG File Processing Stats

File Path                                 PID    Runtime      # DAGs    # Errors  Last Runtime    Last Run
----------------------------------------  -----  ---------  --------  ----------  --------------  -------------------
/opt/airflow/dags/tender_pipeline_dag.py                           1           0  0.10s           2026-09-15T13:28:36
================================================================================
[2026-09-15T13:29:08.509+0000] {manager.py:737} INFO - Searching for files in /opt/airflow/dags
[2026-09-15T13:29:08.523+0000] {manager.py:740} INFO - There are 1 files in /opt/airflow/dags
[2026-09-15T13:29:15.565+0000] {manager.py:878} INFO - 
================================================================================
DAG File Processing Stats

File Path                                 PID    Runtime      # DAGs    # Errors  Last Runtime    Last Run
----------------------------------------  -----  ---------  --------  ----------  --------------  -------------------
/opt/airflow/dags/tender_pipeline_dag.py                           1           0  0.10s           2026-09-15T13:29:06
================================================================================
[2026-09-15T13:29:45.756+0000] {manager.py:878} INFO - 
================================================================================
DAG File Processing Stats

File Path                                 PID    Runtime      # DAGs    # Errors  Last Runtime    Last Run
----------------------------------------  -----  ---------  --------  ----------  --------------  -------------------
/opt/airflow/dags/tender_pipeline_dag.py                           1           0  0.10s           2026-09-15T13:29:36
================================================================================
[2026-09-15T13:30:16.012+0000] {manager.py:878} INFO - 
================================================================================
DAG File Processing Stats

File Path                                 PID    Runtime      # DAGs    # Errors  Last Runtime    Last Run
----------------------------------------  -----  ---------  --------  ----------  --------------  -------------------
/opt/airflow/dags/tender_pipeline_dag.py                           1           0  0.10s           2026-09-15T13:30:07
================================================================================
[2026-09-15T13:30:46.201+0000] {manager.py:878} INFO - 
================================================================================
DAG File Processing Stats

File Path                                 PID    Runtime      # DAGs    # Errors  Last Runtime    Last Run
----------------------------------------  -----  ---------  --------  ----------  --------------  -------------------
/opt/airflow/dags/tender_pipeline_dag.py                           1           0  0.11s           2026-09-15T13:30:37
================================================================================
[2026-09-15T13:31:16.469+0000] {manager.py:878} INFO - 
================================================================================
DAG File Processing Stats

File Path                                 PID    Runtime      # DAGs    # Errors  Last Runtime    Last Run
----------------------------------------  -----  ---------  --------  ----------  --------------  -------------------
/opt/airflow/dags/tender_pipeline_dag.py                           1           0  0.17s           2026-09-15T13:31:07
================================================================================
[2026-09-15T13:31:46.705+0000] {manager.py:878} INFO - 
================================================================================
DAG File Processing Stats

File Path                                 PID    Runtime      # DAGs    # Errors  Last Runtime    Last Run
----------------------------------------  -----  ---------  --------  ----------  --------------  -------------------
/opt/airflow/dags/tender_pipeline_dag.py                           1           0  0.09s           2026-09-15T13:31:37
================================================================================
[2026-09-15T13:32:16.897+0000] {manager.py:878} INFO - 
================================================================================
DAG File Processing Stats

File Path                                 PID    Runtime      # DAGs    # Errors  Last Runtime    Last Run
----------------------------------------  -----  ---------  --------  ----------  --------------  -------------------
/opt/airflow/dags/tender_pipeline_dag.py                           1           0  0.10s           2026-09-15T13:32:07
================================================================================
[2026-09-15T13:32:47.132+0000] {manager.py:878} INFO - 
================================================================================
DAG File Processing Stats

File Path                                 PID    Runtime      # DAGs    # Errors  Last Runtime    Last Run
----------------------------------------  -----  ---------  --------  ----------  --------------  -------------------
/opt/airflow/dags/tender_pipeline_dag.py                           1           0  0.09s           2026-09-15T13:32:38
================================================================================
[2026-09-15T13:33:17.344+0000] {manager.py:878} INFO - 
================================================================================
DAG File Processing Stats

File Path                                 PID    Runtime      # DAGs    # Errors  Last Runtime    Last Run
----------------------------------------  -----  ---------  --------  ----------  --------------  -------------------
/opt/airflow/dags/tender_pipeline_dag.py                           1           0  0.09s           2026-09-15T13:33:08
================================================================================
[2026-09-15T13:33:47.570+0000] {manager.py:878} INFO - 
================================================================================
DAG File Processing Stats

File Path                                 PID    Runtime      # DAGs    # Errors  Last Runtime    Last Run
----------------------------------------  -----  ---------  --------  ----------  --------------  -------------------
/opt/airflow/dags/tender_pipeline_dag.py                           1           0  0.10s           2026-09-15T13:33:38
================================================================================
[2026-09-15T13:34:08.670+0000] {manager.py:737} INFO - Searching for files in /opt/airflow/dags
[2026-09-15T13:34:08.684+0000] {manager.py:740} INFO - There are 1 files in /opt/airflow/dags
[2026-09-15T13:34:17.850+0000] {manager.py:878} INFO - 
================================================================================
DAG File Processing Stats

File Path                                 PID    Runtime      # DAGs    # Errors  Last Runtime    Last Run
----------------------------------------  -----  ---------  --------  ----------  --------------  -------------------
/opt/airflow/dags/tender_pipeline_dag.py                           1           0  0.09s           2026-09-15T13:34:08
================================================================================
[2026-09-15T13:34:48.080+0000] {manager.py:878} INFO - 
================================================================================
DAG File Processing Stats

File Path                                 PID    Runtime      # DAGs    # Errors  Last Runtime    Last Run
----------------------------------------  -----  ---------  --------  ----------  --------------  -------------------
/opt/airflow/dags/tender_pipeline_dag.py                           1           0  0.09s           2026-09-15T13:34:39
================================================================================
[2026-09-15T13:35:18.299+0000] {manager.py:878} INFO - 
================================================================================
DAG File Processing Stats

File Path                                 PID    Runtime      # DAGs    # Errors  Last Runtime    Last Run
----------------------------------------  -----  ---------  --------  ----------  --------------  -------------------
/opt/airflow/dags/tender_pipeline_dag.py                           1           0  0.09s           2026-09-15T13:35:09
================================================================================
[2026-09-15T13:35:48.566+0000] {manager.py:878} INFO - 
================================================================================
DAG File Processing Stats

File Path                                 PID    Runtime      # DAGs    # Errors  Last Runtime    Last Run
----------------------------------------  -----  ---------  --------  ----------  --------------  -------------------
/opt/airflow/dags/tender_pipeline_dag.py                           1           0  0.26s           2026-09-15T13:35:39
================================================================================
[2026-09-15T13:36:18.985+0000] {manager.py:878} INFO - 
================================================================================
DAG File Processing Stats

File Path                                 PID    Runtime      # DAGs    # Errors  Last Runtime    Last Run
----------------------------------------  -----  ---------  --------  ----------  --------------  -------------------
/opt/airflow/dags/tender_pipeline_dag.py                           1           0  0.11s           2026-09-15T13:36:10
================================================================================
[2026-09-15T13:36:49.249+0000] {manager.py:878} INFO - 
================================================================================
DAG File Processing Stats

File Path                                 PID    Runtime      # DAGs    # Errors  Last Runtime    Last Run
----------------------------------------  -----  ---------  --------  ----------  --------------  -------------------
/opt/airflow/dags/tender_pipeline_dag.py                           1           0  0.14s           2026-09-15T13:36:40
================================================================================
[2026-09-15T13:37:19.519+0000] {manager.py:878} INFO - 
================================================================================
DAG File Processing Stats

File Path                                 PID    Runtime      # DAGs    # Errors  Last Runtime    Last Run
----------------------------------------  -----  ---------  --------  ----------  --------------  -------------------
/opt/airflow/dags/tender_pipeline_dag.py                           1           0  0.10s           2026-09-15T13:37:10
================================================================================
[2026-09-15T13:37:49.731+0000] {manager.py:878} INFO - 
================================================================================
DAG File Processing Stats

File Path                                 PID    Runtime      # DAGs    # Errors  Last Runtime    Last Run
----------------------------------------  -----  ---------  --------  ----------  --------------  -------------------
/opt/airflow/dags/tender_pipeline_dag.py                           1           0  0.09s           2026-09-15T13:37:40
================================================================================
[2026-09-15T13:38:20.017+0000] {manager.py:878} INFO - 
================================================================================
DAG File Processing Stats

File Path                                 PID    Runtime      # DAGs    # Errors  Last Runtime    Last Run
----------------------------------------  -----  ---------  --------  ----------  --------------  -------------------
/opt/airflow/dags/tender_pipeline_dag.py                           1           0  0.10s           2026-09-15T13:38:10
================================================================================
[2026-09-15T13:38:50.215+0000] {manager.py:878} INFO - 
================================================================================
DAG File Processing Stats

File Path                                 PID    Runtime      # DAGs    # Errors  Last Runtime    Last Run
----------------------------------------  -----  ---------  --------  ----------  --------------  -------------------
/opt/airflow/dags/tender_pipeline_dag.py                           1           0  0.09s           2026-09-15T13:38:41
================================================================================
[2026-09-15T13:39:09.335+0000] {manager.py:737} INFO - Searching for files in /opt/airflow/dags
[2026-09-15T13:39:09.357+0000] {manager.py:740} INFO - There are 1 files in /opt/airflow/dags
[2026-09-15T13:39:20.486+0000] {manager.py:878} INFO - 
================================================================================
DAG File Processing Stats

File Path                                 PID    Runtime      # DAGs    # Errors  Last Runtime    Last Run
----------------------------------------  -----  ---------  --------  ----------  --------------  -------------------
/opt/airflow/dags/tender_pipeline_dag.py                           1           0  0.09s           2026-09-15T13:39:11
================================================================================
[2026-09-15T13:39:50.691+0000] {manager.py:878} INFO - 
================================================================================
DAG File Processing Stats

File Path                                 PID    Runtime      # DAGs    # Errors  Last Runtime    Last Run
----------------------------------------  -----  ---------  --------  ----------  --------------  -------------------
/opt/airflow/dags/tender_pipeline_dag.py                           1           0  0.09s           2026-09-15T13:39:41
================================================================================
[2026-09-15T13:40:20.926+0000] {manager.py:878} INFO - 
================================================================================
DAG File Processing Stats

File Path                                 PID    Runtime      # DAGs    # Errors  Last Runtime    Last Run
----------------------------------------  -----  ---------  --------  ----------  --------------  -------------------
/opt/airflow/dags/tender_pipeline_dag.py                           1           0  0.11s           2026-09-15T13:40:11
================================================================================
[2026-09-15T13:40:51.176+0000] {manager.py:878} INFO - 
================================================================================
DAG File Processing Stats

File Path                                 PID    Runtime      # DAGs    # Errors  Last Runtime    Last Run
----------------------------------------  -----  ---------  --------  ----------  --------------  -------------------
/opt/airflow/dags/tender_pipeline_dag.py                           1           0  0.10s           2026-09-15T13:40:42
================================================================================
[2026-09-15T13:41:21.360+0000] {manager.py:878} INFO - 
================================================================================
DAG File Processing Stats

File Path                                 PID    Runtime      # DAGs    # Errors  Last Runtime    Last Run
----------------------------------------  -----  ---------  --------  ----------  --------------  -------------------
/opt/airflow/dags/tender_pipeline_dag.py                           1           0  0.09s           2026-09-15T13:41:12
================================================================================
[2026-09-15T13:41:51.570+0000] {manager.py:878} INFO - 
================================================================================
DAG File Processing Stats

File Path                                 PID    Runtime      # DAGs    # Errors  Last Runtime    Last Run
----------------------------------------  -----  ---------  --------  ----------  --------------  -------------------
/opt/airflow/dags/tender_pipeline_dag.py                           1           0  0.09s           2026-09-15T13:41:42
================================================================================
[2026-09-15T13:42:21.787+0000] {manager.py:878} INFO - 
================================================================================
DAG File Processing Stats

File Path                                 PID    Runtime      # DAGs    # Errors  Last Runtime    Last Run
----------------------------------------  -----  ---------  --------  ----------  --------------  -------------------
/opt/airflow/dags/tender_pipeline_dag.py                           1           0  0.21s           2026-09-15T13:42:12
================================================================================
[2026-09-15T13:42:52.165+0000] {manager.py:878} INFO - 
================================================================================
DAG File Processing Stats

File Path                                 PID    Runtime      # DAGs    # Errors  Last Runtime    Last Run
----------------------------------------  -----  ---------  --------  ----------  --------------  -------------------
/opt/airflow/dags/tender_pipeline_dag.py                           1           0  0.11s           2026-09-15T13:42:43
================================================================================
[2026-09-15T13:43:22.459+0000] {manager.py:878} INFO - 
================================================================================
DAG File Processing Stats

File Path                                 PID    Runtime      # DAGs    # Errors  Last Runtime    Last Run
----------------------------------------  -----  ---------  --------  ----------  --------------  -------------------
/opt/airflow/dags/tender_pipeline_dag.py                           1           0  0.09s           2026-09-15T13:43:13
================================================================================
[2026-09-15T13:43:52.661+0000] {manager.py:878} INFO - 
================================================================================
DAG File Processing Stats

File Path                                 PID    Runtime      # DAGs    # Errors  Last Runtime    Last Run
----------------------------------------  -----  ---------  --------  ----------  --------------  -------------------
/opt/airflow/dags/tender_pipeline_dag.py                           1           0  0.10s           2026-09-15T13:43:43
================================================================================
[2026-09-15T13:44:09.777+0000] {manager.py:737} INFO - Searching for files in /opt/airflow/dags
[2026-09-15T13:44:09.806+0000] {manager.py:740} INFO - There are 1 files in /opt/airflow/dags
[2026-09-15T13:44:22.964+0000] {manager.py:878} INFO - 
================================================================================
DAG File Processing Stats

File Path                                 PID    Runtime      # DAGs    # Errors  Last Runtime    Last Run
----------------------------------------  -----  ---------  --------  ----------  --------------  -------------------
/opt/airflow/dags/tender_pipeline_dag.py                           1           0  0.21s           2026-09-15T13:44:14
================================================================================
[2026-09-15T13:44:53.178+0000] {manager.py:878} INFO - 
================================================================================
DAG File Processing Stats

File Path                                 PID    Runtime      # DAGs    # Errors  Last Runtime    Last Run
----------------------------------------  -----  ---------  --------  ----------  --------------  -------------------
/opt/airflow/dags/tender_pipeline_dag.py                           1           0  0.10s           2026-09-15T13:44:44
================================================================================
[2026-09-15T13:45:23.437+0000] {manager.py:878} INFO - 
================================================================================
DAG File Processing Stats

File Path                                 PID    Runtime      # DAGs    # Errors  Last Runtime    Last Run
----------------------------------------  -----  ---------  --------  ----------  --------------  -------------------
/opt/airflow/dags/tender_pipeline_dag.py                           1           0  0.10s           2026-09-15T13:45:14
================================================================================
[2026-09-15T13:45:53.641+0000] {manager.py:878} INFO - 
================================================================================
DAG File Processing Stats

File Path                                 PID    Runtime      # DAGs    # Errors  Last Runtime    Last Run
----------------------------------------  -----  ---------  --------  ----------  --------------  -------------------
/opt/airflow/dags/tender_pipeline_dag.py                           1           0  0.13s           2026-09-15T13:45:44
================================================================================
[2026-09-15T13:46:23.948+0000] {manager.py:878} INFO - 
================================================================================
DAG File Processing Stats

File Path                                 PID    Runtime      # DAGs    # Errors  Last Runtime    Last Run
----------------------------------------  -----  ---------  --------  ----------  --------------  -------------------
/opt/airflow/dags/tender_pipeline_dag.py                           1           0  0.14s           2026-09-15T13:46:14
================================================================================
[2026-09-15T13:46:54.155+0000] {manager.py:878} INFO - 
================================================================================
DAG File Processing Stats

File Path                                 PID    Runtime      # DAGs    # Errors  Last Runtime    Last Run
----------------------------------------  -----  ---------  --------  ----------  --------------  -------------------
/opt/airflow/dags/tender_pipeline_dag.py                           1           0  0.10s           2026-09-15T13:46:45
================================================================================
[2026-09-15T13:47:24.421+0000] {manager.py:878} INFO - 
================================================================================
DAG File Processing Stats

File Path                                 PID    Runtime      # DAGs    # Errors  Last Runtime    Last Run
----------------------------------------  -----  ---------  --------  ----------  --------------  -------------------
/opt/airflow/dags/tender_pipeline_dag.py                           1           0  0.09s           2026-09-15T13:47:15
================================================================================
[2026-09-15T13:47:54.617+0000] {manager.py:878} INFO - 
================================================================================
DAG File Processing Stats

File Path                                 PID    Runtime      # DAGs    # Errors  Last Runtime    Last Run
----------------------------------------  -----  ---------  --------  ----------  --------------  -------------------
/opt/airflow/dags/tender_pipeline_dag.py                           1           0  0.13s           2026-09-15T13:47:45
================================================================================
[2026-09-15T13:48:24.909+0000] {manager.py:878} INFO - 
================================================================================
DAG File Processing Stats

File Path                                 PID    Runtime      # DAGs    # Errors  Last Runtime    Last Run
----------------------------------------  -----  ---------  --------  ----------  --------------  -------------------
/opt/airflow/dags/tender_pipeline_dag.py                           1           0  0.10s           2026-09-15T13:48:15
================================================================================
[2026-09-15T13:48:55.131+0000] {manager.py:878} INFO - 
================================================================================
DAG File Processing Stats

File Path                                 PID    Runtime      # DAGs    # Errors  Last Runtime    Last Run
----------------------------------------  -----  ---------  --------  ----------  --------------  -------------------
/opt/airflow/dags/tender_pipeline_dag.py                           1           0  0.10s           2026-09-15T13:48:46
================================================================================
[2026-09-15T13:49:10.240+0000] {manager.py:737} INFO - Searching for files in /opt/airflow/dags
[2026-09-15T13:49:10.255+0000] {manager.py:740} INFO - There are 1 files in /opt/airflow/dags
[2026-09-15T13:49:25.407+0000] {manager.py:878} INFO - 
================================================================================
DAG File Processing Stats

File Path                                 PID    Runtime      # DAGs    # Errors  Last Runtime    Last Run
----------------------------------------  -----  ---------  --------  ----------  --------------  -------------------
/opt/airflow/dags/tender_pipeline_dag.py                           1           0  0.09s           2026-09-15T13:49:16
================================================================================
[2026-09-15T13:49:55.612+0000] {manager.py:878} INFO - 
================================================================================
DAG File Processing Stats

File Path                                 PID    Runtime      # DAGs    # Errors  Last Runtime    Last Run
----------------------------------------  -----  ---------  --------  ----------  --------------  -------------------
/opt/airflow/dags/tender_pipeline_dag.py                           1           0  0.09s           2026-09-15T13:49:46
================================================================================
[2026-09-15T13:50:25.850+0000] {manager.py:878} INFO - 
================================================================================
DAG File Processing Stats

File Path                                 PID    Runtime      # DAGs    # Errors  Last Runtime    Last Run
----------------------------------------  -----  ---------  --------  ----------  --------------  -------------------
/opt/airflow/dags/tender_pipeline_dag.py                           1           0  0.10s           2026-09-15T13:50:16
================================================================================
[2026-09-15T13:50:56.071+0000] {manager.py:878} INFO - 
================================================================================
DAG File Processing Stats

File Path                                 PID    Runtime      # DAGs    # Errors  Last Runtime    Last Run
----------------------------------------  -----  ---------  --------  ----------  --------------  -------------------
/opt/airflow/dags/tender_pipeline_dag.py                           1           0  0.10s           2026-09-15T13:50:47
================================================================================
[2026-09-15T13:51:26.334+0000] {manager.py:878} INFO - 
================================================================================
DAG File Processing Stats

File Path                                 PID    Runtime      # DAGs    # Errors  Last Runtime    Last Run
----------------------------------------  -----  ---------  --------  ----------  --------------  -------------------
/opt/airflow/dags/tender_pipeline_dag.py                           1           0  0.10s           2026-09-15T13:51:17
================================================================================
[2026-09-15T13:51:56.560+0000] {manager.py:878} INFO - 
================================================================================
DAG File Processing Stats

File Path                                 PID    Runtime      # DAGs    # Errors  Last Runtime    Last Run
----------------------------------------  -----  ---------  --------  ----------  --------------  -------------------
/opt/airflow/dags/tender_pipeline_dag.py                           1           0  0.09s           2026-09-15T13:51:47
================================================================================
[2026-09-15T13:52:26.798+0000] {manager.py:878} INFO - 
================================================================================
DAG File Processing Stats

File Path                                 PID    Runtime      # DAGs    # Errors  Last Runtime    Last Run
----------------------------------------  -----  ---------  --------  ----------  --------------  -------------------
/opt/airflow/dags/tender_pipeline_dag.py                           1           0  0.09s           2026-09-15T13:52:17
================================================================================
[2026-09-15T13:52:56.958+0000] {manager.py:878} INFO - 
================================================================================
DAG File Processing Stats

File Path                                 PID    Runtime      # DAGs    # Errors  Last Runtime    Last Run
----------------------------------------  -----  ---------  --------  ----------  --------------  -------------------
/opt/airflow/dags/tender_pipeline_dag.py                           1           0  0.32s           2026-09-15T13:52:48
================================================================================
[2026-09-15T13:53:27.466+0000] {manager.py:878} INFO - 
================================================================================
DAG File Processing Stats

File Path                                 PID    Runtime      # DAGs    # Errors  Last Runtime    Last Run
----------------------------------------  -----  ---------  --------  ----------  --------------  -------------------
/opt/airflow/dags/tender_pipeline_dag.py                           1           0  0.20s           2026-09-15T13:53:18
================================================================================
[2026-09-15T13:53:57.870+0000] {manager.py:878} INFO - 
================================================================================
DAG File Processing Stats

File Path                                 PID    Runtime      # DAGs    # Errors  Last Runtime    Last Run
----------------------------------------  -----  ---------  --------  ----------  --------------  -------------------
/opt/airflow/dags/tender_pipeline_dag.py                           1           0  0.09s           2026-09-15T13:53:48
================================================================================
[2026-09-15T13:54:10.942+0000] {manager.py:737} INFO - Searching for files in /opt/airflow/dags
[2026-09-15T13:54:10.958+0000] {manager.py:740} INFO - There are 1 files in /opt/airflow/dags
[2026-09-15T13:54:28.132+0000] {manager.py:878} INFO - 
================================================================================
DAG File Processing Stats

File Path                                 PID    Runtime      # DAGs    # Errors  Last Runtime    Last Run
----------------------------------------  -----  ---------  --------  ----------  --------------  -------------------
/opt/airflow/dags/tender_pipeline_dag.py                           1           0  0.09s           2026-09-15T13:54:19
================================================================================
[2026-09-15T13:54:58.344+0000] {manager.py:878} INFO - 
================================================================================
DAG File Processing Stats

File Path                                 PID    Runtime      # DAGs    # Errors  Last Runtime    Last Run
----------------------------------------  -----  ---------  --------  ----------  --------------  -------------------
/opt/airflow/dags/tender_pipeline_dag.py                           1           0  0.18s           2026-09-15T13:54:49
================================================================================
[2026-09-15T13:55:28.680+0000] {manager.py:878} INFO - 
================================================================================
DAG File Processing Stats

File Path                                 PID    Runtime      # DAGs    # Errors  Last Runtime    Last Run
----------------------------------------  -----  ---------  --------  ----------  --------------  -------------------
/opt/airflow/dags/tender_pipeline_dag.py                           1           0  0.10s           2026-09-15T13:55:19
================================================================================
[2026-09-15T13:55:58.929+0000] {manager.py:878} INFO - 
================================================================================
DAG File Processing Stats

File Path                                 PID    Runtime      # DAGs    # Errors  Last Runtime    Last Run
----------------------------------------  -----  ---------  --------  ----------  --------------  -------------------
/opt/airflow/dags/tender_pipeline_dag.py                           1           0  0.14s           2026-09-15T13:55:49
================================================================================
[2026-09-15T13:56:29.150+0000] {manager.py:878} INFO - 
================================================================================
DAG File Processing Stats

File Path                                 PID    Runtime      # DAGs    # Errors  Last Runtime    Last Run
----------------------------------------  -----  ---------  --------  ----------  --------------  -------------------
/opt/airflow/dags/tender_pipeline_dag.py                           1           0  0.10s           2026-09-15T13:56:20
================================================================================
[2026-09-15T13:56:59.347+0000] {manager.py:878} INFO - 
================================================================================
DAG File Processing Stats

File Path                                 PID    Runtime      # DAGs    # Errors  Last Runtime    Last Run
----------------------------------------  -----  ---------  --------  ----------  --------------  -------------------
/opt/airflow/dags/tender_pipeline_dag.py                           1           0  0.09s           2026-09-15T13:56:50
================================================================================
[2026-09-15T13:57:29.587+0000] {manager.py:878} INFO - 
================================================================================
DAG File Processing Stats

File Path                                 PID    Runtime      # DAGs    # Errors  Last Runtime    Last Run
----------------------------------------  -----  ---------  --------  ----------  --------------  -------------------
/opt/airflow/dags/tender_pipeline_dag.py                           1           0  0.09s           2026-09-15T13:57:20
================================================================================
[2026-09-15T13:57:59.776+0000] {manager.py:878} INFO - 
================================================================================
DAG File Processing Stats

File Path                                 PID    Runtime      # DAGs    # Errors  Last Runtime    Last Run
----------------------------------------  -----  ---------  --------  ----------  --------------  -------------------
/opt/airflow/dags/tender_pipeline_dag.py                           1           0  0.10s           2026-09-15T13:57:50
================================================================================
[2026-09-15T13:58:30.031+0000] {manager.py:878} INFO - 
================================================================================
DAG File Processing Stats

File Path                                 PID    Runtime      # DAGs    # Errors  Last Runtime    Last Run
----------------------------------------  -----  ---------  --------  ----------  --------------  -------------------
/opt/airflow/dags/tender_pipeline_dag.py                           1           0  0.08s           2026-09-15T13:58:20
================================================================================
[2026-09-15T13:59:00.251+0000] {manager.py:878} INFO - 
================================================================================
DAG File Processing Stats

File Path                                 PID    Runtime      # DAGs    # Errors  Last Runtime    Last Run
----------------------------------------  -----  ---------  --------  ----------  --------------  -------------------
/opt/airflow/dags/tender_pipeline_dag.py                           1           0  0.22s           2026-09-15T13:58:51
================================================================================
[2026-09-15T13:59:11.357+0000] {manager.py:737} INFO - Searching for files in /opt/airflow/dags
[2026-09-15T13:59:11.594+0000] {manager.py:740} INFO - There are 1 files in /opt/airflow/dags
[2026-09-15T13:59:30.842+0000] {manager.py:878} INFO - 
================================================================================
DAG File Processing Stats

File Path                                 PID    Runtime      # DAGs    # Errors  Last Runtime    Last Run
----------------------------------------  -----  ---------  --------  ----------  --------------  -------------------
/opt/airflow/dags/tender_pipeline_dag.py                           1           0  0.13s           2026-09-15T13:59:21
================================================================================
[2026-09-15T14:00:01.107+0000] {manager.py:878} INFO - 
================================================================================
DAG File Processing Stats

File Path                                 PID    Runtime      # DAGs    # Errors  Last Runtime    Last Run
----------------------------------------  -----  ---------  --------  ----------  --------------  -------------------
/opt/airflow/dags/tender_pipeline_dag.py                           1           0  0.10s           2026-09-15T13:59:52
================================================================================
[2026-09-15T14:00:31.388+0000] {manager.py:878} INFO - 
================================================================================
DAG File Processing Stats

File Path                                 PID    Runtime      # DAGs    # Errors  Last Runtime    Last Run
----------------------------------------  -----  ---------  --------  ----------  --------------  -------------------
/opt/airflow/dags/tender_pipeline_dag.py                           1           0  0.25s           2026-09-15T14:00:22
================================================================================
[2026-09-15T14:01:01.842+0000] {manager.py:878} INFO - 
================================================================================
DAG File Processing Stats

File Path                                 PID    Runtime      # DAGs    # Errors  Last Runtime    Last Run
----------------------------------------  -----  ---------  --------  ----------  --------------  -------------------
/opt/airflow/dags/tender_pipeline_dag.py                           1           0  0.10s           2026-09-15T14:00:52
================================================================================
[2026-09-15T14:01:32.084+0000] {manager.py:878} INFO - 
================================================================================
DAG File Processing Stats

File Path                                 PID    Runtime      # DAGs    # Errors  Last Runtime    Last Run
----------------------------------------  -----  ---------  --------  ----------  --------------  -------------------
/opt/airflow/dags/tender_pipeline_dag.py                           1           0  0.09s           2026-09-15T14:01:23
================================================================================
[2026-09-15T14:02:02.291+0000] {manager.py:878} INFO - 
================================================================================
DAG File Processing Stats

File Path                                 PID    Runtime      # DAGs    # Errors  Last Runtime    Last Run
----------------------------------------  -----  ---------  --------  ----------  --------------  -------------------
/opt/airflow/dags/tender_pipeline_dag.py                           1           0  0.10s           2026-09-15T14:01:53
================================================================================
[2026-09-15T14:02:32.539+0000] {manager.py:878} INFO - 
================================================================================
DAG File Processing Stats

File Path                                 PID    Runtime      # DAGs    # Errors  Last Runtime    Last Run
----------------------------------------  -----  ---------  --------  ----------  --------------  -------------------
/opt/airflow/dags/tender_pipeline_dag.py                           1           0  0.09s           2026-09-15T14:02:23
================================================================================
[2026-09-15T14:03:02.769+0000] {manager.py:878} INFO - 
================================================================================
DAG File Processing Stats

File Path                                 PID    Runtime      # DAGs    # Errors  Last Runtime    Last Run
----------------------------------------  -----  ---------  --------  ----------  --------------  -------------------
/opt/airflow/dags/tender_pipeline_dag.py                           1           0  0.10s           2026-09-15T14:02:53
================================================================================
[2026-09-15T14:03:33.026+0000] {manager.py:878} INFO - 
================================================================================
DAG File Processing Stats

File Path                                 PID    Runtime      # DAGs    # Errors  Last Runtime    Last Run
----------------------------------------  -----  ---------  --------  ----------  --------------  -------------------
/opt/airflow/dags/tender_pipeline_dag.py                           1           0  0.10s           2026-09-15T14:03:23
================================================================================
[2026-09-15T14:04:03.198+0000] {manager.py:878} INFO - 
================================================================================
DAG File Processing Stats

File Path                                 PID    Runtime      # DAGs    # Errors  Last Runtime    Last Run
----------------------------------------  -----  ---------  --------  ----------  --------------  -------------------
/opt/airflow/dags/tender_pipeline_dag.py                           1           0  0.09s           2026-09-15T14:03:54
================================================================================
[2026-09-15T14:04:12.262+0000] {manager.py:737} INFO - Searching for files in /opt/airflow/dags
[2026-09-15T14:04:12.279+0000] {manager.py:740} INFO - There are 1 files in /opt/airflow/dags
[2026-09-15T14:04:33.420+0000] {manager.py:878} INFO - 
================================================================================
DAG File Processing Stats

File Path                                 PID    Runtime      # DAGs    # Errors  Last Runtime    Last Run
----------------------------------------  -----  ---------  --------  ----------  --------------  -------------------
/opt/airflow/dags/tender_pipeline_dag.py                           1           0  0.09s           2026-09-15T14:04:24
================================================================================
[2026-09-15T14:05:03.629+0000] {manager.py:878} INFO - 
================================================================================
DAG File Processing Stats

File Path                                 PID    Runtime      # DAGs    # Errors  Last Runtime    Last Run
----------------------------------------  -----  ---------  --------  ----------  --------------  -------------------
/opt/airflow/dags/tender_pipeline_dag.py                           1           0  0.09s           2026-09-15T14:04:54
================================================================================
[2026-09-15T14:05:33.898+0000] {manager.py:878} INFO - 
================================================================================
DAG File Processing Stats

File Path                                 PID    Runtime      # DAGs    # Errors  Last Runtime    Last Run
----------------------------------------  -----  ---------  --------  ----------  --------------  -------------------
/opt/airflow/dags/tender_pipeline_dag.py                           1           0  0.22s           2026-09-15T14:05:24
================================================================================
[2026-09-15T14:06:04.079+0000] {manager.py:878} INFO - 
================================================================================
DAG File Processing Stats

File Path                                 PID    Runtime      # DAGs    # Errors  Last Runtime    Last Run
----------------------------------------  -----  ---------  --------  ----------  --------------  -------------------
/opt/airflow/dags/tender_pipeline_dag.py                           1           0  0.09s           2026-09-15T14:05:55
================================================================================
[2026-09-15T14:06:34.320+0000] {manager.py:878} INFO - 
================================================================================
DAG File Processing Stats

File Path                                 PID    Runtime      # DAGs    # Errors  Last Runtime    Last Run
----------------------------------------  -----  ---------  --------  ----------  --------------  -------------------
/opt/airflow/dags/tender_pipeline_dag.py                           1           0  0.11s           2026-09-15T14:06:25
================================================================================
[2026-09-15T14:07:04.501+0000] {manager.py:878} INFO - 
================================================================================
DAG File Processing Stats

File Path                                 PID    Runtime      # DAGs    # Errors  Last Runtime    Last Run
----------------------------------------  -----  ---------  --------  ----------  --------------  -------------------
/opt/airflow/dags/tender_pipeline_dag.py                           1           0  0.10s           2026-09-15T14:06:55
================================================================================
[2026-09-15T14:07:34.693+0000] {manager.py:878} INFO - 
================================================================================
DAG File Processing Stats

File Path                                 PID    Runtime      # DAGs    # Errors  Last Runtime    Last Run
----------------------------------------  -----  ---------  --------  ----------  --------------  -------------------
/opt/airflow/dags/tender_pipeline_dag.py                           1           0  0.10s           2026-09-15T14:07:25
================================================================================
[2026-09-15T14:08:04.955+0000] {manager.py:878} INFO - 
================================================================================
DAG File Processing Stats

File Path                                 PID    Runtime      # DAGs    # Errors  Last Runtime    Last Run
----------------------------------------  -----  ---------  --------  ----------  --------------  -------------------
/opt/airflow/dags/tender_pipeline_dag.py                           1           0  0.10s           2026-09-15T14:07:55
================================================================================
[2026-09-15T14:08:35.169+0000] {manager.py:878} INFO - 
================================================================================
DAG File Processing Stats

File Path                                 PID    Runtime      # DAGs    # Errors  Last Runtime    Last Run
----------------------------------------  -----  ---------  --------  ----------  --------------  -------------------
/opt/airflow/dags/tender_pipeline_dag.py                           1           0  0.09s           2026-09-15T14:08:26
================================================================================
[2026-09-15T14:09:05.392+0000] {manager.py:878} INFO - 
================================================================================
DAG File Processing Stats

File Path                                 PID    Runtime      # DAGs    # Errors  Last Runtime    Last Run
----------------------------------------  -----  ---------  --------  ----------  --------------  -------------------
/opt/airflow/dags/tender_pipeline_dag.py                           1           0  0.09s           2026-09-15T14:08:56
================================================================================
[2026-09-15T14:09:12.429+0000] {manager.py:737} INFO - Searching for files in /opt/airflow/dags
[2026-09-15T14:09:12.464+0000] {manager.py:740} INFO - There are 1 files in /opt/airflow/dags
[2026-09-15T14:09:35.657+0000] {manager.py:878} INFO - 
================================================================================
DAG File Processing Stats

File Path                                 PID    Runtime      # DAGs    # Errors  Last Runtime    Last Run
----------------------------------------  -----  ---------  --------  ----------  --------------  -------------------
/opt/airflow/dags/tender_pipeline_dag.py                           1           0  0.13s           2026-09-15T14:09:26
================================================================================
[2026-09-15T14:10:05.923+0000] {manager.py:878} INFO - 
================================================================================
DAG File Processing Stats

File Path                                 PID    Runtime      # DAGs    # Errors  Last Runtime    Last Run
----------------------------------------  -----  ---------  --------  ----------  --------------  -------------------
/opt/airflow/dags/tender_pipeline_dag.py                           1           0  0.14s           2026-09-15T14:09:56
================================================================================
[2026-09-15T14:10:36.210+0000] {manager.py:878} INFO - 
================================================================================
DAG File Processing Stats

File Path                                 PID    Runtime      # DAGs    # Errors  Last Runtime    Last Run
----------------------------------------  -----  ---------  --------  ----------  --------------  -------------------
/opt/airflow/dags/tender_pipeline_dag.py                           1           0  0.09s           2026-09-15T14:10:27
================================================================================
[2026-09-15T14:11:06.450+0000] {manager.py:878} INFO - 
================================================================================
DAG File Processing Stats

File Path                                 PID    Runtime      # DAGs    # Errors  Last Runtime    Last Run
----------------------------------------  -----  ---------  --------  ----------  --------------  -------------------
/opt/airflow/dags/tender_pipeline_dag.py                           1           0  0.21s           2026-09-15T14:10:57
================================================================================
[2026-09-15T14:11:36.832+0000] {manager.py:878} INFO - 
================================================================================
DAG File Processing Stats

File Path                                 PID    Runtime      # DAGs    # Errors  Last Runtime    Last Run
----------------------------------------  -----  ---------  --------  ----------  --------------  -------------------
/opt/airflow/dags/tender_pipeline_dag.py                           1           0  0.09s           2026-09-15T14:11:27
================================================================================
[2026-09-15T14:12:07.085+0000] {manager.py:878} INFO - 
================================================================================
DAG File Processing Stats

File Path                                 PID    Runtime      # DAGs    # Errors  Last Runtime    Last Run
----------------------------------------  -----  ---------  --------  ----------  --------------  -------------------
/opt/airflow/dags/tender_pipeline_dag.py                           1           0  0.10s           2026-09-15T14:11:58
================================================================================
[2026-09-15T14:12:37.282+0000] {manager.py:878} INFO - 
================================================================================
DAG File Processing Stats

File Path                                 PID    Runtime      # DAGs    # Errors  Last Runtime    Last Run
----------------------------------------  -----  ---------  --------  ----------  --------------  -------------------
/opt/airflow/dags/tender_pipeline_dag.py                           1           0  0.09s           2026-09-15T14:12:28
================================================================================
[2026-09-15T14:13:07.496+0000] {manager.py:878} INFO - 
================================================================================
DAG File Processing Stats

File Path                                 PID    Runtime      # DAGs    # Errors  Last Runtime    Last Run
----------------------------------------  -----  ---------  --------  ----------  --------------  -------------------
/opt/airflow/dags/tender_pipeline_dag.py                           1           0  0.09s           2026-09-15T14:12:58
================================================================================
[2026-09-15T14:13:37.733+0000] {manager.py:878} INFO - 
================================================================================
DAG File Processing Stats

File Path                                 PID    Runtime      # DAGs    # Errors  Last Runtime    Last Run
----------------------------------------  -----  ---------  --------  ----------  --------------  -------------------
/opt/airflow/dags/tender_pipeline_dag.py                           1           0  0.14s           2026-09-15T14:13:28
================================================================================
[2026-09-15T14:14:07.912+0000] {manager.py:878} INFO - 
================================================================================
DAG File Processing Stats

File Path                                 PID    Runtime      # DAGs    # Errors  Last Runtime    Last Run
----------------------------------------  -----  ---------  --------  ----------  --------------  -------------------
/opt/airflow/dags/tender_pipeline_dag.py                           1           0  0.09s           2026-09-15T14:13:58
================================================================================
[2026-09-15T14:14:12.941+0000] {manager.py:737} INFO - Searching for files in /opt/airflow/dags
[2026-09-15T14:14:13.536+0000] {manager.py:740} INFO - There are 1 files in /opt/airflow/dags
[2026-09-15T14:14:38.042+0000] {manager.py:878} INFO - 
================================================================================
DAG File Processing Stats

File Path                                 PID    Runtime      # DAGs    # Errors  Last Runtime    Last Run
----------------------------------------  -----  ---------  --------  ----------  --------------  -------------------
/opt/airflow/dags/tender_pipeline_dag.py                           1           0  0.22s           2026-09-15T14:14:30
================================================================================
[2026-09-15T14:15:08.190+0000] {manager.py:878} INFO - 
================================================================================
DAG File Processing Stats

File Path                                 PID    Runtime      # DAGs    # Errors  Last Runtime    Last Run
----------------------------------------  -----  ---------  --------  ----------  --------------  -------------------
/opt/airflow/dags/tender_pipeline_dag.py                           1           0  0.09s           2026-09-15T14:15:00
================================================================================
[2026-09-15T14:15:38.424+0000] {manager.py:878} INFO - 
================================================================================
DAG File Processing Stats

File Path                                 PID    Runtime      # DAGs    # Errors  Last Runtime    Last Run
----------------------------------------  -----  ---------  --------  ----------  --------------  -------------------
/opt/airflow/dags/tender_pipeline_dag.py                           1           0  0.14s           2026-09-15T14:15:30
================================================================================
[2026-09-15T14:16:08.636+0000] {manager.py:878} INFO - 
================================================================================
DAG File Processing Stats

File Path                                 PID    Runtime      # DAGs    # Errors  Last Runtime    Last Run
----------------------------------------  -----  ---------  --------  ----------  --------------  -------------------
/opt/airflow/dags/tender_pipeline_dag.py                           1           0  0.17s           2026-09-15T14:16:00
================================================================================
[2026-09-15T14:16:38.927+0000] {manager.py:878} INFO - 
================================================================================
DAG File Processing Stats

File Path                                 PID    Runtime      # DAGs    # Errors  Last Runtime    Last Run
----------------------------------------  -----  ---------  --------  ----------  --------------  -------------------
/opt/airflow/dags/tender_pipeline_dag.py                           1           0  0.17s           2026-09-15T14:16:30
================================================================================
[2026-09-15T14:17:09.194+0000] {manager.py:878} INFO - 
================================================================================
DAG File Processing Stats

File Path                                 PID    Runtime      # DAGs    # Errors  Last Runtime    Last Run
----------------------------------------  -----  ---------  --------  ----------  --------------  -------------------
/opt/airflow/dags/tender_pipeline_dag.py                           1           0  0.17s           2026-09-15T14:17:01
================================================================================
[2026-09-15T14:17:39.462+0000] {manager.py:878} INFO - 
================================================================================
DAG File Processing Stats

File Path                                 PID    Runtime      # DAGs    # Errors  Last Runtime    Last Run
----------------------------------------  -----  ---------  --------  ----------  --------------  -------------------
/opt/airflow/dags/tender_pipeline_dag.py                           1           0  0.17s           2026-09-15T14:17:31
================================================================================
[2026-09-15T14:18:09.728+0000] {manager.py:878} INFO - 
================================================================================
DAG File Processing Stats

File Path                                 PID    Runtime      # DAGs    # Errors  Last Runtime    Last Run
----------------------------------------  -----  ---------  --------  ----------  --------------  -------------------
/opt/airflow/dags/tender_pipeline_dag.py                           1           0  0.13s           2026-09-15T14:18:01
================================================================================
[2026-09-15T14:18:40.020+0000] {manager.py:878} INFO - 
================================================================================
DAG File Processing Stats

File Path                                 PID    Runtime      # DAGs    # Errors  Last Runtime    Last Run
----------------------------------------  -----  ---------  --------  ----------  --------------  -------------------
/opt/airflow/dags/tender_pipeline_dag.py                           1           0  0.40s           2026-09-15T14:18:38
================================================================================
[2026-09-15T14:19:10.514+0000] {manager.py:878} INFO - 
================================================================================
DAG File Processing Stats

File Path                                 PID    Runtime      # DAGs    # Errors  Last Runtime    Last Run
----------------------------------------  -----  ---------  --------  ----------  --------------  -------------------
/opt/airflow/dags/tender_pipeline_dag.py                           1           0  0.09s           2026-09-15T14:19:08
================================================================================
[2026-09-15T14:19:13.535+0000] {manager.py:737} INFO - Searching for files in /opt/airflow/dags
[2026-09-15T14:19:13.571+0000] {manager.py:740} INFO - There are 1 files in /opt/airflow/dags
[2026-09-15T14:19:40.765+0000] {manager.py:878} INFO - 
================================================================================
DAG File Processing Stats

File Path                                 PID    Runtime      # DAGs    # Errors  Last Runtime    Last Run
----------------------------------------  -----  ---------  --------  ----------  --------------  -------------------
/opt/airflow/dags/tender_pipeline_dag.py                           1           0  0.10s           2026-09-15T14:19:38
================================================================================
[2026-09-15T14:20:11.007+0000] {manager.py:878} INFO - 
================================================================================
DAG File Processing Stats

File Path                                 PID    Runtime      # DAGs    # Errors  Last Runtime    Last Run
----------------------------------------  -----  ---------  --------  ----------  --------------  -------------------
/opt/airflow/dags/tender_pipeline_dag.py                           1           0  0.11s           2026-09-15T14:20:09
================================================================================
[2026-09-15T14:20:41.244+0000] {manager.py:878} INFO - 
================================================================================
DAG File Processing Stats

File Path                                 PID    Runtime      # DAGs    # Errors  Last Runtime    Last Run
----------------------------------------  -----  ---------  --------  ----------  --------------  -------------------
/opt/airflow/dags/tender_pipeline_dag.py                           1           0  0.12s           2026-09-15T14:20:39
================================================================================
[2026-09-15T14:21:11.523+0000] {manager.py:878} INFO - 
================================================================================
DAG File Processing Stats

File Path                                 PID    Runtime      # DAGs    # Errors  Last Runtime    Last Run
----------------------------------------  -----  ---------  --------  ----------  --------------  -------------------
/opt/airflow/dags/tender_pipeline_dag.py                           1           0  0.14s           2026-09-15T14:21:09
================================================================================
[2026-09-15T14:21:41.814+0000] {manager.py:878} INFO - 
================================================================================
DAG File Processing Stats

File Path                                 PID    Runtime      # DAGs    # Errors  Last Runtime    Last Run
----------------------------------------  -----  ---------  --------  ----------  --------------  -------------------
/opt/airflow/dags/tender_pipeline_dag.py                           1           0  0.12s           2026-09-15T14:21:39
================================================================================
[2026-09-15T14:22:12.053+0000] {manager.py:878} INFO - 
================================================================================
DAG File Processing Stats

File Path                                 PID    Runtime      # DAGs    # Errors  Last Runtime    Last Run
----------------------------------------  -----  ---------  --------  ----------  --------------  -------------------
/opt/airflow/dags/tender_pipeline_dag.py                           1           0  0.14s           2026-09-15T14:22:10
================================================================================
[2026-09-15T14:22:42.356+0000] {manager.py:878} INFO - 
================================================================================
DAG File Processing Stats

File Path                                 PID    Runtime      # DAGs    # Errors  Last Runtime    Last Run
----------------------------------------  -----  ---------  --------  ----------  --------------  -------------------
/opt/airflow/dags/tender_pipeline_dag.py                           1           0  0.12s           2026-09-15T14:22:40
================================================================================
[2026-09-15T14:23:12.525+0000] {manager.py:878} INFO - 
================================================================================
DAG File Processing Stats

File Path                                 PID    Runtime      # DAGs    # Errors  Last Runtime    Last Run
----------------------------------------  -----  ---------  --------  ----------  --------------  -------------------
/opt/airflow/dags/tender_pipeline_dag.py                           1           0  0.09s           2026-09-15T14:23:10
================================================================================
[2026-09-15T14:23:42.738+0000] {manager.py:878} INFO - 
================================================================================
DAG File Processing Stats

File Path                                 PID    Runtime      # DAGs    # Errors  Last Runtime    Last Run
----------------------------------------  -----  ---------  --------  ----------  --------------  -------------------
/opt/airflow/dags/tender_pipeline_dag.py                           1           0  0.09s           2026-09-15T14:23:40
================================================================================
[2026-09-15T14:24:12.912+0000] {manager.py:878} INFO - 
================================================================================
DAG File Processing Stats

File Path                                 PID    Runtime      # DAGs    # Errors  Last Runtime    Last Run
----------------------------------------  -----  ---------  --------  ----------  --------------  -------------------
/opt/airflow/dags/tender_pipeline_dag.py                           1           0  0.11s           2026-09-15T14:24:11
================================================================================
[2026-09-15T14:24:13.916+0000] {manager.py:737} INFO - Searching for files in /opt/airflow/dags
[2026-09-15T14:24:14.084+0000] {manager.py:740} INFO - There are 1 files in /opt/airflow/dags
[2026-09-15T14:24:43.311+0000] {manager.py:878} INFO - 
================================================================================
DAG File Processing Stats

File Path                                 PID    Runtime      # DAGs    # Errors  Last Runtime    Last Run
----------------------------------------  -----  ---------  --------  ----------  --------------  -------------------
/opt/airflow/dags/tender_pipeline_dag.py                           1           0  0.14s           2026-09-15T14:24:41
================================================================================
[2026-09-15T14:25:13.499+0000] {manager.py:878} INFO - 
================================================================================
DAG File Processing Stats

File Path                                 PID    Runtime      # DAGs    # Errors  Last Runtime    Last Run
----------------------------------------  -----  ---------  --------  ----------  --------------  -------------------
/opt/airflow/dags/tender_pipeline_dag.py                           1           0  0.10s           2026-09-15T14:25:11
================================================================================
[2026-09-15T14:25:43.786+0000] {manager.py:878} INFO - 
================================================================================
DAG File Processing Stats

File Path                                 PID    Runtime      # DAGs    # Errors  Last Runtime    Last Run
----------------------------------------  -----  ---------  --------  ----------  --------------  -------------------
/opt/airflow/dags/tender_pipeline_dag.py                           1           0  0.09s           2026-09-15T14:25:41
================================================================================
[2026-09-15T14:26:13.996+0000] {manager.py:878} INFO - 
================================================================================
DAG File Processing Stats

File Path                                 PID    Runtime      # DAGs    # Errors  Last Runtime    Last Run
----------------------------------------  -----  ---------  --------  ----------  --------------  -------------------
/opt/airflow/dags/tender_pipeline_dag.py                           1           0  0.10s           2026-09-15T14:26:12
================================================================================
[2026-09-15T14:26:44.255+0000] {manager.py:878} INFO - 
================================================================================
DAG File Processing Stats

File Path                                 PID    Runtime      # DAGs    # Errors  Last Runtime    Last Run
----------------------------------------  -----  ---------  --------  ----------  --------------  -------------------
/opt/airflow/dags/tender_pipeline_dag.py                           1           0  0.23s           2026-09-15T14:26:42
================================================================================
[2026-09-15T14:27:14.633+0000] {manager.py:878} INFO - 
================================================================================
DAG File Processing Stats

File Path                                 PID    Runtime      # DAGs    # Errors  Last Runtime    Last Run
----------------------------------------  -----  ---------  --------  ----------  --------------  -------------------
/opt/airflow/dags/tender_pipeline_dag.py                           1           0  0.09s           2026-09-15T14:27:12
================================================================================
[2026-09-15T14:27:44.859+0000] {manager.py:878} INFO - 
================================================================================
DAG File Processing Stats

File Path                                 PID    Runtime      # DAGs    # Errors  Last Runtime    Last Run
----------------------------------------  -----  ---------  --------  ----------  --------------  -------------------
/opt/airflow/dags/tender_pipeline_dag.py                           1           0  0.10s           2026-09-15T14:27:42
================================================================================
[2026-09-15T14:28:15.080+0000] {manager.py:878} INFO - 
================================================================================
DAG File Processing Stats

File Path                                 PID    Runtime      # DAGs    # Errors  Last Runtime    Last Run
----------------------------------------  -----  ---------  --------  ----------  --------------  -------------------
/opt/airflow/dags/tender_pipeline_dag.py                           1           0  0.11s           2026-09-15T14:28:13
================================================================================
[2026-09-15T14:28:45.315+0000] {manager.py:878} INFO - 
================================================================================
DAG File Processing Stats

File Path                                 PID    Runtime      # DAGs    # Errors  Last Runtime    Last Run
----------------------------------------  -----  ---------  --------  ----------  --------------  -------------------
/opt/airflow/dags/tender_pipeline_dag.py                           1           0  0.09s           2026-09-15T14:28:43
================================================================================
[2026-09-15T14:29:14.549+0000] {manager.py:737} INFO - Searching for files in /opt/airflow/dags
[2026-09-15T14:29:14.565+0000] {manager.py:740} INFO - There are 1 files in /opt/airflow/dags
[2026-09-15T14:29:15.578+0000] {manager.py:878} INFO - 
================================================================================
DAG File Processing Stats

File Path                                 PID    Runtime      # DAGs    # Errors  Last Runtime    Last Run
----------------------------------------  -----  ---------  --------  ----------  --------------  -------------------
/opt/airflow/dags/tender_pipeline_dag.py                           1           0  0.10s           2026-09-15T14:29:13
================================================================================
[2026-09-15T14:29:45.780+0000] {manager.py:878} INFO - 
================================================================================
DAG File Processing Stats

File Path                                 PID    Runtime      # DAGs    # Errors  Last Runtime    Last Run
----------------------------------------  -----  ---------  --------  ----------  --------------  -------------------
/opt/airflow/dags/tender_pipeline_dag.py                           1           0  0.31s           2026-09-15T14:29:44
================================================================================
[2026-09-15T14:30:16.235+0000] {manager.py:878} INFO - 
================================================================================
DAG File Processing Stats

File Path                                 PID    Runtime      # DAGs    # Errors  Last Runtime    Last Run
----------------------------------------  -----  ---------  --------  ----------  --------------  -------------------
/opt/airflow/dags/tender_pipeline_dag.py                           1           0  0.10s           2026-09-15T14:30:14
================================================================================
[2026-09-15T14:30:46.480+0000] {manager.py:878} INFO - 
================================================================================
DAG File Processing Stats

File Path                                 PID    Runtime      # DAGs    # Errors  Last Runtime    Last Run
----------------------------------------  -----  ---------  --------  ----------  --------------  -------------------
/opt/airflow/dags/tender_pipeline_dag.py                           1           0  0.09s           2026-09-15T14:30:44
================================================================================
[2026-09-15T14:31:16.708+0000] {manager.py:878} INFO - 
================================================================================
DAG File Processing Stats

File Path                                 PID    Runtime      # DAGs    # Errors  Last Runtime    Last Run
----------------------------------------  -----  ---------  --------  ----------  --------------  -------------------
/opt/airflow/dags/tender_pipeline_dag.py                           1           0  0.21s           2026-09-15T14:31:14
================================================================================
[2026-09-15T14:31:46.919+0000] {manager.py:878} INFO - 
================================================================================
DAG File Processing Stats

File Path                                 PID    Runtime      # DAGs    # Errors  Last Runtime    Last Run
----------------------------------------  -----  ---------  --------  ----------  --------------  -------------------
/opt/airflow/dags/tender_pipeline_dag.py                           1           0  0.09s           2026-09-15T14:31:44
================================================================================
[2026-09-15T14:32:17.151+0000] {manager.py:878} INFO - 
================================================================================
DAG File Processing Stats

File Path                                 PID    Runtime      # DAGs    # Errors  Last Runtime    Last Run
----------------------------------------  -----  ---------  --------  ----------  --------------  -------------------
/opt/airflow/dags/tender_pipeline_dag.py                           1           0  0.13s           2026-09-15T14:32:15
================================================================================
[2026-09-15T14:32:47.376+0000] {manager.py:878} INFO - 
================================================================================
DAG File Processing Stats

File Path                                 PID    Runtime      # DAGs    # Errors  Last Runtime    Last Run
----------------------------------------  -----  ---------  --------  ----------  --------------  -------------------
/opt/airflow/dags/tender_pipeline_dag.py                           1           0  0.11s           2026-09-15T14:32:45
================================================================================
[2026-09-15T14:33:17.613+0000] {manager.py:878} INFO - 
================================================================================
DAG File Processing Stats

File Path                                 PID    Runtime      # DAGs    # Errors  Last Runtime    Last Run
----------------------------------------  -----  ---------  --------  ----------  --------------  -------------------
/opt/airflow/dags/tender_pipeline_dag.py                           1           0  0.09s           2026-09-15T14:33:15
================================================================================
[2026-09-15T14:33:47.828+0000] {manager.py:878} INFO - 
================================================================================
DAG File Processing Stats

File Path                                 PID    Runtime      # DAGs    # Errors  Last Runtime    Last Run
----------------------------------------  -----  ---------  --------  ----------  --------------  -------------------
/opt/airflow/dags/tender_pipeline_dag.py                           1           0  0.09s           2026-09-15T14:33:45
================================================================================
[2026-09-15T14:34:15.012+0000] {manager.py:737} INFO - Searching for files in /opt/airflow/dags
[2026-09-15T14:34:15.027+0000] {manager.py:740} INFO - There are 1 files in /opt/airflow/dags
[2026-09-15T14:34:18.082+0000] {manager.py:878} INFO - 
================================================================================
DAG File Processing Stats

File Path                                 PID    Runtime      # DAGs    # Errors  Last Runtime    Last Run
----------------------------------------  -----  ---------  --------  ----------  --------------  -------------------
/opt/airflow/dags/tender_pipeline_dag.py                           1           0  0.09s           2026-09-15T14:34:16
================================================================================
[2026-09-15T14:34:48.357+0000] {manager.py:878} INFO - 
================================================================================
DAG File Processing Stats

File Path                                 PID    Runtime      # DAGs    # Errors  Last Runtime    Last Run
----------------------------------------  -----  ---------  --------  ----------  --------------  -------------------
/opt/airflow/dags/tender_pipeline_dag.py                           1           0  0.09s           2026-09-15T14:34:46
================================================================================
[2026-09-15T14:35:18.643+0000] {manager.py:878} INFO - 
================================================================================
DAG File Processing Stats

File Path                                 PID    Runtime      # DAGs    # Errors  Last Runtime    Last Run
----------------------------------------  -----  ---------  --------  ----------  --------------  -------------------
/opt/airflow/dags/tender_pipeline_dag.py                           1           0  0.11s           2026-09-15T14:35:16
================================================================================
[2026-09-15T14:35:48.964+0000] {manager.py:878} INFO - 
================================================================================
DAG File Processing Stats

File Path                                 PID    Runtime      # DAGs    # Errors  Last Runtime    Last Run
----------------------------------------  -----  ---------  --------  ----------  --------------  -------------------
/opt/airflow/dags/tender_pipeline_dag.py                           1           0  0.15s           2026-09-15T14:35:47
================================================================================
[2026-09-15T14:36:19.204+0000] {manager.py:878} INFO - 
================================================================================
DAG File Processing Stats

File Path                                 PID    Runtime      # DAGs    # Errors  Last Runtime    Last Run
----------------------------------------  -----  ---------  --------  ----------  --------------  -------------------
/opt/airflow/dags/tender_pipeline_dag.py                           1           0  0.09s           2026-09-15T14:36:17
================================================================================
[2026-09-15T14:36:49.481+0000] {manager.py:878} INFO - 
================================================================================
DAG File Processing Stats

File Path                                 PID    Runtime      # DAGs    # Errors  Last Runtime    Last Run
----------------------------------------  -----  ---------  --------  ----------  --------------  -------------------
/opt/airflow/dags/tender_pipeline_dag.py                           1           0  0.09s           2026-09-15T14:36:47
================================================================================
[2026-09-15T14:37:19.726+0000] {manager.py:878} INFO - 
================================================================================
DAG File Processing Stats

File Path                                 PID    Runtime      # DAGs    # Errors  Last Runtime    Last Run
----------------------------------------  -----  ---------  --------  ----------  --------------  -------------------
/opt/airflow/dags/tender_pipeline_dag.py                           1           0  0.09s           2026-09-15T14:37:17
================================================================================
[2026-09-15T14:37:50.061+0000] {manager.py:878} INFO - 
================================================================================
DAG File Processing Stats

File Path                                 PID    Runtime      # DAGs    # Errors  Last Runtime    Last Run
----------------------------------------  -----  ---------  --------  ----------  --------------  -------------------
/opt/airflow/dags/tender_pipeline_dag.py                           1           0  0.26s           2026-09-15T14:37:48
================================================================================
[2026-09-15T14:38:20.505+0000] {manager.py:878} INFO - 
================================================================================
DAG File Processing Stats

File Path                                 PID    Runtime      # DAGs    # Errors  Last Runtime    Last Run
----------------------------------------  -----  ---------  --------  ----------  --------------  -------------------
/opt/airflow/dags/tender_pipeline_dag.py                           1           0  0.09s           2026-09-15T14:38:18
================================================================================
[2026-09-15T14:38:50.792+0000] {manager.py:878} INFO - 
================================================================================
DAG File Processing Stats

File Path                                 PID    Runtime      # DAGs    # Errors  Last Runtime    Last Run
----------------------------------------  -----  ---------  --------  ----------  --------------  -------------------
/opt/airflow/dags/tender_pipeline_dag.py                           1           0  0.13s           2026-09-15T14:38:48
================================================================================
[2026-09-15T14:39:15.027+0000] {manager.py:737} INFO - Searching for files in /opt/airflow/dags
[2026-09-15T14:39:15.052+0000] {manager.py:740} INFO - There are 1 files in /opt/airflow/dags
[2026-09-15T14:39:21.097+0000] {manager.py:878} INFO - 
================================================================================
DAG File Processing Stats

File Path                                 PID    Runtime      # DAGs    # Errors  Last Runtime    Last Run
----------------------------------------  -----  ---------  --------  ----------  --------------  -------------------
/opt/airflow/dags/tender_pipeline_dag.py                           1           0  0.09s           2026-09-15T14:39:19
================================================================================
[2026-09-15T14:39:51.318+0000] {manager.py:878} INFO - 
================================================================================
DAG File Processing Stats

File Path                                 PID    Runtime      # DAGs    # Errors  Last Runtime    Last Run
----------------------------------------  -----  ---------  --------  ----------  --------------  -------------------
/opt/airflow/dags/tender_pipeline_dag.py                           1           0  0.09s           2026-09-15T14:39:49
================================================================================
[2026-09-15T14:40:21.642+0000] {manager.py:878} INFO - 
================================================================================
DAG File Processing Stats

File Path                                 PID    Runtime      # DAGs    # Errors  Last Runtime    Last Run
----------------------------------------  -----  ---------  --------  ----------  --------------  -------------------
/opt/airflow/dags/tender_pipeline_dag.py                           1           0  0.22s           2026-09-15T14:40:19
================================================================================
[2026-09-15T14:40:51.879+0000] {manager.py:878} INFO - 
================================================================================
DAG File Processing Stats

File Path                                 PID    Runtime      # DAGs    # Errors  Last Runtime    Last Run
----------------------------------------  -----  ---------  --------  ----------  --------------  -------------------
/opt/airflow/dags/tender_pipeline_dag.py                           1           0  0.08s           2026-09-15T14:40:49
================================================================================
[2026-09-15T14:41:22.229+0000] {manager.py:878} INFO - 
================================================================================
DAG File Processing Stats

File Path                                 PID    Runtime      # DAGs    # Errors  Last Runtime    Last Run
----------------------------------------  -----  ---------  --------  ----------  --------------  -------------------
/opt/airflow/dags/tender_pipeline_dag.py                           1           0  0.18s           2026-09-15T14:41:20
================================================================================
[2026-09-15T14:41:52.660+0000] {manager.py:878} INFO - 
================================================================================
DAG File Processing Stats

File Path                                 PID    Runtime      # DAGs    # Errors  Last Runtime    Last Run
----------------------------------------  -----  ---------  --------  ----------  --------------  -------------------
/opt/airflow/dags/tender_pipeline_dag.py                           1           0  0.32s           2026-09-15T14:41:50
================================================================================
[2026-09-15T14:42:23.205+0000] {manager.py:878} INFO - 
================================================================================
DAG File Processing Stats

File Path                                 PID    Runtime      # DAGs    # Errors  Last Runtime    Last Run
----------------------------------------  -----  ---------  --------  ----------  --------------  -------------------
/opt/airflow/dags/tender_pipeline_dag.py                           1           0  0.29s           2026-09-15T14:42:21
================================================================================
[2026-09-15T14:42:53.621+0000] {manager.py:878} INFO - 
================================================================================
DAG File Processing Stats

File Path                                 PID    Runtime      # DAGs    # Errors  Last Runtime    Last Run
----------------------------------------  -----  ---------  --------  ----------  --------------  -------------------
/opt/airflow/dags/tender_pipeline_dag.py                           1           0  0.32s           2026-09-15T14:42:51
================================================================================
[2026-09-15T14:43:23.932+0000] {manager.py:878} INFO - 
================================================================================
DAG File Processing Stats

File Path                                 PID    Runtime      # DAGs    # Errors  Last Runtime    Last Run
----------------------------------------  -----  ---------  --------  ----------  --------------  -------------------
/opt/airflow/dags/tender_pipeline_dag.py                           1           0  0.09s           2026-09-15T14:43:22
================================================================================
[2026-09-15T14:43:54.265+0000] {manager.py:878} INFO - 
================================================================================
DAG File Processing Stats

File Path                                 PID    Runtime      # DAGs    # Errors  Last Runtime    Last Run
----------------------------------------  -----  ---------  --------  ----------  --------------  -------------------
/opt/airflow/dags/tender_pipeline_dag.py                           1           0  0.11s           2026-09-15T14:43:52
================================================================================
[2026-09-15T14:44:15.435+0000] {manager.py:737} INFO - Searching for files in /opt/airflow/dags
[2026-09-15T14:44:15.451+0000] {manager.py:740} INFO - There are 1 files in /opt/airflow/dags
[2026-09-15T14:44:24.550+0000] {manager.py:878} INFO - 
================================================================================
DAG File Processing Stats

File Path                                 PID    Runtime      # DAGs    # Errors  Last Runtime    Last Run
----------------------------------------  -----  ---------  --------  ----------  --------------  -------------------
/opt/airflow/dags/tender_pipeline_dag.py                           1           0  0.13s           2026-09-15T14:44:22
================================================================================
[2026-09-15T14:44:54.898+0000] {manager.py:878} INFO - 
================================================================================
DAG File Processing Stats

File Path                                 PID    Runtime      # DAGs    # Errors  Last Runtime    Last Run
----------------------------------------  -----  ---------  --------  ----------  --------------  -------------------
/opt/airflow/dags/tender_pipeline_dag.py                           1           0  0.19s           2026-09-15T14:44:53
================================================================================
[2026-09-15T14:45:25.229+0000] {manager.py:878} INFO - 
================================================================================
DAG File Processing Stats

File Path                                 PID    Runtime      # DAGs    # Errors  Last Runtime    Last Run
----------------------------------------  -----  ---------  --------  ----------  --------------  -------------------
/opt/airflow/dags/tender_pipeline_dag.py                           1           0  0.10s           2026-09-15T14:45:23
================================================================================
[2026-09-15T14:45:55.517+0000] {manager.py:878} INFO - 
================================================================================
DAG File Processing Stats

File Path                                 PID    Runtime      # DAGs    # Errors  Last Runtime    Last Run
----------------------------------------  -----  ---------  --------  ----------  --------------  -------------------
/opt/airflow/dags/tender_pipeline_dag.py                           1           0  0.09s           2026-09-15T14:45:53
================================================================================
[2026-09-15T14:46:25.815+0000] {manager.py:878} INFO - 
================================================================================
DAG File Processing Stats

File Path                                 PID    Runtime      # DAGs    # Errors  Last Runtime    Last Run
----------------------------------------  -----  ---------  --------  ----------  --------------  -------------------
/opt/airflow/dags/tender_pipeline_dag.py                           1           0  0.10s           2026-09-15T14:46:23
================================================================================
[2026-09-15T14:46:56.101+0000] {manager.py:878} INFO - 
================================================================================
DAG File Processing Stats

File Path                                 PID    Runtime      # DAGs    # Errors  Last Runtime    Last Run
----------------------------------------  -----  ---------  --------  ----------  --------------  -------------------
/opt/airflow/dags/tender_pipeline_dag.py                           1           0  0.09s           2026-09-15T14:46:54
================================================================================
[2026-09-15T14:47:26.395+0000] {manager.py:878} INFO - 
================================================================================
DAG File Processing Stats

File Path                                 PID    Runtime      # DAGs    # Errors  Last Runtime    Last Run
----------------------------------------  -----  ---------  --------  ----------  --------------  -------------------
/opt/airflow/dags/tender_pipeline_dag.py                           1           0  0.10s           2026-09-15T14:47:24
================================================================================
[2026-09-15T14:47:56.683+0000] {manager.py:878} INFO - 
================================================================================
DAG File Processing Stats

File Path                                 PID    Runtime      # DAGs    # Errors  Last Runtime    Last Run
----------------------------------------  -----  ---------  --------  ----------  --------------  -------------------
/opt/airflow/dags/tender_pipeline_dag.py                           1           0  0.09s           2026-09-15T14:47:54
================================================================================
[2026-09-15T14:48:26.949+0000] {manager.py:878} INFO - 
================================================================================
DAG File Processing Stats

File Path                                 PID    Runtime      # DAGs    # Errors  Last Runtime    Last Run
----------------------------------------  -----  ---------  --------  ----------  --------------  -------------------
/opt/airflow/dags/tender_pipeline_dag.py                           1           0  0.12s           2026-09-15T14:48:25
================================================================================
[2026-09-15T14:48:57.252+0000] {manager.py:878} INFO - 
================================================================================
DAG File Processing Stats

File Path                                 PID    Runtime      # DAGs    # Errors  Last Runtime    Last Run
----------------------------------------  -----  ---------  --------  ----------  --------------  -------------------
/opt/airflow/dags/tender_pipeline_dag.py                           1           0  0.10s           2026-09-15T14:48:55
================================================================================
[2026-09-15T14:49:16.405+0000] {manager.py:737} INFO - Searching for files in /opt/airflow/dags
[2026-09-15T14:49:16.422+0000] {manager.py:740} INFO - There are 1 files in /opt/airflow/dags
[2026-09-15T14:49:27.544+0000] {manager.py:878} INFO - 
================================================================================
DAG File Processing Stats

File Path                                 PID    Runtime      # DAGs    # Errors  Last Runtime    Last Run
----------------------------------------  -----  ---------  --------  ----------  --------------  -------------------
/opt/airflow/dags/tender_pipeline_dag.py                           1           0  0.09s           2026-09-15T14:49:25
================================================================================
[2026-09-15T14:49:57.815+0000] {manager.py:878} INFO - 
================================================================================
DAG File Processing Stats

File Path                                 PID    Runtime      # DAGs    # Errors  Last Runtime    Last Run
----------------------------------------  -----  ---------  --------  ----------  --------------  -------------------
/opt/airflow/dags/tender_pipeline_dag.py                           1           0  0.09s           2026-09-15T14:49:55
================================================================================
[2026-09-15T14:50:28.123+0000] {manager.py:878} INFO - 
================================================================================
DAG File Processing Stats

File Path                                 PID    Runtime      # DAGs    # Errors  Last Runtime    Last Run
----------------------------------------  -----  ---------  --------  ----------  --------------  -------------------
/opt/airflow/dags/tender_pipeline_dag.py                           1           0  0.25s           2026-09-15T14:50:26
================================================================================
[2026-09-15T14:50:58.638+0000] {manager.py:878} INFO - 
================================================================================
DAG File Processing Stats

File Path                                 PID    Runtime      # DAGs    # Errors  Last Runtime    Last Run
----------------------------------------  -----  ---------  --------  ----------  --------------  -------------------
/opt/airflow/dags/tender_pipeline_dag.py                           1           0  0.29s           2026-09-15T14:50:56
================================================================================
[2026-09-15T14:51:29.155+0000] {manager.py:878} INFO - 
================================================================================
DAG File Processing Stats

File Path                                 PID    Runtime      # DAGs    # Errors  Last Runtime    Last Run
----------------------------------------  -----  ---------  --------  ----------  --------------  -------------------
/opt/airflow/dags/tender_pipeline_dag.py                           1           0  0.10s           2026-09-15T14:51:27
================================================================================
[2026-09-15T14:51:59.436+0000] {manager.py:878} INFO - 
================================================================================
DAG File Processing Stats

File Path                                 PID    Runtime      # DAGs    # Errors  Last Runtime    Last Run
----------------------------------------  -----  ---------  --------  ----------  --------------  -------------------
/opt/airflow/dags/tender_pipeline_dag.py                           1           0  0.09s           2026-09-15T14:51:57
================================================================================
[2026-09-15T14:52:29.677+0000] {manager.py:878} INFO - 
================================================================================
DAG File Processing Stats

File Path                                 PID    Runtime      # DAGs    # Errors  Last Runtime    Last Run
----------------------------------------  -----  ---------  --------  ----------  --------------  -------------------
/opt/airflow/dags/tender_pipeline_dag.py                           1           0  0.10s           2026-09-15T14:52:27
================================================================================
[2026-09-15T14:52:59.921+0000] {manager.py:878} INFO - 
================================================================================
DAG File Processing Stats

File Path                                 PID    Runtime      # DAGs    # Errors  Last Runtime    Last Run
----------------------------------------  -----  ---------  --------  ----------  --------------  -------------------
/opt/airflow/dags/tender_pipeline_dag.py                           1           0  0.09s           2026-09-15T14:52:57
================================================================================
[2026-09-15T14:53:30.157+0000] {manager.py:878} INFO - 
================================================================================
DAG File Processing Stats

File Path                                 PID    Runtime      # DAGs    # Errors  Last Runtime    Last Run
----------------------------------------  -----  ---------  --------  ----------  --------------  -------------------
/opt/airflow/dags/tender_pipeline_dag.py                           1           0  0.08s           2026-09-15T14:53:28
================================================================================
[2026-09-15T14:54:00.423+0000] {manager.py:878} INFO - 
================================================================================
DAG File Processing Stats

File Path                                 PID    Runtime      # DAGs    # Errors  Last Runtime    Last Run
----------------------------------------  -----  ---------  --------  ----------  --------------  -------------------
/opt/airflow/dags/tender_pipeline_dag.py                           1           0  0.12s           2026-09-15T14:53:58
================================================================================
[2026-09-15T14:54:16.538+0000] {manager.py:737} INFO - Searching for files in /opt/airflow/dags
[2026-09-15T14:54:16.555+0000] {manager.py:740} INFO - There are 1 files in /opt/airflow/dags
[2026-09-15T14:54:30.661+0000] {manager.py:878} INFO - 
================================================================================
DAG File Processing Stats

File Path                                 PID    Runtime      # DAGs    # Errors  Last Runtime    Last Run
----------------------------------------  -----  ---------  --------  ----------  --------------  -------------------
/opt/airflow/dags/tender_pipeline_dag.py                           1           0  0.09s           2026-09-15T14:54:28
================================================================================
[2026-09-15T14:55:00.959+0000] {manager.py:878} INFO - 
================================================================================
DAG File Processing Stats

File Path                                 PID    Runtime      # DAGs    # Errors  Last Runtime    Last Run
----------------------------------------  -----  ---------  --------  ----------  --------------  -------------------
/opt/airflow/dags/tender_pipeline_dag.py                           1           0  0.19s           2026-09-15T14:54:59
================================================================================
[2026-09-15T14:55:31.205+0000] {manager.py:878} INFO - 
================================================================================
DAG File Processing Stats

File Path                                 PID    Runtime      # DAGs    # Errors  Last Runtime    Last Run
----------------------------------------  -----  ---------  --------  ----------  --------------  -------------------
/opt/airflow/dags/tender_pipeline_dag.py                           1           0  0.09s           2026-09-15T14:55:29
================================================================================
[2026-09-15T14:56:01.508+0000] {manager.py:878} INFO - 
================================================================================
DAG File Processing Stats

File Path                                 PID    Runtime      # DAGs    # Errors  Last Runtime    Last Run
----------------------------------------  -----  ---------  --------  ----------  --------------  -------------------
/opt/airflow/dags/tender_pipeline_dag.py                           1           0  0.10s           2026-09-15T14:55:59
================================================================================
[2026-09-15T14:56:31.792+0000] {manager.py:878} INFO - 
================================================================================
DAG File Processing Stats

File Path                                 PID    Runtime      # DAGs    # Errors  Last Runtime    Last Run
----------------------------------------  -----  ---------  --------  ----------  --------------  -------------------
/opt/airflow/dags/tender_pipeline_dag.py                           1           0  0.09s           2026-09-15T14:56:29
================================================================================
[2026-09-15T14:57:02.095+0000] {manager.py:878} INFO - 
================================================================================
DAG File Processing Stats

File Path                                 PID    Runtime      # DAGs    # Errors  Last Runtime    Last Run
----------------------------------------  -----  ---------  --------  ----------  --------------  -------------------
/opt/airflow/dags/tender_pipeline_dag.py                           1           0  0.10s           2026-09-15T14:57:00
================================================================================
[2026-09-15T14:57:32.322+0000] {manager.py:878} INFO - 
================================================================================
DAG File Processing Stats

File Path                                 PID    Runtime      # DAGs    # Errors  Last Runtime    Last Run
----------------------------------------  -----  ---------  --------  ----------  --------------  -------------------
/opt/airflow/dags/tender_pipeline_dag.py                           1           0  0.09s           2026-09-15T14:57:30
================================================================================
[2026-09-15T14:58:02.616+0000] {manager.py:878} INFO - 
================================================================================
DAG File Processing Stats

File Path                                 PID    Runtime      # DAGs    # Errors  Last Runtime    Last Run
----------------------------------------  -----  ---------  --------  ----------  --------------  -------------------
/opt/airflow/dags/tender_pipeline_dag.py                           1           0  0.09s           2026-09-15T14:58:00
================================================================================
[2026-09-15T14:58:33.003+0000] {manager.py:878} INFO - 
================================================================================
DAG File Processing Stats

File Path                                 PID    Runtime      # DAGs    # Errors  Last Runtime    Last Run
----------------------------------------  -----  ---------  --------  ----------  --------------  -------------------
/opt/airflow/dags/tender_pipeline_dag.py                           1           0  0.24s           2026-09-15T14:58:31
================================================================================
[2026-09-15T14:59:03.451+0000] {manager.py:878} INFO - 
================================================================================
DAG File Processing Stats

File Path                                 PID    Runtime      # DAGs    # Errors  Last Runtime    Last Run
----------------------------------------  -----  ---------  --------  ----------  --------------  -------------------
/opt/airflow/dags/tender_pipeline_dag.py                           1           0  0.09s           2026-09-15T14:59:01
================================================================================
[2026-09-15T14:59:16.569+0000] {manager.py:737} INFO - Searching for files in /opt/airflow/dags
[2026-09-15T14:59:16.587+0000] {manager.py:740} INFO - There are 1 files in /opt/airflow/dags
[2026-09-15T14:59:33.760+0000] {manager.py:878} INFO - 
================================================================================
DAG File Processing Stats

File Path                                 PID    Runtime      # DAGs    # Errors  Last Runtime    Last Run
----------------------------------------  -----  ---------  --------  ----------  --------------  -------------------
/opt/airflow/dags/tender_pipeline_dag.py                           1           0  0.14s           2026-09-15T14:59:31
================================================================================
[2026-09-15T15:00:03.984+0000] {manager.py:878} INFO - 
================================================================================
DAG File Processing Stats

File Path                                 PID    Runtime      # DAGs    # Errors  Last Runtime    Last Run
----------------------------------------  -----  ---------  --------  ----------  --------------  -------------------
/opt/airflow/dags/tender_pipeline_dag.py                           1           0  0.09s           2026-09-15T15:00:02
================================================================================
[2026-09-15T15:00:34.263+0000] {manager.py:878} INFO - 
================================================================================
DAG File Processing Stats

File Path                                 PID    Runtime      # DAGs    # Errors  Last Runtime    Last Run
----------------------------------------  -----  ---------  --------  ----------  --------------  -------------------
/opt/airflow/dags/tender_pipeline_dag.py                           1           0  0.09s           2026-09-15T15:00:32
================================================================================
[2026-09-15T15:01:04.512+0000] {manager.py:878} INFO - 
================================================================================
DAG File Processing Stats

File Path                                 PID    Runtime      # DAGs    # Errors  Last Runtime    Last Run
----------------------------------------  -----  ---------  --------  ----------  --------------  -------------------
/opt/airflow/dags/tender_pipeline_dag.py                           1           0  0.09s           2026-09-15T15:01:02
================================================================================
[2026-09-15T15:01:34.790+0000] {manager.py:878} INFO - 
================================================================================
DAG File Processing Stats

File Path                                 PID    Runtime      # DAGs    # Errors  Last Runtime    Last Run
----------------------------------------  -----  ---------  --------  ----------  --------------  -------------------
/opt/airflow/dags/tender_pipeline_dag.py                           1           0  0.09s           2026-09-15T15:01:32
================================================================================
[2026-09-15T15:02:05.057+0000] {manager.py:878} INFO - 
================================================================================
DAG File Processing Stats

File Path                                 PID    Runtime      # DAGs    # Errors  Last Runtime    Last Run
----------------------------------------  -----  ---------  --------  ----------  --------------  -------------------
/opt/airflow/dags/tender_pipeline_dag.py                           1           0  0.10s           2026-09-15T15:02:03
================================================================================
[2026-09-15T15:02:35.365+0000] {manager.py:878} INFO - 
================================================================================
DAG File Processing Stats

File Path                                 PID    Runtime      # DAGs    # Errors  Last Runtime    Last Run
----------------------------------------  -----  ---------  --------  ----------  --------------  -------------------
/opt/airflow/dags/tender_pipeline_dag.py                           1           0  0.09s           2026-09-15T15:02:33
================================================================================
[2026-09-15T15:03:05.631+0000] {manager.py:878} INFO - 
================================================================================
DAG File Processing Stats

File Path                                 PID    Runtime      # DAGs    # Errors  Last Runtime    Last Run
----------------------------------------  -----  ---------  --------  ----------  --------------  -------------------
/opt/airflow/dags/tender_pipeline_dag.py                           1           0  0.12s           2026-09-15T15:03:03
================================================================================
[2026-09-15T15:03:35.969+0000] {manager.py:878} INFO - 
================================================================================
DAG File Processing Stats

File Path                                 PID    Runtime      # DAGs    # Errors  Last Runtime    Last Run
----------------------------------------  -----  ---------  --------  ----------  --------------  -------------------
/opt/airflow/dags/tender_pipeline_dag.py                           1           0  0.10s           2026-09-15T15:03:33
================================================================================
[2026-09-15T15:04:06.196+0000] {manager.py:878} INFO - 
================================================================================
DAG File Processing Stats

File Path                                 PID    Runtime      # DAGs    # Errors  Last Runtime    Last Run
----------------------------------------  -----  ---------  --------  ----------  --------------  -------------------
/opt/airflow/dags/tender_pipeline_dag.py                           1           0  0.19s           2026-09-15T15:04:04
================================================================================
[2026-09-15T15:04:17.284+0000] {manager.py:737} INFO - Searching for files in /opt/airflow/dags
[2026-09-15T15:04:17.303+0000] {manager.py:740} INFO - There are 1 files in /opt/airflow/dags
[2026-09-15T15:04:36.472+0000] {manager.py:878} INFO - 
================================================================================
DAG File Processing Stats

File Path                                 PID    Runtime      # DAGs    # Errors  Last Runtime    Last Run
----------------------------------------  -----  ---------  --------  ----------  --------------  -------------------
/opt/airflow/dags/tender_pipeline_dag.py                           1           0  0.11s           2026-09-15T15:04:34
================================================================================
[2026-09-15T15:05:06.789+0000] {manager.py:878} INFO - 
================================================================================
DAG File Processing Stats

File Path                                 PID    Runtime      # DAGs    # Errors  Last Runtime    Last Run
----------------------------------------  -----  ---------  --------  ----------  --------------  -------------------
/opt/airflow/dags/tender_pipeline_dag.py                           1           0  0.10s           2026-09-15T15:05:04
================================================================================
[2026-09-15T15:05:37.045+0000] {manager.py:878} INFO - 
================================================================================
DAG File Processing Stats

File Path                                 PID    Runtime      # DAGs    # Errors  Last Runtime    Last Run
----------------------------------------  -----  ---------  --------  ----------  --------------  -------------------
/opt/airflow/dags/tender_pipeline_dag.py                           1           0  0.11s           2026-09-15T15:05:35
================================================================================
[2026-09-15T15:06:07.386+0000] {manager.py:878} INFO - 
================================================================================
DAG File Processing Stats

File Path                                 PID    Runtime      # DAGs    # Errors  Last Runtime    Last Run
----------------------------------------  -----  ---------  --------  ----------  --------------  -------------------
/opt/airflow/dags/tender_pipeline_dag.py                           1           0  0.16s           2026-09-15T15:06:05
================================================================================
[2026-09-15T15:06:37.717+0000] {manager.py:878} INFO - 
================================================================================
DAG File Processing Stats

File Path                                 PID    Runtime      # DAGs    # Errors  Last Runtime    Last Run
----------------------------------------  -----  ---------  --------  ----------  --------------  -------------------
/opt/airflow/dags/tender_pipeline_dag.py                           1           0  0.09s           2026-09-15T15:06:35
================================================================================
[2026-09-15T15:07:07.947+0000] {manager.py:878} INFO - 
================================================================================
DAG File Processing Stats

File Path                                 PID    Runtime      # DAGs    # Errors  Last Runtime    Last Run
----------------------------------------  -----  ---------  --------  ----------  --------------  -------------------
/opt/airflow/dags/tender_pipeline_dag.py                           1           0  0.09s           2026-09-15T15:07:06
================================================================================
[2026-09-15T15:07:38.283+0000] {manager.py:878} INFO - 
================================================================================
DAG File Processing Stats

File Path                                 PID    Runtime      # DAGs    # Errors  Last Runtime    Last Run
----------------------------------------  -----  ---------  --------  ----------  --------------  -------------------
/opt/airflow/dags/tender_pipeline_dag.py                           1           0  0.16s           2026-09-15T15:07:36
================================================================================
[2026-09-15T15:08:08.551+0000] {manager.py:878} INFO - 
================================================================================
DAG File Processing Stats

File Path                                 PID    Runtime      # DAGs    # Errors  Last Runtime    Last Run
----------------------------------------  -----  ---------  --------  ----------  --------------  -------------------
/opt/airflow/dags/tender_pipeline_dag.py                           1           0  0.09s           2026-09-15T15:08:06
================================================================================
[2026-09-15T15:08:38.861+0000] {manager.py:878} INFO - 
================================================================================
DAG File Processing Stats

File Path                                 PID    Runtime      # DAGs    # Errors  Last Runtime    Last Run
----------------------------------------  -----  ---------  --------  ----------  --------------  -------------------
/opt/airflow/dags/tender_pipeline_dag.py                           1           0  0.10s           2026-09-15T15:08:36
================================================================================
[2026-09-15T15:09:09.148+0000] {manager.py:878} INFO - 
================================================================================
DAG File Processing Stats

File Path                                 PID    Runtime      # DAGs    # Errors  Last Runtime    Last Run
----------------------------------------  -----  ---------  --------  ----------  --------------  -------------------
/opt/airflow/dags/tender_pipeline_dag.py                           1           0  0.13s           2026-09-15T15:09:07
================================================================================
[2026-09-15T15:09:17.320+0000] {manager.py:737} INFO - Searching for files in /opt/airflow/dags
[2026-09-15T15:09:17.343+0000] {manager.py:740} INFO - There are 1 files in /opt/airflow/dags
[2026-09-15T15:09:39.510+0000] {manager.py:878} INFO - 
================================================================================
DAG File Processing Stats

File Path                                 PID    Runtime      # DAGs    # Errors  Last Runtime    Last Run
----------------------------------------  -----  ---------  --------  ----------  --------------  -------------------
/opt/airflow/dags/tender_pipeline_dag.py                           1           0  0.18s           2026-09-15T15:09:37
================================================================================
[2026-09-15T15:10:09.805+0000] {manager.py:878} INFO - 
================================================================================
DAG File Processing Stats

File Path                                 PID    Runtime      # DAGs    # Errors  Last Runtime    Last Run
----------------------------------------  -----  ---------  --------  ----------  --------------  -------------------
/opt/airflow/dags/tender_pipeline_dag.py                           1           0  0.08s           2026-09-15T15:10:07
================================================================================
[2026-09-15T15:10:40.073+0000] {manager.py:878} INFO - 
================================================================================
DAG File Processing Stats

File Path                                 PID    Runtime      # DAGs    # Errors  Last Runtime    Last Run
----------------------------------------  -----  ---------  --------  ----------  --------------  -------------------
/opt/airflow/dags/tender_pipeline_dag.py                           1           0  0.10s           2026-09-15T15:10:38
================================================================================
[2026-09-15T15:11:10.336+0000] {manager.py:878} INFO - 
================================================================================
DAG File Processing Stats

File Path                                 PID    Runtime      # DAGs    # Errors  Last Runtime    Last Run
----------------------------------------  -----  ---------  --------  ----------  --------------  -------------------
/opt/airflow/dags/tender_pipeline_dag.py                           1           0  0.10s           2026-09-15T15:11:08
================================================================================
[2026-09-15T15:11:40.618+0000] {manager.py:878} INFO - 
================================================================================
DAG File Processing Stats

File Path                                 PID    Runtime      # DAGs    # Errors  Last Runtime    Last Run
----------------------------------------  -----  ---------  --------  ----------  --------------  -------------------
/opt/airflow/dags/tender_pipeline_dag.py                           1           0  0.09s           2026-09-15T15:11:38
================================================================================
[2026-09-15T15:12:10.873+0000] {manager.py:878} INFO - 
================================================================================
DAG File Processing Stats

File Path                                 PID    Runtime      # DAGs    # Errors  Last Runtime    Last Run
----------------------------------------  -----  ---------  --------  ----------  --------------  -------------------
/opt/airflow/dags/tender_pipeline_dag.py                           1           0  0.10s           2026-09-15T15:12:08
================================================================================
[2026-09-15T15:12:41.147+0000] {manager.py:878} INFO - 
================================================================================
DAG File Processing Stats

File Path                                 PID    Runtime      # DAGs    # Errors  Last Runtime    Last Run
----------------------------------------  -----  ---------  --------  ----------  --------------  -------------------
/opt/airflow/dags/tender_pipeline_dag.py                           1           0  0.09s           2026-09-15T15:12:39
================================================================================
[2026-09-15T15:13:11.402+0000] {manager.py:878} INFO - 
================================================================================
DAG File Processing Stats

File Path                                 PID    Runtime      # DAGs    # Errors  Last Runtime    Last Run
----------------------------------------  -----  ---------  --------  ----------  --------------  -------------------
/opt/airflow/dags/tender_pipeline_dag.py                           1           0  0.11s           2026-09-15T15:13:09
================================================================================
[2026-09-15T15:13:41.750+0000] {manager.py:878} INFO - 
================================================================================
DAG File Processing Stats

File Path                                 PID    Runtime      # DAGs    # Errors  Last Runtime    Last Run
----------------------------------------  -----  ---------  --------  ----------  --------------  -------------------
/opt/airflow/dags/tender_pipeline_dag.py                           1           0  0.18s           2026-09-15T15:13:39
================================================================================
[2026-09-15T15:14:12.095+0000] {manager.py:878} INFO - 
================================================================================
DAG File Processing Stats

File Path                                 PID    Runtime      # DAGs    # Errors  Last Runtime    Last Run
----------------------------------------  -----  ---------  --------  ----------  --------------  -------------------
/opt/airflow/dags/tender_pipeline_dag.py                           1           0  0.19s           2026-09-15T15:14:10
================================================================================
[2026-09-15T15:14:18.150+0000] {manager.py:737} INFO - Searching for files in /opt/airflow/dags
[2026-09-15T15:14:18.240+0000] {manager.py:740} INFO - There are 1 files in /opt/airflow/dags
[2026-09-15T15:14:42.493+0000] {manager.py:878} INFO - 
================================================================================
DAG File Processing Stats

File Path                                 PID    Runtime      # DAGs    # Errors  Last Runtime    Last Run
----------------------------------------  -----  ---------  --------  ----------  --------------  -------------------
/opt/airflow/dags/tender_pipeline_dag.py                           1           0  0.09s           2026-09-15T15:14:40
================================================================================
[2026-09-15T15:15:12.762+0000] {manager.py:878} INFO - 
================================================================================
DAG File Processing Stats

File Path                                 PID    Runtime      # DAGs    # Errors  Last Runtime    Last Run
----------------------------------------  -----  ---------  --------  ----------  --------------  -------------------
/opt/airflow/dags/tender_pipeline_dag.py                           1           0  0.09s           2026-09-15T15:15:10
================================================================================
[2026-09-15T15:15:43.038+0000] {manager.py:878} INFO - 
================================================================================
DAG File Processing Stats

File Path                                 PID    Runtime      # DAGs    # Errors  Last Runtime    Last Run
----------------------------------------  -----  ---------  --------  ----------  --------------  -------------------
/opt/airflow/dags/tender_pipeline_dag.py                           1           0  0.08s           2026-09-15T15:15:41
================================================================================
[2026-09-15T15:16:13.328+0000] {manager.py:878} INFO - 
================================================================================
DAG File Processing Stats

File Path                                 PID    Runtime      # DAGs    # Errors  Last Runtime    Last Run
----------------------------------------  -----  ---------  --------  ----------  --------------  -------------------
/opt/airflow/dags/tender_pipeline_dag.py                           1           0  0.09s           2026-09-15T15:16:11
================================================================================
[2026-09-15T15:16:43.589+0000] {manager.py:878} INFO - 
================================================================================
DAG File Processing Stats

File Path                                 PID    Runtime      # DAGs    # Errors  Last Runtime    Last Run
----------------------------------------  -----  ---------  --------  ----------  --------------  -------------------
/opt/airflow/dags/tender_pipeline_dag.py                           1           0  0.12s           2026-09-15T15:16:41
================================================================================
[2026-09-15T15:17:13.868+0000] {manager.py:878} INFO - 
================================================================================
DAG File Processing Stats

File Path                                 PID    Runtime      # DAGs    # Errors  Last Runtime    Last Run
----------------------------------------  -----  ---------  --------  ----------  --------------  -------------------
/opt/airflow/dags/tender_pipeline_dag.py                           1           0  0.09s           2026-09-15T15:17:11
================================================================================
[2026-09-15T15:17:44.131+0000] {manager.py:878} INFO - 
================================================================================
DAG File Processing Stats

File Path                                 PID    Runtime      # DAGs    # Errors  Last Runtime    Last Run
----------------------------------------  -----  ---------  --------  ----------  --------------  -------------------
/opt/airflow/dags/tender_pipeline_dag.py                           1           0  0.09s           2026-09-15T15:17:42
================================================================================
[2026-09-15T15:18:14.416+0000] {manager.py:878} INFO - 
================================================================================
DAG File Processing Stats

File Path                                 PID    Runtime      # DAGs    # Errors  Last Runtime    Last Run
----------------------------------------  -----  ---------  --------  ----------  --------------  -------------------
/opt/airflow/dags/tender_pipeline_dag.py                           1           0  0.10s           2026-09-15T15:18:12
================================================================================
[2026-09-15T15:18:44.685+0000] {manager.py:878} INFO - 
================================================================================
DAG File Processing Stats

File Path                                 PID    Runtime      # DAGs    # Errors  Last Runtime    Last Run
----------------------------------------  -----  ---------  --------  ----------  --------------  -------------------
/opt/airflow/dags/tender_pipeline_dag.py                           1           0  0.20s           2026-09-15T15:18:42
================================================================================
[2026-09-15T15:19:15.119+0000] {manager.py:878} INFO - 
================================================================================
DAG File Processing Stats

File Path                                 PID    Runtime      # DAGs    # Errors  Last Runtime    Last Run
----------------------------------------  -----  ---------  --------  ----------  --------------  -------------------
/opt/airflow/dags/tender_pipeline_dag.py                           1           0  0.15s           2026-09-15T15:19:13
================================================================================
[2026-09-15T15:19:18.283+0000] {manager.py:737} INFO - Searching for files in /opt/airflow/dags
[2026-09-15T15:19:18.299+0000] {manager.py:740} INFO - There are 1 files in /opt/airflow/dags
[2026-09-15T15:19:45.367+0000] {manager.py:878} INFO - 
================================================================================
DAG File Processing Stats

File Path                                 PID    Runtime      # DAGs    # Errors  Last Runtime    Last Run
----------------------------------------  -----  ---------  --------  ----------  --------------  -------------------
/opt/airflow/dags/tender_pipeline_dag.py                           1           0  0.09s           2026-09-15T15:19:43
================================================================================
[2026-09-15T15:20:15.722+0000] {manager.py:878} INFO - 
================================================================================
DAG File Processing Stats

File Path                                 PID    Runtime      # DAGs    # Errors  Last Runtime    Last Run
----------------------------------------  -----  ---------  --------  ----------  --------------  -------------------
/opt/airflow/dags/tender_pipeline_dag.py                           1           0  0.15s           2026-09-15T15:20:13
================================================================================
[2026-09-15T15:20:46.053+0000] {manager.py:878} INFO - 
================================================================================
DAG File Processing Stats

File Path                                 PID    Runtime      # DAGs    # Errors  Last Runtime    Last Run
----------------------------------------  -----  ---------  --------  ----------  --------------  -------------------
/opt/airflow/dags/tender_pipeline_dag.py                           1           0  0.10s           2026-09-15T15:20:44
================================================================================
[2026-09-15T15:21:16.343+0000] {manager.py:878} INFO - 
================================================================================
DAG File Processing Stats

File Path                                 PID    Runtime      # DAGs    # Errors  Last Runtime    Last Run
----------------------------------------  -----  ---------  --------  ----------  --------------  -------------------
/opt/airflow/dags/tender_pipeline_dag.py                           1           0  0.08s           2026-09-15T15:21:14
================================================================================
[2026-09-15T15:21:46.562+0000] {manager.py:878} INFO - 
================================================================================
DAG File Processing Stats

File Path                                 PID    Runtime      # DAGs    # Errors  Last Runtime    Last Run
----------------------------------------  -----  ---------  --------  ----------  --------------  -------------------
/opt/airflow/dags/tender_pipeline_dag.py                           1           0  0.09s           2026-09-15T15:21:44
================================================================================
[2026-09-15T15:22:16.889+0000] {manager.py:878} INFO - 
================================================================================
DAG File Processing Stats

File Path                                 PID    Runtime      # DAGs    # Errors  Last Runtime    Last Run
----------------------------------------  -----  ---------  --------  ----------  --------------  -------------------
/opt/airflow/dags/tender_pipeline_dag.py                           1           0  0.10s           2026-09-15T15:22:14
================================================================================
[2026-09-15T15:22:47.160+0000] {manager.py:878} INFO - 
================================================================================
DAG File Processing Stats

File Path                                 PID    Runtime      # DAGs    # Errors  Last Runtime    Last Run
----------------------------------------  -----  ---------  --------  ----------  --------------  -------------------
/opt/airflow/dags/tender_pipeline_dag.py                           1           0  0.13s           2026-09-15T15:22:45
================================================================================
[2026-09-15T15:23:17.495+0000] {manager.py:878} INFO - 
================================================================================
DAG File Processing Stats

File Path                                 PID    Runtime      # DAGs    # Errors  Last Runtime    Last Run
----------------------------------------  -----  ---------  --------  ----------  --------------  -------------------
/opt/airflow/dags/tender_pipeline_dag.py                           1           0  0.14s           2026-09-15T15:23:15
================================================================================
[2026-09-15T15:23:47.726+0000] {manager.py:878} INFO - 
================================================================================
DAG File Processing Stats

File Path                                 PID    Runtime      # DAGs    # Errors  Last Runtime    Last Run
----------------------------------------  -----  ---------  --------  ----------  --------------  -------------------
/opt/airflow/dags/tender_pipeline_dag.py                           1           0  0.12s           2026-09-15T15:23:45
================================================================================
[2026-09-15T15:24:18.048+0000] {manager.py:878} INFO - 
================================================================================
DAG File Processing Stats

File Path                                 PID    Runtime      # DAGs    # Errors  Last Runtime    Last Run
----------------------------------------  -----  ---------  --------  ----------  --------------  -------------------
/opt/airflow/dags/tender_pipeline_dag.py                           1           0  0.12s           2026-09-15T15:24:16
================================================================================
[2026-09-15T15:24:19.072+0000] {manager.py:737} INFO - Searching for files in /opt/airflow/dags
[2026-09-15T15:24:19.156+0000] {manager.py:740} INFO - There are 1 files in /opt/airflow/dags
[2026-09-15T15:24:48.407+0000] {manager.py:878} INFO - 
================================================================================
DAG File Processing Stats

File Path                                 PID    Runtime      # DAGs    # Errors  Last Runtime    Last Run
----------------------------------------  -----  ---------  --------  ----------  --------------  -------------------
/opt/airflow/dags/tender_pipeline_dag.py                           1           0  0.10s           2026-09-15T15:24:46
================================================================================
[2026-09-15T15:25:18.728+0000] {manager.py:878} INFO - 
================================================================================
DAG File Processing Stats

File Path                                 PID    Runtime      # DAGs    # Errors  Last Runtime    Last Run
----------------------------------------  -----  ---------  --------  ----------  --------------  -------------------
/opt/airflow/dags/tender_pipeline_dag.py                           1           0  0.10s           2026-09-15T15:25:16
================================================================================
[2026-09-15T15:25:49.017+0000] {manager.py:878} INFO - 
================================================================================
DAG File Processing Stats

File Path                                 PID    Runtime      # DAGs    # Errors  Last Runtime    Last Run
----------------------------------------  -----  ---------  --------  ----------  --------------  -------------------
/opt/airflow/dags/tender_pipeline_dag.py                           1           0  0.10s           2026-09-15T15:25:47
================================================================================
[2026-09-15T15:26:19.289+0000] {manager.py:878} INFO - 
================================================================================
DAG File Processing Stats

File Path                                 PID    Runtime      # DAGs    # Errors  Last Runtime    Last Run
----------------------------------------  -----  ---------  --------  ----------  --------------  -------------------
/opt/airflow/dags/tender_pipeline_dag.py                           1           0  0.09s           2026-09-15T15:26:17
================================================================================
[2026-09-15T15:26:49.568+0000] {manager.py:878} INFO - 
================================================================================
DAG File Processing Stats

File Path                                 PID    Runtime      # DAGs    # Errors  Last Runtime    Last Run
----------------------------------------  -----  ---------  --------  ----------  --------------  -------------------
/opt/airflow/dags/tender_pipeline_dag.py                           1           0  0.09s           2026-09-15T15:26:47
================================================================================
[2026-09-15T15:27:19.861+0000] {manager.py:878} INFO - 
================================================================================
DAG File Processing Stats

File Path                                 PID    Runtime      # DAGs    # Errors  Last Runtime    Last Run
----------------------------------------  -----  ---------  --------  ----------  --------------  -------------------
/opt/airflow/dags/tender_pipeline_dag.py                           1           0  0.09s           2026-09-15T15:27:17
================================================================================
[2026-09-15T15:27:50.115+0000] {manager.py:878} INFO - 
================================================================================
DAG File Processing Stats

File Path                                 PID    Runtime      # DAGs    # Errors  Last Runtime    Last Run
----------------------------------------  -----  ---------  --------  ----------  --------------  -------------------
/opt/airflow/dags/tender_pipeline_dag.py                           1           0  0.19s           2026-09-15T15:27:48
================================================================================
[2026-09-15T15:28:20.483+0000] {manager.py:878} INFO - 
================================================================================
DAG File Processing Stats

File Path                                 PID    Runtime      # DAGs    # Errors  Last Runtime    Last Run
----------------------------------------  -----  ---------  --------  ----------  --------------  -------------------
/opt/airflow/dags/tender_pipeline_dag.py                           1           0  0.10s           2026-09-15T15:28:18
================================================================================
[2026-09-15T15:28:50.754+0000] {manager.py:878} INFO - 
================================================================================
DAG File Processing Stats

File Path                                 PID    Runtime      # DAGs    # Errors  Last Runtime    Last Run
----------------------------------------  -----  ---------  --------  ----------  --------------  -------------------
/opt/airflow/dags/tender_pipeline_dag.py                           1           0  0.23s           2026-09-15T15:28:48
================================================================================
[2026-09-15T15:29:19.081+0000] {manager.py:737} INFO - Searching for files in /opt/airflow/dags
[2026-09-15T15:29:19.093+0000] {manager.py:740} INFO - There are 1 files in /opt/airflow/dags
[2026-09-15T15:29:21.014+0000] {manager.py:878} INFO - 
================================================================================
DAG File Processing Stats

File Path                                 PID    Runtime      # DAGs    # Errors  Last Runtime    Last Run
----------------------------------------  -----  ---------  --------  ----------  --------------  -------------------
/opt/airflow/dags/tender_pipeline_dag.py                           1           0  0.08s           2026-09-15T15:29:19
================================================================================
[2026-09-15T15:29:51.319+0000] {manager.py:878} INFO - 
================================================================================
DAG File Processing Stats

File Path                                 PID    Runtime      # DAGs    # Errors  Last Runtime    Last Run
----------------------------------------  -----  ---------  --------  ----------  --------------  -------------------
/opt/airflow/dags/tender_pipeline_dag.py                           1           0  0.10s           2026-09-15T15:29:49
================================================================================
[2026-09-15T15:30:21.570+0000] {manager.py:878} INFO - 
================================================================================
DAG File Processing Stats

File Path                                 PID    Runtime      # DAGs    # Errors  Last Runtime    Last Run
----------------------------------------  -----  ---------  --------  ----------  --------------  -------------------
/opt/airflow/dags/tender_pipeline_dag.py                           1           0  0.09s           2026-09-15T15:30:19
================================================================================
[2026-09-15T15:30:51.844+0000] {manager.py:878} INFO - 
================================================================================
DAG File Processing Stats

File Path                                 PID    Runtime      # DAGs    # Errors  Last Runtime    Last Run
----------------------------------------  -----  ---------  --------  ----------  --------------  -------------------
/opt/airflow/dags/tender_pipeline_dag.py                           1           0  0.11s           2026-09-15T15:30:49
================================================================================
[2026-09-15T15:31:22.156+0000] {manager.py:878} INFO - 
================================================================================
DAG File Processing Stats

File Path                                 PID    Runtime      # DAGs    # Errors  Last Runtime    Last Run
----------------------------------------  -----  ---------  --------  ----------  --------------  -------------------
/opt/airflow/dags/tender_pipeline_dag.py                           1           0  0.08s           2026-09-15T15:31:20
================================================================================
[2026-09-15T15:31:52.415+0000] {manager.py:878} INFO - 
================================================================================
DAG File Processing Stats

File Path                                 PID    Runtime      # DAGs    # Errors  Last Runtime    Last Run
----------------------------------------  -----  ---------  --------  ----------  --------------  -------------------
/opt/airflow/dags/tender_pipeline_dag.py                           1           0  0.09s           2026-09-15T15:31:50
================================================================================
[2026-09-15T15:32:22.692+0000] {manager.py:878} INFO - 
================================================================================
DAG File Processing Stats

File Path                                 PID    Runtime      # DAGs    # Errors  Last Runtime    Last Run
----------------------------------------  -----  ---------  --------  ----------  --------------  -------------------
/opt/airflow/dags/tender_pipeline_dag.py                           1           0  0.09s           2026-09-15T15:32:20
================================================================================
[2026-09-15T15:32:52.968+0000] {manager.py:878} INFO - 
================================================================================
DAG File Processing Stats

File Path                                 PID    Runtime      # DAGs    # Errors  Last Runtime    Last Run
----------------------------------------  -----  ---------  --------  ----------  --------------  -------------------
/opt/airflow/dags/tender_pipeline_dag.py                           1           0  0.10s           2026-09-15T15:32:51
================================================================================
[2026-09-15T15:33:23.239+0000] {manager.py:878} INFO - 
================================================================================
DAG File Processing Stats

File Path                                 PID    Runtime      # DAGs    # Errors  Last Runtime    Last Run
----------------------------------------  -----  ---------  --------  ----------  --------------  -------------------
/opt/airflow/dags/tender_pipeline_dag.py                           1           0  0.24s           2026-09-15T15:33:21
================================================================================
[2026-09-15T15:33:53.495+0000] {manager.py:878} INFO - 
================================================================================
DAG File Processing Stats

File Path                                 PID    Runtime      # DAGs    # Errors  Last Runtime    Last Run
----------------------------------------  -----  ---------  --------  ----------  --------------  -------------------
/opt/airflow/dags/tender_pipeline_dag.py                           1           0  0.09s           2026-09-15T15:33:51
================================================================================
[2026-09-15T15:34:19.686+0000] {manager.py:737} INFO - Searching for files in /opt/airflow/dags
[2026-09-15T15:34:19.717+0000] {manager.py:740} INFO - There are 1 files in /opt/airflow/dags
[2026-09-15T15:34:23.768+0000] {manager.py:878} INFO - 
================================================================================
DAG File Processing Stats

File Path                                 PID    Runtime      # DAGs    # Errors  Last Runtime    Last Run
----------------------------------------  -----  ---------  --------  ----------  --------------  -------------------
/opt/airflow/dags/tender_pipeline_dag.py                           1           0  0.10s           2026-09-15T15:34:21
================================================================================
[2026-09-15T15:34:54.059+0000] {manager.py:878} INFO - 
================================================================================
DAG File Processing Stats

File Path                                 PID    Runtime      # DAGs    # Errors  Last Runtime    Last Run
----------------------------------------  -----  ---------  --------  ----------  --------------  -------------------
/opt/airflow/dags/tender_pipeline_dag.py                           1           0  0.10s           2026-09-15T15:34:52
================================================================================
[2026-09-15T15:35:24.461+0000] {manager.py:878} INFO - 
================================================================================
DAG File Processing Stats

File Path                                 PID    Runtime      # DAGs    # Errors  Last Runtime    Last Run
----------------------------------------  -----  ---------  --------  ----------  --------------  -------------------
/opt/airflow/dags/tender_pipeline_dag.py                           1           0  0.20s           2026-09-15T15:35:22
================================================================================
[2026-09-15T15:35:54.714+0000] {manager.py:878} INFO - 
================================================================================
DAG File Processing Stats

File Path                                 PID    Runtime      # DAGs    # Errors  Last Runtime    Last Run
----------------------------------------  -----  ---------  --------  ----------  --------------  -------------------
/opt/airflow/dags/tender_pipeline_dag.py                           1           0  0.09s           2026-09-15T15:35:52
================================================================================
[2026-09-15T15:36:25.003+0000] {manager.py:878} INFO - 
================================================================================
DAG File Processing Stats

File Path                                 PID    Runtime      # DAGs    # Errors  Last Runtime    Last Run
----------------------------------------  -----  ---------  --------  ----------  --------------  -------------------
/opt/airflow/dags/tender_pipeline_dag.py                           1           0  0.09s           2026-09-15T15:36:23
================================================================================
[2026-09-15T15:36:55.284+0000] {manager.py:878} INFO - 
================================================================================
DAG File Processing Stats

File Path                                 PID    Runtime      # DAGs    # Errors  Last Runtime    Last Run
----------------------------------------  -----  ---------  --------  ----------  --------------  -------------------
/opt/airflow/dags/tender_pipeline_dag.py                           1           0  0.10s           2026-09-15T15:36:53
================================================================================
[2026-09-15T15:37:25.536+0000] {manager.py:878} INFO - 
================================================================================
DAG File Processing Stats

File Path                                 PID    Runtime      # DAGs    # Errors  Last Runtime    Last Run
----------------------------------------  -----  ---------  --------  ----------  --------------  -------------------
/opt/airflow/dags/tender_pipeline_dag.py                           1           0  0.10s           2026-09-15T15:37:23
================================================================================
[2026-09-15T15:37:55.863+0000] {manager.py:878} INFO - 
================================================================================
DAG File Processing Stats

File Path                                 PID    Runtime      # DAGs    # Errors  Last Runtime    Last Run
----------------------------------------  -----  ---------  --------  ----------  --------------  -------------------
/opt/airflow/dags/tender_pipeline_dag.py                           1           0  0.20s           2026-09-15T15:37:54
================================================================================
[2026-09-15T15:38:26.113+0000] {manager.py:878} INFO - 
================================================================================
DAG File Processing Stats

File Path                                 PID    Runtime      # DAGs    # Errors  Last Runtime    Last Run
----------------------------------------  -----  ---------  --------  ----------  --------------  -------------------
/opt/airflow/dags/tender_pipeline_dag.py                           1           0  0.10s           2026-09-15T15:38:24
================================================================================
[2026-09-15T15:38:56.467+0000] {manager.py:878} INFO - 
================================================================================
DAG File Processing Stats

File Path                                 PID    Runtime      # DAGs    # Errors  Last Runtime    Last Run
----------------------------------------  -----  ---------  --------  ----------  --------------  -------------------
/opt/airflow/dags/tender_pipeline_dag.py                           1           0  0.32s           2026-09-15T15:38:54
================================================================================
[2026-09-15T15:39:19.828+0000] {manager.py:737} INFO - Searching for files in /opt/airflow/dags
[2026-09-15T15:39:19.848+0000] {manager.py:740} INFO - There are 1 files in /opt/airflow/dags
[2026-09-15T15:39:26.737+0000] {manager.py:878} INFO - 
================================================================================
DAG File Processing Stats

File Path                                 PID    Runtime      # DAGs    # Errors  Last Runtime    Last Run
----------------------------------------  -----  ---------  --------  ----------  --------------  -------------------
/opt/airflow/dags/tender_pipeline_dag.py                           1           0  0.13s           2026-09-15T15:39:24
================================================================================
[2026-09-15T15:39:57.069+0000] {manager.py:878} INFO - 
================================================================================
DAG File Processing Stats

File Path                                 PID    Runtime      # DAGs    # Errors  Last Runtime    Last Run
----------------------------------------  -----  ---------  --------  ----------  --------------  -------------------
/opt/airflow/dags/tender_pipeline_dag.py                           1           0  0.10s           2026-09-15T15:39:55
================================================================================
[2026-09-15T15:40:27.371+0000] {manager.py:878} INFO - 
================================================================================
DAG File Processing Stats

File Path                                 PID    Runtime      # DAGs    # Errors  Last Runtime    Last Run
----------------------------------------  -----  ---------  --------  ----------  --------------  -------------------
/opt/airflow/dags/tender_pipeline_dag.py                           1           0  0.10s           2026-09-15T15:40:25
================================================================================
[2026-09-15T15:40:57.711+0000] {manager.py:878} INFO - 
================================================================================
DAG File Processing Stats

File Path                                 PID    Runtime      # DAGs    # Errors  Last Runtime    Last Run
----------------------------------------  -----  ---------  --------  ----------  --------------  -------------------
/opt/airflow/dags/tender_pipeline_dag.py                           1           0  0.09s           2026-09-15T15:40:55
================================================================================
[2026-09-15T15:41:27.969+0000] {manager.py:878} INFO - 
================================================================================
DAG File Processing Stats

File Path                                 PID    Runtime      # DAGs    # Errors  Last Runtime    Last Run
----------------------------------------  -----  ---------  --------  ----------  --------------  -------------------
/opt/airflow/dags/tender_pipeline_dag.py                           1           0  0.10s           2026-09-15T15:41:26
================================================================================
[2026-09-15T15:41:58.246+0000] {manager.py:878} INFO - 
================================================================================
DAG File Processing Stats

File Path                                 PID    Runtime      # DAGs    # Errors  Last Runtime    Last Run
----------------------------------------  -----  ---------  --------  ----------  --------------  -------------------
/opt/airflow/dags/tender_pipeline_dag.py                           1           0  0.12s           2026-09-15T15:41:56
================================================================================
[2026-09-15T15:42:28.568+0000] {manager.py:878} INFO - 
================================================================================
DAG File Processing Stats

File Path                                 PID    Runtime      # DAGs    # Errors  Last Runtime    Last Run
----------------------------------------  -----  ---------  --------  ----------  --------------  -------------------
/opt/airflow/dags/tender_pipeline_dag.py                           1           0  0.23s           2026-09-15T15:42:26
================================================================================
[2026-09-15T15:42:58.927+0000] {manager.py:878} INFO - 
================================================================================
DAG File Processing Stats

File Path                                 PID    Runtime      # DAGs    # Errors  Last Runtime    Last Run
----------------------------------------  -----  ---------  --------  ----------  --------------  -------------------
/opt/airflow/dags/tender_pipeline_dag.py                           1           0  0.14s           2026-09-15T15:42:56
================================================================================
[2026-09-15T15:43:29.178+0000] {manager.py:878} INFO - 
================================================================================
DAG File Processing Stats

File Path                                 PID    Runtime      # DAGs    # Errors  Last Runtime    Last Run
----------------------------------------  -----  ---------  --------  ----------  --------------  -------------------
/opt/airflow/dags/tender_pipeline_dag.py                           1           0  0.10s           2026-09-15T15:43:27
================================================================================
[2026-09-15T15:43:59.493+0000] {manager.py:878} INFO - 
================================================================================
DAG File Processing Stats

File Path                                 PID    Runtime      # DAGs    # Errors  Last Runtime    Last Run
----------------------------------------  -----  ---------  --------  ----------  --------------  -------------------
/opt/airflow/dags/tender_pipeline_dag.py                           1           0  0.09s           2026-09-15T15:43:57
================================================================================
[2026-09-15T15:44:20.650+0000] {manager.py:737} INFO - Searching for files in /opt/airflow/dags
[2026-09-15T15:44:20.668+0000] {manager.py:740} INFO - There are 1 files in /opt/airflow/dags
[2026-09-15T15:44:29.787+0000] {manager.py:878} INFO - 
================================================================================
DAG File Processing Stats

File Path                                 PID    Runtime      # DAGs    # Errors  Last Runtime    Last Run
----------------------------------------  -----  ---------  --------  ----------  --------------  -------------------
/opt/airflow/dags/tender_pipeline_dag.py                           1           0  0.12s           2026-09-15T15:44:27
================================================================================
[2026-09-15T15:45:00.094+0000] {manager.py:878} INFO - 
================================================================================
DAG File Processing Stats

File Path                                 PID    Runtime      # DAGs    # Errors  Last Runtime    Last Run
----------------------------------------  -----  ---------  --------  ----------  --------------  -------------------
/opt/airflow/dags/tender_pipeline_dag.py                           1           0  0.10s           2026-09-15T15:44:58
================================================================================
[2026-09-15T15:45:30.394+0000] {manager.py:878} INFO - 
================================================================================
DAG File Processing Stats

File Path                                 PID    Runtime      # DAGs    # Errors  Last Runtime    Last Run
----------------------------------------  -----  ---------  --------  ----------  --------------  -------------------
/opt/airflow/dags/tender_pipeline_dag.py                           1           0  0.10s           2026-09-15T15:45:28
================================================================================
[2026-09-15T15:46:00.687+0000] {manager.py:878} INFO - 
================================================================================
DAG File Processing Stats

File Path                                 PID    Runtime      # DAGs    # Errors  Last Runtime    Last Run
----------------------------------------  -----  ---------  --------  ----------  --------------  -------------------
/opt/airflow/dags/tender_pipeline_dag.py                           1           0  0.10s           2026-09-15T15:45:58
================================================================================
[2026-09-15T15:46:30.944+0000] {manager.py:878} INFO - 
================================================================================
DAG File Processing Stats

File Path                                 PID    Runtime      # DAGs    # Errors  Last Runtime    Last Run
----------------------------------------  -----  ---------  --------  ----------  --------------  -------------------
/opt/airflow/dags/tender_pipeline_dag.py                           1           0  0.09s           2026-09-15T15:46:28
================================================================================
[2026-09-15T15:47:01.218+0000] {manager.py:878} INFO - 
================================================================================
DAG File Processing Stats

File Path                                 PID    Runtime      # DAGs    # Errors  Last Runtime    Last Run
----------------------------------------  -----  ---------  --------  ----------  --------------  -------------------
/opt/airflow/dags/tender_pipeline_dag.py                           1           0  0.24s           2026-09-15T15:46:59
================================================================================
[2026-09-15T15:47:31.465+0000] {manager.py:878} INFO - 
================================================================================
DAG File Processing Stats

File Path                                 PID    Runtime      # DAGs    # Errors  Last Runtime    Last Run
----------------------------------------  -----  ---------  --------  ----------  --------------  -------------------
/opt/airflow/dags/tender_pipeline_dag.py                           1           0  0.08s           2026-09-15T15:47:29
================================================================================
[2026-09-15T15:48:01.756+0000] {manager.py:878} INFO - 
================================================================================
DAG File Processing Stats

File Path                                 PID    Runtime      # DAGs    # Errors  Last Runtime    Last Run
----------------------------------------  -----  ---------  --------  ----------  --------------  -------------------
/opt/airflow/dags/tender_pipeline_dag.py                           1           0  0.09s           2026-09-15T15:47:59
================================================================================
[2026-09-15T15:48:32.046+0000] {manager.py:878} INFO - 
================================================================================
DAG File Processing Stats

File Path                                 PID    Runtime      # DAGs    # Errors  Last Runtime    Last Run
----------------------------------------  -----  ---------  --------  ----------  --------------  -------------------
/opt/airflow/dags/tender_pipeline_dag.py                           1           0  0.12s           2026-09-15T15:48:30
================================================================================
[2026-09-15T15:49:02.339+0000] {manager.py:878} INFO - 
================================================================================
DAG File Processing Stats

File Path                                 PID    Runtime      # DAGs    # Errors  Last Runtime    Last Run
----------------------------------------  -----  ---------  --------  ----------  --------------  -------------------
/opt/airflow/dags/tender_pipeline_dag.py                           1           0  0.12s           2026-09-15T15:49:00
================================================================================
[2026-09-15T15:49:21.507+0000] {manager.py:737} INFO - Searching for files in /opt/airflow/dags
[2026-09-15T15:49:21.524+0000] {manager.py:740} INFO - There are 1 files in /opt/airflow/dags
[2026-09-15T15:49:32.646+0000] {manager.py:878} INFO - 
================================================================================
DAG File Processing Stats

File Path                                 PID    Runtime      # DAGs    # Errors  Last Runtime    Last Run
----------------------------------------  -----  ---------  --------  ----------  --------------  -------------------
/opt/airflow/dags/tender_pipeline_dag.py                           1           0  0.09s           2026-09-15T15:49:30
================================================================================
[2026-09-15T15:50:03.031+0000] {manager.py:878} INFO - 
================================================================================
DAG File Processing Stats

File Path                                 PID    Runtime      # DAGs    # Errors  Last Runtime    Last Run
----------------------------------------  -----  ---------  --------  ----------  --------------  -------------------
/opt/airflow/dags/tender_pipeline_dag.py                           1           0  0.20s           2026-09-15T15:50:01
================================================================================
[2026-09-15T15:50:33.273+0000] {manager.py:878} INFO - 
================================================================================
DAG File Processing Stats

File Path                                 PID    Runtime      # DAGs    # Errors  Last Runtime    Last Run
----------------------------------------  -----  ---------  --------  ----------  --------------  -------------------
/opt/airflow/dags/tender_pipeline_dag.py                           1           0  0.09s           2026-09-15T15:50:31
================================================================================
[2026-09-15T15:51:03.555+0000] {manager.py:878} INFO - 
================================================================================
DAG File Processing Stats

File Path                                 PID    Runtime      # DAGs    # Errors  Last Runtime    Last Run
----------------------------------------  -----  ---------  --------  ----------  --------------  -------------------
/opt/airflow/dags/tender_pipeline_dag.py                           1           0  0.09s           2026-09-15T15:51:01
================================================================================
[2026-09-15T15:51:33.801+0000] {manager.py:878} INFO - 
================================================================================
DAG File Processing Stats

File Path                                 PID    Runtime      # DAGs    # Errors  Last Runtime    Last Run
----------------------------------------  -----  ---------  --------  ----------  --------------  -------------------
/opt/airflow/dags/tender_pipeline_dag.py                           1           0  0.22s           2026-09-15T15:51:32
================================================================================
[2026-09-15T15:52:04.257+0000] {manager.py:878} INFO - 
================================================================================
DAG File Processing Stats

File Path                                 PID    Runtime      # DAGs    # Errors  Last Runtime    Last Run
----------------------------------------  -----  ---------  --------  ----------  --------------  -------------------
/opt/airflow/dags/tender_pipeline_dag.py                           1           0  0.10s           2026-09-15T15:52:02
================================================================================
[2026-09-15T15:52:34.537+0000] {manager.py:878} INFO - 
================================================================================
DAG File Processing Stats

File Path                                 PID    Runtime      # DAGs    # Errors  Last Runtime    Last Run
----------------------------------------  -----  ---------  --------  ----------  --------------  -------------------
/opt/airflow/dags/tender_pipeline_dag.py                           1           0  0.10s           2026-09-15T15:52:32
================================================================================
[2026-09-15T15:53:04.804+0000] {manager.py:878} INFO - 
================================================================================
DAG File Processing Stats

File Path                                 PID    Runtime      # DAGs    # Errors  Last Runtime    Last Run
----------------------------------------  -----  ---------  --------  ----------  --------------  -------------------
/opt/airflow/dags/tender_pipeline_dag.py                           1           0  0.12s           2026-09-15T15:53:02
================================================================================
[2026-09-15T15:53:35.135+0000] {manager.py:878} INFO - 
================================================================================
DAG File Processing Stats

File Path                                 PID    Runtime      # DAGs    # Errors  Last Runtime    Last Run
----------------------------------------  -----  ---------  --------  ----------  --------------  -------------------
/opt/airflow/dags/tender_pipeline_dag.py                           1           0  0.10s           2026-09-15T15:53:33
================================================================================
[2026-09-15T15:54:05.427+0000] {manager.py:878} INFO - 
================================================================================
DAG File Processing Stats

File Path                                 PID    Runtime      # DAGs    # Errors  Last Runtime    Last Run
----------------------------------------  -----  ---------  --------  ----------  --------------  -------------------
/opt/airflow/dags/tender_pipeline_dag.py                           1           0  0.08s           2026-09-15T15:54:03
================================================================================
[2026-09-15T15:54:21.575+0000] {manager.py:737} INFO - Searching for files in /opt/airflow/dags
[2026-09-15T15:54:21.592+0000] {manager.py:740} INFO - There are 1 files in /opt/airflow/dags
[2026-09-15T15:54:35.737+0000] {manager.py:878} INFO - 
================================================================================
DAG File Processing Stats

File Path                                 PID    Runtime      # DAGs    # Errors  Last Runtime    Last Run
----------------------------------------  -----  ---------  --------  ----------  --------------  -------------------
/opt/airflow/dags/tender_pipeline_dag.py                           1           0  0.09s           2026-09-15T15:54:33
================================================================================
[2026-09-15T15:55:06.020+0000] {manager.py:878} INFO - 
================================================================================
DAG File Processing Stats

File Path                                 PID    Runtime      # DAGs    # Errors  Last Runtime    Last Run
----------------------------------------  -----  ---------  --------  ----------  --------------  -------------------
/opt/airflow/dags/tender_pipeline_dag.py                           1           0  0.09s           2026-09-15T15:55:04
================================================================================
[2026-09-15T15:55:36.289+0000] {manager.py:878} INFO - 
================================================================================
DAG File Processing Stats

File Path                                 PID    Runtime      # DAGs    # Errors  Last Runtime    Last Run
----------------------------------------  -----  ---------  --------  ----------  --------------  -------------------
/opt/airflow/dags/tender_pipeline_dag.py                           1           0  0.09s           2026-09-15T15:55:34
================================================================================
[2026-09-15T15:56:06.561+0000] {manager.py:878} INFO - 
================================================================================
DAG File Processing Stats

File Path                                 PID    Runtime      # DAGs    # Errors  Last Runtime    Last Run
----------------------------------------  -----  ---------  --------  ----------  --------------  -------------------
/opt/airflow/dags/tender_pipeline_dag.py                           1           0  0.10s           2026-09-15T15:56:04
================================================================================
[2026-09-15T15:56:36.755+0000] {manager.py:878} INFO - 
================================================================================
DAG File Processing Stats

File Path                                 PID    Runtime      # DAGs    # Errors  Last Runtime    Last Run
----------------------------------------  -----  ---------  --------  ----------  --------------  -------------------
/opt/airflow/dags/tender_pipeline_dag.py                           1           0  0.09s           2026-09-15T15:56:34
================================================================================
[2026-09-15T15:57:07.044+0000] {manager.py:878} INFO - 
================================================================================
DAG File Processing Stats

File Path                                 PID    Runtime      # DAGs    # Errors  Last Runtime    Last Run
----------------------------------------  -----  ---------  --------  ----------  --------------  -------------------
/opt/airflow/dags/tender_pipeline_dag.py                           1           0  0.09s           2026-09-15T15:57:05
================================================================================
[2026-09-15T15:57:37.349+0000] {manager.py:878} INFO - 
================================================================================
DAG File Processing Stats

File Path                                 PID    Runtime      # DAGs    # Errors  Last Runtime    Last Run
----------------------------------------  -----  ---------  --------  ----------  --------------  -------------------
/opt/airflow/dags/tender_pipeline_dag.py                           1           0  0.18s           2026-09-15T15:57:35
================================================================================
[2026-09-15T15:58:07.607+0000] {manager.py:878} INFO - 
================================================================================
DAG File Processing Stats

File Path                                 PID    Runtime      # DAGs    # Errors  Last Runtime    Last Run
----------------------------------------  -----  ---------  --------  ----------  --------------  -------------------
/opt/airflow/dags/tender_pipeline_dag.py                           1           0  0.08s           2026-09-15T15:58:05
================================================================================
[2026-09-15T15:58:37.922+0000] {manager.py:878} INFO - 
================================================================================
DAG File Processing Stats

File Path                                 PID    Runtime      # DAGs    # Errors  Last Runtime    Last Run
----------------------------------------  -----  ---------  --------  ----------  --------------  -------------------
/opt/airflow/dags/tender_pipeline_dag.py                           1           0  0.10s           2026-09-15T15:58:35
================================================================================
[2026-09-15T15:59:08.190+0000] {manager.py:878} INFO - 
================================================================================
DAG File Processing Stats

File Path                                 PID    Runtime      # DAGs    # Errors  Last Runtime    Last Run
----------------------------------------  -----  ---------  --------  ----------  --------------  -------------------
/opt/airflow/dags/tender_pipeline_dag.py                           1           0  0.09s           2026-09-15T15:59:06
================================================================================
[2026-09-15T15:59:22.296+0000] {manager.py:737} INFO - Searching for files in /opt/airflow/dags
[2026-09-15T15:59:22.457+0000] {manager.py:740} INFO - There are 1 files in /opt/airflow/dags
[2026-09-15T15:59:38.636+0000] {manager.py:878} INFO - 
================================================================================
DAG File Processing Stats

File Path                                 PID    Runtime      # DAGs    # Errors  Last Runtime    Last Run
----------------------------------------  -----  ---------  --------  ----------  --------------  -------------------
/opt/airflow/dags/tender_pipeline_dag.py                           1           0  0.10s           2026-09-15T15:59:36
================================================================================
[2026-09-15T16:00:08.944+0000] {manager.py:878} INFO - 
================================================================================
DAG File Processing Stats

File Path                                 PID    Runtime      # DAGs    # Errors  Last Runtime    Last Run
----------------------------------------  -----  ---------  --------  ----------  --------------  -------------------
/opt/airflow/dags/tender_pipeline_dag.py                           1           0  0.09s           2026-09-15T16:00:06
================================================================================
[2026-09-15T16:00:39.218+0000] {manager.py:878} INFO - 
================================================================================
DAG File Processing Stats

File Path                                 PID    Runtime      # DAGs    # Errors  Last Runtime    Last Run
----------------------------------------  -----  ---------  --------  ----------  --------------  -------------------
/opt/airflow/dags/tender_pipeline_dag.py                           1           0  0.10s           2026-09-15T16:00:37
================================================================================
[2026-09-15T16:01:09.494+0000] {manager.py:878} INFO - 
================================================================================
DAG File Processing Stats

File Path                                 PID    Runtime      # DAGs    # Errors  Last Runtime    Last Run
----------------------------------------  -----  ---------  --------  ----------  --------------  -------------------
/opt/airflow/dags/tender_pipeline_dag.py                           1           0  0.09s           2026-09-15T16:01:07
================================================================================
[2026-09-15T16:01:39.800+0000] {manager.py:878} INFO - 
================================================================================
DAG File Processing Stats

File Path                                 PID    Runtime      # DAGs    # Errors  Last Runtime    Last Run
----------------------------------------  -----  ---------  --------  ----------  --------------  -------------------
/opt/airflow/dags/tender_pipeline_dag.py                           1           0  0.15s           2026-09-15T16:01:37
================================================================================
[2026-09-15T16:02:10.052+0000] {manager.py:878} INFO - 
================================================================================
DAG File Processing Stats

File Path                                 PID    Runtime      # DAGs    # Errors  Last Runtime    Last Run
----------------------------------------  -----  ---------  --------  ----------  --------------  -------------------
/opt/airflow/dags/tender_pipeline_dag.py                           1           0  0.10s           2026-09-15T16:02:08
================================================================================
[2026-09-15T16:02:40.360+0000] {manager.py:878} INFO - 
================================================================================
DAG File Processing Stats

File Path                                 PID    Runtime      # DAGs    # Errors  Last Runtime    Last Run
----------------------------------------  -----  ---------  --------  ----------  --------------  -------------------
/opt/airflow/dags/tender_pipeline_dag.py                           1           0  0.09s           2026-09-15T16:02:38
================================================================================
[2026-09-15T16:03:10.635+0000] {manager.py:878} INFO - 
================================================================================
DAG File Processing Stats

File Path                                 PID    Runtime      # DAGs    # Errors  Last Runtime    Last Run
----------------------------------------  -----  ---------  --------  ----------  --------------  -------------------
/opt/airflow/dags/tender_pipeline_dag.py                           1           0  0.11s           2026-09-15T16:03:08
================================================================================
[2026-09-15T16:03:40.902+0000] {manager.py:878} INFO - 
================================================================================
DAG File Processing Stats

File Path                                 PID    Runtime      # DAGs    # Errors  Last Runtime    Last Run
----------------------------------------  -----  ---------  --------  ----------  --------------  -------------------
/opt/airflow/dags/tender_pipeline_dag.py                           1           0  0.09s           2026-09-15T16:03:38
================================================================================
[2026-09-15T16:04:11.177+0000] {manager.py:878} INFO - 
================================================================================
DAG File Processing Stats

File Path                                 PID    Runtime      # DAGs    # Errors  Last Runtime    Last Run
----------------------------------------  -----  ---------  --------  ----------  --------------  -------------------
/opt/airflow/dags/tender_pipeline_dag.py                           1           0  0.10s           2026-09-15T16:04:09
================================================================================
[2026-09-15T16:04:22.329+0000] {manager.py:737} INFO - Searching for files in /opt/airflow/dags
[2026-09-15T16:04:22.524+0000] {manager.py:740} INFO - There are 1 files in /opt/airflow/dags
[2026-09-15T16:04:41.423+0000] {manager.py:878} INFO - 
================================================================================
DAG File Processing Stats

File Path                                 PID    Runtime      # DAGs    # Errors  Last Runtime    Last Run
----------------------------------------  -----  ---------  --------  ----------  --------------  -------------------
/opt/airflow/dags/tender_pipeline_dag.py                           1           0  0.13s           2026-09-15T16:04:39
================================================================================
[2026-09-15T16:05:11.794+0000] {manager.py:878} INFO - 
================================================================================
DAG File Processing Stats

File Path                                 PID    Runtime      # DAGs    # Errors  Last Runtime    Last Run
----------------------------------------  -----  ---------  --------  ----------  --------------  -------------------
/opt/airflow/dags/tender_pipeline_dag.py                           1           0  0.14s           2026-09-15T16:05:09
================================================================================
[2026-09-15T16:05:42.058+0000] {manager.py:878} INFO - 
================================================================================
DAG File Processing Stats

File Path                                 PID    Runtime      # DAGs    # Errors  Last Runtime    Last Run
----------------------------------------  -----  ---------  --------  ----------  --------------  -------------------
/opt/airflow/dags/tender_pipeline_dag.py                           1           0  0.10s           2026-09-15T16:05:40
================================================================================
[2026-09-15T16:06:12.292+0000] {manager.py:878} INFO - 
================================================================================
DAG File Processing Stats

File Path                                 PID    Runtime      # DAGs    # Errors  Last Runtime    Last Run
----------------------------------------  -----  ---------  --------  ----------  --------------  -------------------
/opt/airflow/dags/tender_pipeline_dag.py                           1           0  0.19s           2026-09-15T16:06:10
================================================================================
[2026-09-15T16:06:42.487+0000] {manager.py:878} INFO - 
================================================================================
DAG File Processing Stats

File Path                                 PID    Runtime      # DAGs    # Errors  Last Runtime    Last Run
----------------------------------------  -----  ---------  --------  ----------  --------------  -------------------
/opt/airflow/dags/tender_pipeline_dag.py                           1           0  0.11s           2026-09-15T16:06:36
================================================================================
[2026-09-15T16:07:12.749+0000] {manager.py:878} INFO - 
================================================================================
DAG File Processing Stats

File Path                                 PID    Runtime      # DAGs    # Errors  Last Runtime    Last Run
----------------------------------------  -----  ---------  --------  ----------  --------------  -------------------
/opt/airflow/dags/tender_pipeline_dag.py                           1           0  0.81s           2026-09-15T16:07:07
================================================================================
[2026-09-15T16:07:42.763+0000] {manager.py:878} INFO - 
================================================================================
DAG File Processing Stats

File Path                                 PID    Runtime      # DAGs    # Errors  Last Runtime    Last Run
----------------------------------------  -----  ---------  --------  ----------  --------------  -------------------
/opt/airflow/dags/tender_pipeline_dag.py                           1           0  0.10s           2026-09-15T16:07:37
================================================================================
[2026-09-15T16:08:12.900+0000] {manager.py:878} INFO - 
================================================================================
DAG File Processing Stats

File Path                                 PID    Runtime      # DAGs    # Errors  Last Runtime    Last Run
----------------------------------------  -----  ---------  --------  ----------  --------------  -------------------
/opt/airflow/dags/tender_pipeline_dag.py                           1           0  0.11s           2026-09-15T16:08:07
================================================================================
[2026-09-15T16:08:43.119+0000] {manager.py:878} INFO - 
================================================================================
DAG File Processing Stats

File Path                                 PID    Runtime      # DAGs    # Errors  Last Runtime    Last Run
----------------------------------------  -----  ---------  --------  ----------  --------------  -------------------
/opt/airflow/dags/tender_pipeline_dag.py                           1           0  0.11s           2026-09-15T16:08:38
================================================================================
[2026-09-15T16:09:13.371+0000] {manager.py:878} INFO - 
================================================================================
DAG File Processing Stats

File Path                                 PID    Runtime      # DAGs    # Errors  Last Runtime    Last Run
----------------------------------------  -----  ---------  --------  ----------  --------------  -------------------
/opt/airflow/dags/tender_pipeline_dag.py                           1           0  0.25s           2026-09-15T16:09:08
================================================================================
[2026-09-15T16:09:22.415+0000] {manager.py:737} INFO - Searching for files in /opt/airflow/dags
[2026-09-15T16:09:22.511+0000] {manager.py:740} INFO - There are 1 files in /opt/airflow/dags
[2026-09-15T16:09:43.725+0000] {manager.py:878} INFO - 
================================================================================
DAG File Processing Stats

File Path                                 PID    Runtime      # DAGs    # Errors  Last Runtime    Last Run
----------------------------------------  -----  ---------  --------  ----------  --------------  -------------------
/opt/airflow/dags/tender_pipeline_dag.py                           1           0  0.13s           2026-09-15T16:09:38
================================================================================
[2026-09-15T16:10:13.949+0000] {manager.py:878} INFO - 
================================================================================
DAG File Processing Stats

File Path                                 PID    Runtime      # DAGs    # Errors  Last Runtime    Last Run
----------------------------------------  -----  ---------  --------  ----------  --------------  -------------------
/opt/airflow/dags/tender_pipeline_dag.py                           1           0  0.09s           2026-09-15T16:10:08
================================================================================
[2026-09-15T16:10:44.159+0000] {manager.py:878} INFO - 
================================================================================
DAG File Processing Stats

File Path                                 PID    Runtime      # DAGs    # Errors  Last Runtime    Last Run
----------------------------------------  -----  ---------  --------  ----------  --------------  -------------------
/opt/airflow/dags/tender_pipeline_dag.py                           1           0  0.09s           2026-09-15T16:10:39
================================================================================
[2026-09-15T16:11:14.383+0000] {manager.py:878} INFO - 
================================================================================
DAG File Processing Stats

File Path                                 PID    Runtime      # DAGs    # Errors  Last Runtime    Last Run
----------------------------------------  -----  ---------  --------  ----------  --------------  -------------------
/opt/airflow/dags/tender_pipeline_dag.py                           1           0  0.21s           2026-09-15T16:11:09
================================================================================
[2026-09-15T16:11:44.739+0000] {manager.py:878} INFO - 
================================================================================
DAG File Processing Stats

File Path                                 PID    Runtime      # DAGs    # Errors  Last Runtime    Last Run
----------------------------------------  -----  ---------  --------  ----------  --------------  -------------------
/opt/airflow/dags/tender_pipeline_dag.py                           1           0  0.11s           2026-09-15T16:11:39
================================================================================
[2026-09-15T16:12:14.992+0000] {manager.py:878} INFO - 
================================================================================
DAG File Processing Stats

File Path                                 PID    Runtime      # DAGs    # Errors  Last Runtime    Last Run
----------------------------------------  -----  ---------  --------  ----------  --------------  -------------------
/opt/airflow/dags/tender_pipeline_dag.py                           1           0  0.15s           2026-09-15T16:12:10
================================================================================
[2026-09-15T16:12:45.219+0000] {manager.py:878} INFO - 
================================================================================
DAG File Processing Stats

File Path                                 PID    Runtime      # DAGs    # Errors  Last Runtime    Last Run
----------------------------------------  -----  ---------  --------  ----------  --------------  -------------------
/opt/airflow/dags/tender_pipeline_dag.py                           1           0  0.13s           2026-09-15T16:12:40
================================================================================
[2026-09-15T16:13:15.454+0000] {manager.py:878} INFO - 
================================================================================
DAG File Processing Stats

File Path                                 PID    Runtime      # DAGs    # Errors  Last Runtime    Last Run
----------------------------------------  -----  ---------  --------  ----------  --------------  -------------------
/opt/airflow/dags/tender_pipeline_dag.py                           1           0  0.21s           2026-09-15T16:13:10
================================================================================
[2026-09-15T16:13:45.652+0000] {manager.py:878} INFO - 
================================================================================
DAG File Processing Stats

File Path                                 PID    Runtime      # DAGs    # Errors  Last Runtime    Last Run
----------------------------------------  -----  ---------  --------  ----------  --------------  -------------------
/opt/airflow/dags/tender_pipeline_dag.py                           1           0  0.10s           2026-09-15T16:13:40
================================================================================
[2026-09-15T16:14:15.920+0000] {manager.py:878} INFO - 
================================================================================
DAG File Processing Stats

File Path                                 PID    Runtime      # DAGs    # Errors  Last Runtime    Last Run
----------------------------------------  -----  ---------  --------  ----------  --------------  -------------------
/opt/airflow/dags/tender_pipeline_dag.py                           1           0  0.14s           2026-09-15T16:14:10
================================================================================
[2026-09-15T16:14:22.982+0000] {manager.py:737} INFO - Searching for files in /opt/airflow/dags
[2026-09-15T16:14:23.138+0000] {manager.py:740} INFO - There are 1 files in /opt/airflow/dags
[2026-09-15T16:14:46.482+0000] {manager.py:878} INFO - 
================================================================================
DAG File Processing Stats

File Path                                 PID    Runtime      # DAGs    # Errors  Last Runtime    Last Run
----------------------------------------  -----  ---------  --------  ----------  --------------  -------------------
/opt/airflow/dags/tender_pipeline_dag.py                           1           0  0.16s           2026-09-15T16:14:41
================================================================================
[2026-09-15T16:15:16.879+0000] {manager.py:878} INFO - 
================================================================================
DAG File Processing Stats

File Path                                 PID    Runtime      # DAGs    # Errors  Last Runtime    Last Run
----------------------------------------  -----  ---------  --------  ----------  --------------  -------------------
/opt/airflow/dags/tender_pipeline_dag.py                           1           0  0.32s           2026-09-15T16:15:12
================================================================================
[2026-09-15T16:15:47.134+0000] {manager.py:878} INFO - 
================================================================================
DAG File Processing Stats

File Path                                 PID    Runtime      # DAGs    # Errors  Last Runtime    Last Run
----------------------------------------  -----  ---------  --------  ----------  --------------  -------------------
/opt/airflow/dags/tender_pipeline_dag.py                           1           0  0.09s           2026-09-15T16:15:42
================================================================================
[2026-09-15T16:16:17.367+0000] {manager.py:878} INFO - 
================================================================================
DAG File Processing Stats

File Path                                 PID    Runtime      # DAGs    # Errors  Last Runtime    Last Run
----------------------------------------  -----  ---------  --------  ----------  --------------  -------------------
/opt/airflow/dags/tender_pipeline_dag.py                           1           0  0.09s           2026-09-15T16:16:12
================================================================================
[2026-09-15T16:16:47.591+0000] {manager.py:878} INFO - 
================================================================================
DAG File Processing Stats

File Path                                 PID    Runtime      # DAGs    # Errors  Last Runtime    Last Run
----------------------------------------  -----  ---------  --------  ----------  --------------  -------------------
/opt/airflow/dags/tender_pipeline_dag.py                           1           0  0.09s           2026-09-15T16:16:42
================================================================================
[2026-09-15T16:17:17.823+0000] {manager.py:878} INFO - 
================================================================================
DAG File Processing Stats

File Path                                 PID    Runtime      # DAGs    # Errors  Last Runtime    Last Run
----------------------------------------  -----  ---------  --------  ----------  --------------  -------------------
/opt/airflow/dags/tender_pipeline_dag.py                           1           0  0.20s           2026-09-15T16:17:12
================================================================================
[2026-09-15T16:17:48.002+0000] {manager.py:878} INFO - 
================================================================================
DAG File Processing Stats

File Path                                 PID    Runtime      # DAGs    # Errors  Last Runtime    Last Run
----------------------------------------  -----  ---------  --------  ----------  --------------  -------------------
/opt/airflow/dags/tender_pipeline_dag.py                           1           0  0.10s           2026-09-15T16:17:43
================================================================================
[2026-09-15T16:18:18.246+0000] {manager.py:878} INFO - 
================================================================================
DAG File Processing Stats

File Path                                 PID    Runtime      # DAGs    # Errors  Last Runtime    Last Run
----------------------------------------  -----  ---------  --------  ----------  --------------  -------------------
/opt/airflow/dags/tender_pipeline_dag.py                           1           0  0.12s           2026-09-15T16:18:13
================================================================================
[2026-09-15T16:18:48.457+0000] {manager.py:878} INFO - 
================================================================================
DAG File Processing Stats

File Path                                 PID    Runtime      # DAGs    # Errors  Last Runtime    Last Run
----------------------------------------  -----  ---------  --------  ----------  --------------  -------------------
/opt/airflow/dags/tender_pipeline_dag.py                           1           0  0.09s           2026-09-15T16:18:43
================================================================================
[2026-09-15T16:19:18.676+0000] {manager.py:878} INFO - 
================================================================================
DAG File Processing Stats

File Path                                 PID    Runtime      # DAGs    # Errors  Last Runtime    Last Run
----------------------------------------  -----  ---------  --------  ----------  --------------  -------------------
/opt/airflow/dags/tender_pipeline_dag.py                           1           0  0.22s           2026-09-15T16:19:13
================================================================================
[2026-09-15T16:19:23.696+0000] {manager.py:737} INFO - Searching for files in /opt/airflow/dags
[2026-09-15T16:19:23.712+0000] {manager.py:740} INFO - There are 1 files in /opt/airflow/dags
[2026-09-15T16:19:49.031+0000] {manager.py:878} INFO - 
================================================================================
DAG File Processing Stats

File Path                                 PID    Runtime      # DAGs    # Errors  Last Runtime    Last Run
----------------------------------------  -----  ---------  --------  ----------  --------------  -------------------
/opt/airflow/dags/tender_pipeline_dag.py                           1           0  0.16s           2026-09-15T16:19:44
================================================================================
[2026-09-15T16:20:19.219+0000] {manager.py:878} INFO - 
================================================================================
DAG File Processing Stats

File Path                                 PID    Runtime      # DAGs    # Errors  Last Runtime    Last Run
----------------------------------------  -----  ---------  --------  ----------  --------------  -------------------
/opt/airflow/dags/tender_pipeline_dag.py                           1           0  0.09s           2026-09-15T16:20:14
================================================================================
[2026-09-15T16:20:49.464+0000] {manager.py:878} INFO - 
================================================================================
DAG File Processing Stats

File Path                                 PID    Runtime      # DAGs    # Errors  Last Runtime    Last Run
----------------------------------------  -----  ---------  --------  ----------  --------------  -------------------
/opt/airflow/dags/tender_pipeline_dag.py                           1           0  0.09s           2026-09-15T16:20:44
================================================================================
[2026-09-15T16:21:19.667+0000] {manager.py:878} INFO - 
================================================================================
DAG File Processing Stats

File Path                                 PID    Runtime      # DAGs    # Errors  Last Runtime    Last Run
----------------------------------------  -----  ---------  --------  ----------  --------------  -------------------
/opt/airflow/dags/tender_pipeline_dag.py                           1           0  0.20s           2026-09-15T16:21:14
================================================================================
[2026-09-15T16:21:50.021+0000] {manager.py:878} INFO - 
================================================================================
DAG File Processing Stats

File Path                                 PID    Runtime      # DAGs    # Errors  Last Runtime    Last Run
----------------------------------------  -----  ---------  --------  ----------  --------------  -------------------
/opt/airflow/dags/tender_pipeline_dag.py                           1           0  0.12s           2026-09-15T16:21:45
================================================================================
[2026-09-15T16:22:20.294+0000] {manager.py:878} INFO - 
================================================================================
DAG File Processing Stats

File Path                                 PID    Runtime      # DAGs    # Errors  Last Runtime    Last Run
----------------------------------------  -----  ---------  --------  ----------  --------------  -------------------
/opt/airflow/dags/tender_pipeline_dag.py                           1           0  0.10s           2026-09-15T16:22:15
================================================================================
[2026-09-15T16:22:50.487+0000] {manager.py:878} INFO - 
================================================================================
DAG File Processing Stats

File Path                                 PID    Runtime      # DAGs    # Errors  Last Runtime    Last Run
----------------------------------------  -----  ---------  --------  ----------  --------------  -------------------
/opt/airflow/dags/tender_pipeline_dag.py                           1           0  0.11s           2026-09-15T16:22:45
================================================================================
[2026-09-15T16:23:20.749+0000] {manager.py:878} INFO - 
================================================================================
DAG File Processing Stats

File Path                                 PID    Runtime      # DAGs    # Errors  Last Runtime    Last Run
----------------------------------------  -----  ---------  --------  ----------  --------------  -------------------
/opt/airflow/dags/tender_pipeline_dag.py                           1           0  0.19s           2026-09-15T16:23:15
================================================================================
[2026-09-15T16:23:50.922+0000] {manager.py:878} INFO - 
================================================================================
DAG File Processing Stats

File Path                                 PID    Runtime      # DAGs    # Errors  Last Runtime    Last Run
----------------------------------------  -----  ---------  --------  ----------  --------------  -------------------
/opt/airflow/dags/tender_pipeline_dag.py                           1           0  0.10s           2026-09-15T16:23:45
================================================================================
[2026-09-15T16:24:21.188+0000] {manager.py:878} INFO - 
================================================================================
DAG File Processing Stats

File Path                                 PID    Runtime      # DAGs    # Errors  Last Runtime    Last Run
----------------------------------------  -----  ---------  --------  ----------  --------------  -------------------
/opt/airflow/dags/tender_pipeline_dag.py                           1           0  0.19s           2026-09-15T16:24:16
================================================================================
[2026-09-15T16:24:24.200+0000] {manager.py:737} INFO - Searching for files in /opt/airflow/dags
[2026-09-15T16:24:24.214+0000] {manager.py:740} INFO - There are 1 files in /opt/airflow/dags
[2026-09-15T16:24:51.469+0000] {manager.py:878} INFO - 
================================================================================
DAG File Processing Stats

File Path                                 PID    Runtime      # DAGs    # Errors  Last Runtime    Last Run
----------------------------------------  -----  ---------  --------  ----------  --------------  -------------------
/opt/airflow/dags/tender_pipeline_dag.py                           1           0  0.10s           2026-09-15T16:24:46
================================================================================
[2026-09-15T16:25:21.699+0000] {manager.py:878} INFO - 
================================================================================
DAG File Processing Stats

File Path                                 PID    Runtime      # DAGs    # Errors  Last Runtime    Last Run
----------------------------------------  -----  ---------  --------  ----------  --------------  -------------------
/opt/airflow/dags/tender_pipeline_dag.py                           1           0  0.20s           2026-09-15T16:25:16
================================================================================
[2026-09-15T16:25:51.921+0000] {manager.py:878} INFO - 
================================================================================
DAG File Processing Stats

File Path                                 PID    Runtime      # DAGs    # Errors  Last Runtime    Last Run
----------------------------------------  -----  ---------  --------  ----------  --------------  -------------------
/opt/airflow/dags/tender_pipeline_dag.py                           1           0  0.11s           2026-09-15T16:25:46
================================================================================
[2026-09-15T16:26:22.209+0000] {manager.py:878} INFO - 
================================================================================
DAG File Processing Stats

File Path                                 PID    Runtime      # DAGs    # Errors  Last Runtime    Last Run
----------------------------------------  -----  ---------  --------  ----------  --------------  -------------------
/opt/airflow/dags/tender_pipeline_dag.py                           1           0  0.13s           2026-09-15T16:26:17
================================================================================
[2026-09-15T16:26:52.503+0000] {manager.py:878} INFO - 
================================================================================
DAG File Processing Stats

File Path                                 PID    Runtime      # DAGs    # Errors  Last Runtime    Last Run
----------------------------------------  -----  ---------  --------  ----------  --------------  -------------------
/opt/airflow/dags/tender_pipeline_dag.py                           1           0  0.09s           2026-09-15T16:26:47
================================================================================
[2026-09-15T16:27:22.727+0000] {manager.py:878} INFO - 
================================================================================
DAG File Processing Stats

File Path                                 PID    Runtime      # DAGs    # Errors  Last Runtime    Last Run
----------------------------------------  -----  ---------  --------  ----------  --------------  -------------------
/opt/airflow/dags/tender_pipeline_dag.py                           1           0  0.20s           2026-09-15T16:27:17
================================================================================
[2026-09-15T16:27:53.169+0000] {manager.py:878} INFO - 
================================================================================
DAG File Processing Stats

File Path                                 PID    Runtime      # DAGs    # Errors  Last Runtime    Last Run
----------------------------------------  -----  ---------  --------  ----------  --------------  -------------------
/opt/airflow/dags/tender_pipeline_dag.py                           1           0  0.14s           2026-09-15T16:27:48
================================================================================
[2026-09-15T16:28:23.342+0000] {manager.py:878} INFO - 
================================================================================
DAG File Processing Stats

File Path                                 PID    Runtime      # DAGs    # Errors  Last Runtime    Last Run
----------------------------------------  -----  ---------  --------  ----------  --------------  -------------------
/opt/airflow/dags/tender_pipeline_dag.py                           1           0  0.09s           2026-09-15T16:28:18
================================================================================
[2026-09-15T16:28:53.599+0000] {manager.py:878} INFO - 
================================================================================
DAG File Processing Stats

File Path                                 PID    Runtime      # DAGs    # Errors  Last Runtime    Last Run
----------------------------------------  -----  ---------  --------  ----------  --------------  -------------------
/opt/airflow/dags/tender_pipeline_dag.py                           1           0  0.18s           2026-09-15T16:28:48
================================================================================
[2026-09-15T16:29:23.865+0000] {manager.py:878} INFO - 
================================================================================
DAG File Processing Stats

File Path                                 PID    Runtime      # DAGs    # Errors  Last Runtime    Last Run
----------------------------------------  -----  ---------  --------  ----------  --------------  -------------------
/opt/airflow/dags/tender_pipeline_dag.py                           1           0  0.21s           2026-09-15T16:29:18
================================================================================
[2026-09-15T16:29:24.870+0000] {manager.py:737} INFO - Searching for files in /opt/airflow/dags
[2026-09-15T16:29:24.894+0000] {manager.py:740} INFO - There are 1 files in /opt/airflow/dags
[2026-09-15T16:29:54.122+0000] {manager.py:878} INFO - 
================================================================================
DAG File Processing Stats

File Path                                 PID    Runtime      # DAGs    # Errors  Last Runtime    Last Run
----------------------------------------  -----  ---------  --------  ----------  --------------  -------------------
/opt/airflow/dags/tender_pipeline_dag.py                           1           0  0.09s           2026-09-15T16:29:49
================================================================================
[2026-09-15T16:30:24.347+0000] {manager.py:878} INFO - 
================================================================================
DAG File Processing Stats

File Path                                 PID    Runtime      # DAGs    # Errors  Last Runtime    Last Run
----------------------------------------  -----  ---------  --------  ----------  --------------  -------------------
/opt/airflow/dags/tender_pipeline_dag.py                           1           0  0.09s           2026-09-15T16:30:19
================================================================================
[2026-09-15T16:30:54.557+0000] {manager.py:878} INFO - 
================================================================================
DAG File Processing Stats

File Path                                 PID    Runtime      # DAGs    # Errors  Last Runtime    Last Run
----------------------------------------  -----  ---------  --------  ----------  --------------  -------------------
/opt/airflow/dags/tender_pipeline_dag.py                           1           0  0.10s           2026-09-15T16:30:49
================================================================================
[2026-09-15T16:31:24.755+0000] {manager.py:878} INFO - 
================================================================================
DAG File Processing Stats

File Path                                 PID    Runtime      # DAGs    # Errors  Last Runtime    Last Run
----------------------------------------  -----  ---------  --------  ----------  --------------  -------------------
/opt/airflow/dags/tender_pipeline_dag.py                           1           0  0.22s           2026-09-15T16:31:19
================================================================================
[2026-09-15T16:31:55.200+0000] {manager.py:878} INFO - 
================================================================================
DAG File Processing Stats

File Path                                 PID    Runtime      # DAGs    # Errors  Last Runtime    Last Run
----------------------------------------  -----  ---------  --------  ----------  --------------  -------------------
/opt/airflow/dags/tender_pipeline_dag.py                           1           0  0.41s           2026-09-15T16:31:50
================================================================================
[2026-09-15T16:32:25.818+0000] {manager.py:878} INFO - 
================================================================================
DAG File Processing Stats

File Path                                 PID    Runtime      # DAGs    # Errors  Last Runtime    Last Run
----------------------------------------  -----  ---------  --------  ----------  --------------  -------------------
/opt/airflow/dags/tender_pipeline_dag.py                           1           0  0.10s           2026-09-15T16:32:20
================================================================================
[2026-09-15T16:32:56.070+0000] {manager.py:878} INFO - 
================================================================================
DAG File Processing Stats

File Path                                 PID    Runtime      # DAGs    # Errors  Last Runtime    Last Run
----------------------------------------  -----  ---------  --------  ----------  --------------  -------------------
/opt/airflow/dags/tender_pipeline_dag.py                           1           0  0.11s           2026-09-15T16:32:51
================================================================================
[2026-09-15T16:33:26.279+0000] {manager.py:878} INFO - 
================================================================================
DAG File Processing Stats

File Path                                 PID    Runtime      # DAGs    # Errors  Last Runtime    Last Run
----------------------------------------  -----  ---------  --------  ----------  --------------  -------------------
/opt/airflow/dags/tender_pipeline_dag.py                           1           0  0.31s           2026-09-15T16:33:21
================================================================================
[2026-09-15T16:33:56.748+0000] {manager.py:878} INFO - 
================================================================================
DAG File Processing Stats

File Path                                 PID    Runtime      # DAGs    # Errors  Last Runtime    Last Run
----------------------------------------  -----  ---------  --------  ----------  --------------  -------------------
/opt/airflow/dags/tender_pipeline_dag.py                           1           0  0.19s           2026-09-15T16:33:51
================================================================================
[2026-09-15T16:34:25.084+0000] {manager.py:737} INFO - Searching for files in /opt/airflow/dags
[2026-09-15T16:34:25.194+0000] {manager.py:740} INFO - There are 1 files in /opt/airflow/dags
[2026-09-15T16:34:27.230+0000] {manager.py:878} INFO - 
================================================================================
DAG File Processing Stats

File Path                                 PID    Runtime      # DAGs    # Errors  Last Runtime    Last Run
----------------------------------------  -----  ---------  --------  ----------  --------------  -------------------
/opt/airflow/dags/tender_pipeline_dag.py                           1           0  0.14s           2026-09-15T16:34:22
================================================================================
[2026-09-15T16:34:57.514+0000] {manager.py:878} INFO - 
================================================================================
DAG File Processing Stats

File Path                                 PID    Runtime      # DAGs    # Errors  Last Runtime    Last Run
----------------------------------------  -----  ---------  --------  ----------  --------------  -------------------
/opt/airflow/dags/tender_pipeline_dag.py                           1           0  0.16s           2026-09-15T16:34:52
================================================================================
[2026-09-15T16:35:27.816+0000] {manager.py:878} INFO - 
================================================================================
DAG File Processing Stats

File Path                                 PID    Runtime      # DAGs    # Errors  Last Runtime    Last Run
----------------------------------------  -----  ---------  --------  ----------  --------------  -------------------
/opt/airflow/dags/tender_pipeline_dag.py                           1           0  0.19s           2026-09-15T16:35:22
================================================================================
[2026-09-15T16:35:58.179+0000] {manager.py:878} INFO - 
================================================================================
DAG File Processing Stats

File Path                                 PID    Runtime      # DAGs    # Errors  Last Runtime    Last Run
----------------------------------------  -----  ---------  --------  ----------  --------------  -------------------
/opt/airflow/dags/tender_pipeline_dag.py                           1           0  0.20s           2026-09-15T16:35:53
================================================================================
[2026-09-15T16:36:28.517+0000] {manager.py:878} INFO - 
================================================================================
DAG File Processing Stats

File Path                                 PID    Runtime      # DAGs    # Errors  Last Runtime    Last Run
----------------------------------------  -----  ---------  --------  ----------  --------------  -------------------
/opt/airflow/dags/tender_pipeline_dag.py                           1           0  0.11s           2026-09-15T16:36:23
================================================================================
[2026-09-15T16:36:58.779+0000] {manager.py:878} INFO - 
================================================================================
DAG File Processing Stats

File Path                                 PID    Runtime      # DAGs    # Errors  Last Runtime    Last Run
----------------------------------------  -----  ---------  --------  ----------  --------------  -------------------
/opt/airflow/dags/tender_pipeline_dag.py                           1           0  0.11s           2026-09-15T16:36:53
================================================================================
[2026-09-15T16:37:28.952+0000] {manager.py:878} INFO - 
================================================================================
DAG File Processing Stats

File Path                                 PID    Runtime      # DAGs    # Errors  Last Runtime    Last Run
----------------------------------------  -----  ---------  --------  ----------  --------------  -------------------
/opt/airflow/dags/tender_pipeline_dag.py                           1           0  0.21s           2026-09-15T16:37:24
================================================================================
[2026-09-15T16:37:59.337+0000] {manager.py:878} INFO - 
================================================================================
DAG File Processing Stats

File Path                                 PID    Runtime      # DAGs    # Errors  Last Runtime    Last Run
----------------------------------------  -----  ---------  --------  ----------  --------------  -------------------
/opt/airflow/dags/tender_pipeline_dag.py                           1           0  0.19s           2026-09-15T16:37:54
================================================================================
[2026-09-15T16:38:29.683+0000] {manager.py:878} INFO - 
================================================================================
DAG File Processing Stats

File Path                                 PID    Runtime      # DAGs    # Errors  Last Runtime    Last Run
----------------------------------------  -----  ---------  --------  ----------  --------------  -------------------
/opt/airflow/dags/tender_pipeline_dag.py                           1           0  0.10s           2026-09-15T16:38:24
================================================================================
[2026-09-15T16:38:59.949+0000] {manager.py:878} INFO - 
================================================================================
DAG File Processing Stats

File Path                                 PID    Runtime      # DAGs    # Errors  Last Runtime    Last Run
----------------------------------------  -----  ---------  --------  ----------  --------------  -------------------
/opt/airflow/dags/tender_pipeline_dag.py                           1           0  0.15s           2026-09-15T16:38:54
================================================================================
[2026-09-15T16:39:25.089+0000] {manager.py:737} INFO - Searching for files in /opt/airflow/dags
[2026-09-15T16:39:25.112+0000] {manager.py:740} INFO - There are 1 files in /opt/airflow/dags
[2026-09-15T16:39:30.164+0000] {manager.py:878} INFO - 
================================================================================
DAG File Processing Stats

File Path                                 PID    Runtime      # DAGs    # Errors  Last Runtime    Last Run
----------------------------------------  -----  ---------  --------  ----------  --------------  -------------------
/opt/airflow/dags/tender_pipeline_dag.py                           1           0  0.20s           2026-09-15T16:39:25
================================================================================
[2026-09-15T17:04:34.526+0000] {manager.py:737} INFO - Searching for files in /opt/airflow/dags
[2026-09-15T17:04:35.151+0000] {manager.py:740} INFO - There are 1 files in /opt/airflow/dags
[2026-09-15T17:04:41.325+0000] {manager.py:878} INFO - 
================================================================================
DAG File Processing Stats

File Path                                 PID    Runtime      # DAGs    # Errors  Last Runtime    Last Run
----------------------------------------  -----  ---------  --------  ----------  --------------  -------------------
/opt/airflow/dags/tender_pipeline_dag.py                           1           0  0.46s           2026-09-15T17:04:35
================================================================================
[2026-09-15T17:05:11.741+0000] {manager.py:878} INFO - 
================================================================================
DAG File Processing Stats

File Path                                 PID    Runtime      # DAGs    # Errors  Last Runtime    Last Run
----------------------------------------  -----  ---------  --------  ----------  --------------  -------------------
/opt/airflow/dags/tender_pipeline_dag.py                           1           0  0.84s           2026-09-15T17:05:07
================================================================================
[2026-09-15T17:05:42.619+0000] {manager.py:878} INFO - 
================================================================================
DAG File Processing Stats

File Path                                 PID    Runtime      # DAGs    # Errors  Last Runtime    Last Run
----------------------------------------  -----  ---------  --------  ----------  --------------  -------------------
/opt/airflow/dags/tender_pipeline_dag.py                           1           0  0.49s           2026-09-15T17:05:38
================================================================================
[2026-09-15T17:06:13.045+0000] {manager.py:878} INFO - 
================================================================================
DAG File Processing Stats

File Path                                 PID    Runtime      # DAGs    # Errors  Last Runtime    Last Run
----------------------------------------  -----  ---------  --------  ----------  --------------  -------------------
/opt/airflow/dags/tender_pipeline_dag.py                           1           0  0.52s           2026-09-15T17:06:09
================================================================================
[2026-09-15T17:06:43.505+0000] {manager.py:878} INFO - 
================================================================================
DAG File Processing Stats

File Path                                 PID    Runtime      # DAGs    # Errors  Last Runtime    Last Run
----------------------------------------  -----  ---------  --------  ----------  --------------  -------------------
/opt/airflow/dags/tender_pipeline_dag.py                           1           0  0.49s           2026-09-15T17:06:40
================================================================================
[2026-09-15T17:07:13.652+0000] {manager.py:878} INFO - 
================================================================================
DAG File Processing Stats

File Path                                 PID    Runtime      # DAGs    # Errors  Last Runtime    Last Run
----------------------------------------  -----  ---------  --------  ----------  --------------  -------------------
/opt/airflow/dags/tender_pipeline_dag.py                           1           0  0.25s           2026-09-15T17:07:11
================================================================================
[2026-09-15T17:07:44.058+0000] {manager.py:878} INFO - 
================================================================================
DAG File Processing Stats

File Path                                 PID    Runtime      # DAGs    # Errors  Last Runtime    Last Run
----------------------------------------  -----  ---------  --------  ----------  --------------  -------------------
/opt/airflow/dags/tender_pipeline_dag.py                           1           0  0.39s           2026-09-15T17:07:42
================================================================================
[2026-09-15T17:08:14.825+0000] {manager.py:878} INFO - 
================================================================================
DAG File Processing Stats

File Path                                 PID    Runtime      # DAGs    # Errors  Last Runtime    Last Run
----------------------------------------  -----  ---------  --------  ----------  --------------  -------------------
/opt/airflow/dags/tender_pipeline_dag.py                           1           0  0.55s           2026-09-15T17:08:13
================================================================================
[2026-09-15T17:08:44.945+0000] {manager.py:878} INFO - 
================================================================================
DAG File Processing Stats

File Path                                 PID    Runtime      # DAGs    # Errors  Last Runtime    Last Run
----------------------------------------  -----  ---------  --------  ----------  --------------  -------------------
/opt/airflow/dags/tender_pipeline_dag.py                           1           0  0.61s           2026-09-15T17:08:43
================================================================================
[2026-09-15T17:09:15.194+0000] {manager.py:878} INFO - 
================================================================================
DAG File Processing Stats

File Path                                 PID    Runtime      # DAGs    # Errors  Last Runtime    Last Run
----------------------------------------  -----  ---------  --------  ----------  --------------  -------------------
/opt/airflow/dags/tender_pipeline_dag.py                           1           0  0.93s           2026-09-15T17:09:15
================================================================================
[2026-09-15T17:09:35.115+0000] {manager.py:737} INFO - Searching for files in /opt/airflow/dags
[2026-09-15T17:09:35.177+0000] {manager.py:740} INFO - There are 1 files in /opt/airflow/dags
[2026-09-15T17:09:45.410+0000] {manager.py:878} INFO - 
================================================================================
DAG File Processing Stats

File Path                                   PID  Runtime      # DAGs    # Errors  Last Runtime    Last Run
----------------------------------------  -----  ---------  --------  ----------  --------------  -------------------
/opt/airflow/dags/tender_pipeline_dag.py   3849  0.01s             1           0  0.93s           2026-09-15T17:09:15
================================================================================
[2026-09-15T17:10:15.941+0000] {manager.py:878} INFO - 
================================================================================
DAG File Processing Stats

File Path                                   PID  Runtime      # DAGs    # Errors  Last Runtime    Last Run
----------------------------------------  -----  ---------  --------  ----------  --------------  -------------------
/opt/airflow/dags/tender_pipeline_dag.py   3854  0.01s             1           0  0.24s           2026-09-15T17:09:45
================================================================================
[2026-09-15T17:10:46.139+0000] {manager.py:878} INFO - 
================================================================================
DAG File Processing Stats

File Path                                 PID    Runtime      # DAGs    # Errors  Last Runtime    Last Run
----------------------------------------  -----  ---------  --------  ----------  --------------  -------------------
/opt/airflow/dags/tender_pipeline_dag.py                           1           0  0.50s           2026-09-15T17:10:16
================================================================================
[2026-09-15T17:11:16.210+0000] {manager.py:878} INFO - 
================================================================================
DAG File Processing Stats

File Path                                 PID    Runtime      # DAGs    # Errors  Last Runtime    Last Run
----------------------------------------  -----  ---------  --------  ----------  --------------  -------------------
/opt/airflow/dags/tender_pipeline_dag.py                           1           0  0.82s           2026-09-15T17:10:47
================================================================================
[2026-09-15T17:11:46.464+0000] {manager.py:878} INFO - 
================================================================================
DAG File Processing Stats

File Path                                 PID    Runtime      # DAGs    # Errors  Last Runtime    Last Run
----------------------------------------  -----  ---------  --------  ----------  --------------  -------------------
/opt/airflow/dags/tender_pipeline_dag.py                           1           0  0.84s           2026-09-15T17:11:36
================================================================================
[2026-09-15T17:12:17.109+0000] {manager.py:878} INFO - 
================================================================================
DAG File Processing Stats

File Path                                 PID    Runtime      # DAGs    # Errors  Last Runtime    Last Run
----------------------------------------  -----  ---------  --------  ----------  --------------  -------------------
/opt/airflow/dags/tender_pipeline_dag.py                           1           0  0.47s           2026-09-15T17:12:07
================================================================================
[2026-09-15T17:12:47.174+0000] {manager.py:878} INFO - 
================================================================================
DAG File Processing Stats

File Path                                 PID    Runtime      # DAGs    # Errors  Last Runtime    Last Run
----------------------------------------  -----  ---------  --------  ----------  --------------  -------------------
/opt/airflow/dags/tender_pipeline_dag.py                           1           0  0.47s           2026-09-15T17:12:38
================================================================================
[2026-09-15T17:13:17.610+0000] {manager.py:878} INFO - 
================================================================================
DAG File Processing Stats

File Path                                 PID    Runtime      # DAGs    # Errors  Last Runtime    Last Run
----------------------------------------  -----  ---------  --------  ----------  --------------  -------------------
/opt/airflow/dags/tender_pipeline_dag.py                           1           0  0.89s           2026-09-15T17:13:09
================================================================================
[2026-09-15T17:13:48.107+0000] {manager.py:878} INFO - 
================================================================================
DAG File Processing Stats

File Path                                 PID    Runtime      # DAGs    # Errors  Last Runtime    Last Run
----------------------------------------  -----  ---------  --------  ----------  --------------  -------------------
/opt/airflow/dags/tender_pipeline_dag.py                           1           0  0.27s           2026-09-15T17:13:40
================================================================================
[2026-09-15T17:14:18.285+0000] {manager.py:878} INFO - 
================================================================================
DAG File Processing Stats

File Path                                 PID    Runtime      # DAGs    # Errors  Last Runtime    Last Run
----------------------------------------  -----  ---------  --------  ----------  --------------  -------------------
/opt/airflow/dags/tender_pipeline_dag.py                           1           0  0.51s           2026-09-15T17:14:11
================================================================================
[2026-09-15T17:14:35.564+0000] {manager.py:737} INFO - Searching for files in /opt/airflow/dags
[2026-09-15T17:14:35.683+0000] {manager.py:740} INFO - There are 1 files in /opt/airflow/dags
[2026-09-15T17:14:48.286+0000] {manager.py:878} INFO - 
================================================================================
DAG File Processing Stats

File Path                                 PID    Runtime      # DAGs    # Errors  Last Runtime    Last Run
----------------------------------------  -----  ---------  --------  ----------  --------------  -------------------
/opt/airflow/dags/tender_pipeline_dag.py                           1           0  0.52s           2026-09-15T17:14:41
================================================================================
[2026-09-15T17:15:18.512+0000] {manager.py:878} INFO - 
================================================================================
DAG File Processing Stats

File Path                                 PID    Runtime      # DAGs    # Errors  Last Runtime    Last Run
----------------------------------------  -----  ---------  --------  ----------  --------------  -------------------
/opt/airflow/dags/tender_pipeline_dag.py                           1           0  0.47s           2026-09-15T17:15:12
================================================================================
[2026-09-15T17:15:48.827+0000] {manager.py:878} INFO - 
================================================================================
DAG File Processing Stats

File Path                                 PID    Runtime      # DAGs    # Errors  Last Runtime    Last Run
----------------------------------------  -----  ---------  --------  ----------  --------------  -------------------
/opt/airflow/dags/tender_pipeline_dag.py                           1           0  0.30s           2026-09-15T17:15:43
================================================================================
[2026-09-15T17:16:19.424+0000] {manager.py:878} INFO - 
================================================================================
DAG File Processing Stats

File Path                                 PID    Runtime      # DAGs    # Errors  Last Runtime    Last Run
----------------------------------------  -----  ---------  --------  ----------  --------------  -------------------
/opt/airflow/dags/tender_pipeline_dag.py                           1           0  0.67s           2026-09-15T17:16:13
================================================================================
[2026-09-15T17:16:49.829+0000] {manager.py:878} INFO - 
================================================================================
DAG File Processing Stats

File Path                                 PID    Runtime      # DAGs    # Errors  Last Runtime    Last Run
----------------------------------------  -----  ---------  --------  ----------  --------------  -------------------
/opt/airflow/dags/tender_pipeline_dag.py                           1           0  0.49s           2026-09-15T17:16:44
================================================================================
[2026-09-15T17:17:20.393+0000] {manager.py:878} INFO - 
================================================================================
DAG File Processing Stats

File Path                                 PID    Runtime      # DAGs    # Errors  Last Runtime    Last Run
----------------------------------------  -----  ---------  --------  ----------  --------------  -------------------
/opt/airflow/dags/tender_pipeline_dag.py                           1           0  0.49s           2026-09-15T17:17:15
================================================================================
[2026-09-15T17:17:51.086+0000] {manager.py:878} INFO - 
================================================================================
DAG File Processing Stats

File Path                                 PID    Runtime      # DAGs    # Errors  Last Runtime    Last Run
----------------------------------------  -----  ---------  --------  ----------  --------------  -------------------
/opt/airflow/dags/tender_pipeline_dag.py                           1           0  0.24s           2026-09-15T17:17:46
================================================================================
[2026-09-15T17:18:21.623+0000] {manager.py:878} INFO - 
================================================================================
DAG File Processing Stats

File Path                                 PID    Runtime      # DAGs    # Errors  Last Runtime    Last Run
----------------------------------------  -----  ---------  --------  ----------  --------------  -------------------
/opt/airflow/dags/tender_pipeline_dag.py                           1           0  0.49s           2026-09-15T17:18:16
================================================================================
[2026-09-15T17:18:52.329+0000] {manager.py:878} INFO - 
================================================================================
DAG File Processing Stats

File Path                                 PID    Runtime      # DAGs    # Errors  Last Runtime    Last Run
----------------------------------------  -----  ---------  --------  ----------  --------------  -------------------
/opt/airflow/dags/tender_pipeline_dag.py                           1           0  0.51s           2026-09-15T17:18:47
================================================================================
[2026-09-15T17:19:22.984+0000] {manager.py:878} INFO - 
================================================================================
DAG File Processing Stats

File Path                                 PID    Runtime      # DAGs    # Errors  Last Runtime    Last Run
----------------------------------------  -----  ---------  --------  ----------  --------------  -------------------
/opt/airflow/dags/tender_pipeline_dag.py                           1           0  0.51s           2026-09-15T17:19:18
================================================================================
[2026-09-15T17:19:35.571+0000] {manager.py:737} INFO - Searching for files in /opt/airflow/dags
[2026-09-15T17:19:35.629+0000] {manager.py:740} INFO - There are 1 files in /opt/airflow/dags
[2026-09-15T17:19:53.449+0000] {manager.py:878} INFO - 
================================================================================
DAG File Processing Stats

File Path                                 PID    Runtime      # DAGs    # Errors  Last Runtime    Last Run
----------------------------------------  -----  ---------  --------  ----------  --------------  -------------------
/opt/airflow/dags/tender_pipeline_dag.py                           1           0  0.32s           2026-09-15T17:19:48
================================================================================
[2026-09-15T17:20:24.303+0000] {manager.py:878} INFO - 
================================================================================
DAG File Processing Stats

File Path                                 PID    Runtime      # DAGs    # Errors  Last Runtime    Last Run
----------------------------------------  -----  ---------  --------  ----------  --------------  -------------------
/opt/airflow/dags/tender_pipeline_dag.py                           1           0  0.45s           2026-09-15T17:20:19
================================================================================
[2026-09-15T17:20:54.322+0000] {manager.py:878} INFO - 
================================================================================
DAG File Processing Stats

File Path                                 PID    Runtime      # DAGs    # Errors  Last Runtime    Last Run
----------------------------------------  -----  ---------  --------  ----------  --------------  -------------------
/opt/airflow/dags/tender_pipeline_dag.py                           1           0  0.49s           2026-09-15T17:20:50
================================================================================
[2026-09-15T17:21:24.524+0000] {manager.py:878} INFO - 
================================================================================
DAG File Processing Stats

File Path                                 PID    Runtime      # DAGs    # Errors  Last Runtime    Last Run
----------------------------------------  -----  ---------  --------  ----------  --------------  -------------------
/opt/airflow/dags/tender_pipeline_dag.py                           1           0  0.59s           2026-09-15T17:21:21
================================================================================
[2026-09-15T17:21:54.996+0000] {manager.py:878} INFO - 
================================================================================
DAG File Processing Stats

File Path                                 PID    Runtime      # DAGs    # Errors  Last Runtime    Last Run
----------------------------------------  -----  ---------  --------  ----------  --------------  -------------------
/opt/airflow/dags/tender_pipeline_dag.py                           1           0  0.25s           2026-09-15T17:21:52
================================================================================
[2026-09-15T17:22:25.050+0000] {manager.py:878} INFO - 
================================================================================
DAG File Processing Stats

File Path                                 PID    Runtime      # DAGs    # Errors  Last Runtime    Last Run
----------------------------------------  -----  ---------  --------  ----------  --------------  -------------------
/opt/airflow/dags/tender_pipeline_dag.py                           1           0  0.52s           2026-09-15T17:22:23
================================================================================
[2026-09-15T17:22:55.244+0000] {manager.py:878} INFO - 
================================================================================
DAG File Processing Stats

File Path                                 PID    Runtime      # DAGs    # Errors  Last Runtime    Last Run
----------------------------------------  -----  ---------  --------  ----------  --------------  -------------------
/opt/airflow/dags/tender_pipeline_dag.py                           1           0  0.45s           2026-09-15T17:22:53
================================================================================
[2026-09-15T17:23:25.457+0000] {manager.py:878} INFO - 
================================================================================
DAG File Processing Stats

File Path                                 PID    Runtime      # DAGs    # Errors  Last Runtime    Last Run
----------------------------------------  -----  ---------  --------  ----------  --------------  -------------------
/opt/airflow/dags/tender_pipeline_dag.py                           1           0  0.44s           2026-09-15T17:23:24
================================================================================
[2026-09-15T17:23:55.813+0000] {manager.py:878} INFO - 
================================================================================
DAG File Processing Stats

File Path                                 PID    Runtime      # DAGs    # Errors  Last Runtime    Last Run
----------------------------------------  -----  ---------  --------  ----------  --------------  -------------------
/opt/airflow/dags/tender_pipeline_dag.py                           1           0  0.26s           2026-09-15T17:23:55
================================================================================
[2026-09-15T17:24:26.458+0000] {manager.py:878} INFO - 
================================================================================
DAG File Processing Stats

File Path                                 PID    Runtime      # DAGs    # Errors  Last Runtime    Last Run
----------------------------------------  -----  ---------  --------  ----------  --------------  -------------------
/opt/airflow/dags/tender_pipeline_dag.py                           1           0  0.43s           2026-09-15T17:24:25
================================================================================
[2026-09-15T17:24:35.592+0000] {manager.py:737} INFO - Searching for files in /opt/airflow/dags
[2026-09-15T17:24:35.646+0000] {manager.py:740} INFO - There are 1 files in /opt/airflow/dags
[2026-09-15T17:24:56.921+0000] {manager.py:878} INFO - 
================================================================================
DAG File Processing Stats

File Path                                 PID    Runtime      # DAGs    # Errors  Last Runtime    Last Run
----------------------------------------  -----  ---------  --------  ----------  --------------  -------------------
/opt/airflow/dags/tender_pipeline_dag.py                           1           0  0.47s           2026-09-15T17:24:56
================================================================================
[2026-09-15T17:25:27.103+0000] {manager.py:878} INFO - 
================================================================================
DAG File Processing Stats

File Path                                 PID    Runtime      # DAGs    # Errors  Last Runtime    Last Run
----------------------------------------  -----  ---------  --------  ----------  --------------  -------------------
/opt/airflow/dags/tender_pipeline_dag.py                           1           0  0.45s           2026-09-15T17:25:27
================================================================================
[2026-09-15T17:25:57.458+0000] {manager.py:878} INFO - 
================================================================================
DAG File Processing Stats

File Path                                   PID  Runtime      # DAGs    # Errors  Last Runtime    Last Run
----------------------------------------  -----  ---------  --------  ----------  --------------  -------------------
/opt/airflow/dags/tender_pipeline_dag.py   4009  0.04s             1           0  0.45s           2026-09-15T17:25:27
================================================================================
[2026-09-15T17:26:27.802+0000] {manager.py:878} INFO - 
================================================================================
DAG File Processing Stats

File Path                                 PID    Runtime      # DAGs    # Errors  Last Runtime    Last Run
----------------------------------------  -----  ---------  --------  ----------  --------------  -------------------
/opt/airflow/dags/tender_pipeline_dag.py                           1           0  0.31s           2026-09-15T17:26:20
================================================================================
[2026-09-15T17:26:58.054+0000] {manager.py:878} INFO - 
================================================================================
DAG File Processing Stats

File Path                                 PID    Runtime      # DAGs    # Errors  Last Runtime    Last Run
----------------------------------------  -----  ---------  --------  ----------  --------------  -------------------
/opt/airflow/dags/tender_pipeline_dag.py                           1           0  0.48s           2026-09-15T17:26:50
================================================================================
[2026-09-15T17:27:28.868+0000] {manager.py:878} INFO - 
================================================================================
DAG File Processing Stats

File Path                                 PID    Runtime      # DAGs    # Errors  Last Runtime    Last Run
----------------------------------------  -----  ---------  --------  ----------  --------------  -------------------
/opt/airflow/dags/tender_pipeline_dag.py                           1           0  0.47s           2026-09-15T17:27:21
================================================================================
[2026-09-15T17:27:59.227+0000] {manager.py:878} INFO - 
================================================================================
DAG File Processing Stats

File Path                                 PID    Runtime      # DAGs    # Errors  Last Runtime    Last Run
----------------------------------------  -----  ---------  --------  ----------  --------------  -------------------
/opt/airflow/dags/tender_pipeline_dag.py                           1           0  0.51s           2026-09-15T17:27:52
================================================================================
[2026-09-15T17:28:29.560+0000] {manager.py:878} INFO - 
================================================================================
DAG File Processing Stats

File Path                                 PID    Runtime      # DAGs    # Errors  Last Runtime    Last Run
----------------------------------------  -----  ---------  --------  ----------  --------------  -------------------
/opt/airflow/dags/tender_pipeline_dag.py                           1           0  0.24s           2026-09-15T17:28:23
================================================================================
[2026-09-15T17:29:00.040+0000] {manager.py:878} INFO - 
================================================================================
DAG File Processing Stats

File Path                                 PID    Runtime      # DAGs    # Errors  Last Runtime    Last Run
----------------------------------------  -----  ---------  --------  ----------  --------------  -------------------
/opt/airflow/dags/tender_pipeline_dag.py                           1           0  0.26s           2026-09-15T17:28:54
================================================================================
[2026-09-15T17:29:30.464+0000] {manager.py:878} INFO - 
================================================================================
DAG File Processing Stats

File Path                                 PID    Runtime      # DAGs    # Errors  Last Runtime    Last Run
----------------------------------------  -----  ---------  --------  ----------  --------------  -------------------
/opt/airflow/dags/tender_pipeline_dag.py                           1           0  0.21s           2026-09-15T17:29:24
================================================================================
[2026-09-15T17:29:35.601+0000] {manager.py:737} INFO - Searching for files in /opt/airflow/dags
[2026-09-15T17:29:35.754+0000] {manager.py:740} INFO - There are 1 files in /opt/airflow/dags
[2026-09-15T17:30:00.731+0000] {manager.py:878} INFO - 
================================================================================
DAG File Processing Stats

File Path                                 PID    Runtime      # DAGs    # Errors  Last Runtime    Last Run
----------------------------------------  -----  ---------  --------  ----------  --------------  -------------------
/opt/airflow/dags/tender_pipeline_dag.py                           1           0  0.15s           2026-09-15T17:29:54
================================================================================
[2026-09-15T17:30:31.210+0000] {manager.py:878} INFO - 
================================================================================
DAG File Processing Stats

File Path                                 PID    Runtime      # DAGs    # Errors  Last Runtime    Last Run
----------------------------------------  -----  ---------  --------  ----------  --------------  -------------------
/opt/airflow/dags/tender_pipeline_dag.py                           1           0  0.24s           2026-09-15T17:30:25
================================================================================
[2026-09-15T17:31:01.585+0000] {manager.py:878} INFO - 
================================================================================
DAG File Processing Stats

File Path                                 PID    Runtime      # DAGs    # Errors  Last Runtime    Last Run
----------------------------------------  -----  ---------  --------  ----------  --------------  -------------------
/opt/airflow/dags/tender_pipeline_dag.py                           1           0  0.20s           2026-09-15T17:30:55
================================================================================
[2026-09-15T17:31:31.918+0000] {manager.py:878} INFO - 
================================================================================
DAG File Processing Stats

File Path                                 PID    Runtime      # DAGs    # Errors  Last Runtime    Last Run
----------------------------------------  -----  ---------  --------  ----------  --------------  -------------------
/opt/airflow/dags/tender_pipeline_dag.py                           1           0  0.16s           2026-09-15T17:31:25
================================================================================
[2026-09-15T17:32:02.201+0000] {manager.py:878} INFO - 
================================================================================
DAG File Processing Stats

File Path                                 PID    Runtime      # DAGs    # Errors  Last Runtime    Last Run
----------------------------------------  -----  ---------  --------  ----------  --------------  -------------------
/opt/airflow/dags/tender_pipeline_dag.py                           1           0  0.10s           2026-09-15T17:31:56
================================================================================
[2026-09-15T17:32:32.495+0000] {manager.py:878} INFO - 
================================================================================
DAG File Processing Stats

File Path                                 PID    Runtime      # DAGs    # Errors  Last Runtime    Last Run
----------------------------------------  -----  ---------  --------  ----------  --------------  -------------------
/opt/airflow/dags/tender_pipeline_dag.py                           1           0  0.11s           2026-09-15T17:32:26
================================================================================
[2026-09-15T17:33:02.829+0000] {manager.py:878} INFO - 
================================================================================
DAG File Processing Stats

File Path                                 PID    Runtime      # DAGs    # Errors  Last Runtime    Last Run
----------------------------------------  -----  ---------  --------  ----------  --------------  -------------------
/opt/airflow/dags/tender_pipeline_dag.py                           1           0  0.17s           2026-09-15T17:32:56
================================================================================
[2026-09-15T17:33:33.195+0000] {manager.py:878} INFO - 
================================================================================
DAG File Processing Stats

File Path                                 PID    Runtime      # DAGs    # Errors  Last Runtime    Last Run
----------------------------------------  -----  ---------  --------  ----------  --------------  -------------------
/opt/airflow/dags/tender_pipeline_dag.py                           1           0  0.11s           2026-09-15T17:33:27
================================================================================
[2026-09-15T17:34:03.602+0000] {manager.py:878} INFO - 
================================================================================
DAG File Processing Stats

File Path                                 PID    Runtime      # DAGs    # Errors  Last Runtime    Last Run
----------------------------------------  -----  ---------  --------  ----------  --------------  -------------------
/opt/airflow/dags/tender_pipeline_dag.py                           1           0  0.19s           2026-09-15T17:33:57
================================================================================
[2026-09-15T17:34:33.967+0000] {manager.py:878} INFO - 
================================================================================
DAG File Processing Stats

File Path                                 PID    Runtime      # DAGs    # Errors  Last Runtime    Last Run
----------------------------------------  -----  ---------  --------  ----------  --------------  -------------------
/opt/airflow/dags/tender_pipeline_dag.py                           1           0  0.18s           2026-09-15T17:34:27
================================================================================
[2026-09-15T17:34:35.975+0000] {manager.py:737} INFO - Searching for files in /opt/airflow/dags
[2026-09-15T17:34:36.166+0000] {manager.py:740} INFO - There are 1 files in /opt/airflow/dags
[2026-09-15T17:35:04.619+0000] {manager.py:878} INFO - 
================================================================================
DAG File Processing Stats

File Path                                 PID    Runtime      # DAGs    # Errors  Last Runtime    Last Run
----------------------------------------  -----  ---------  --------  ----------  --------------  -------------------
/opt/airflow/dags/tender_pipeline_dag.py                           1           0  0.33s           2026-09-15T17:34:58
================================================================================
[2026-09-15T17:35:35.251+0000] {manager.py:878} INFO - 
================================================================================
DAG File Processing Stats

File Path                                 PID    Runtime      # DAGs    # Errors  Last Runtime    Last Run
----------------------------------------  -----  ---------  --------  ----------  --------------  -------------------
/opt/airflow/dags/tender_pipeline_dag.py                           1           0  0.18s           2026-09-15T17:35:29
================================================================================
[2026-09-15T17:36:05.513+0000] {manager.py:878} INFO - 
================================================================================
DAG File Processing Stats

File Path                                 PID    Runtime      # DAGs    # Errors  Last Runtime    Last Run
----------------------------------------  -----  ---------  --------  ----------  --------------  -------------------
/opt/airflow/dags/tender_pipeline_dag.py                           1           0  0.10s           2026-09-15T17:35:59
================================================================================
[2026-09-15T17:36:35.786+0000] {manager.py:878} INFO - 
================================================================================
DAG File Processing Stats

File Path                                 PID    Runtime      # DAGs    # Errors  Last Runtime    Last Run
----------------------------------------  -----  ---------  --------  ----------  --------------  -------------------
/opt/airflow/dags/tender_pipeline_dag.py                           1           0  0.08s           2026-09-15T17:36:29
================================================================================
[2026-09-15T17:37:06.025+0000] {manager.py:878} INFO - 
================================================================================
DAG File Processing Stats

File Path                                 PID    Runtime      # DAGs    # Errors  Last Runtime    Last Run
----------------------------------------  -----  ---------  --------  ----------  --------------  -------------------
/opt/airflow/dags/tender_pipeline_dag.py                           1           0  0.20s           2026-09-15T17:37:00
================================================================================
[2026-09-15T17:37:36.438+0000] {manager.py:878} INFO - 
================================================================================
DAG File Processing Stats

File Path                                 PID    Runtime      # DAGs    # Errors  Last Runtime    Last Run
----------------------------------------  -----  ---------  --------  ----------  --------------  -------------------
/opt/airflow/dags/tender_pipeline_dag.py                           1           0  0.19s           2026-09-15T17:37:30
================================================================================
[2026-09-15T17:38:06.703+0000] {manager.py:878} INFO - 
================================================================================
DAG File Processing Stats

File Path                                 PID    Runtime      # DAGs    # Errors  Last Runtime    Last Run
----------------------------------------  -----  ---------  --------  ----------  --------------  -------------------
/opt/airflow/dags/tender_pipeline_dag.py                           1           0  0.09s           2026-09-15T17:38:00
================================================================================
[2026-09-15T17:38:36.971+0000] {manager.py:878} INFO - 
================================================================================
DAG File Processing Stats

File Path                                 PID    Runtime      # DAGs    # Errors  Last Runtime    Last Run
----------------------------------------  -----  ---------  --------  ----------  --------------  -------------------
/opt/airflow/dags/tender_pipeline_dag.py                           1           0  0.16s           2026-09-15T17:38:31
================================================================================
[2026-09-15T17:39:07.312+0000] {manager.py:878} INFO - 
================================================================================
DAG File Processing Stats

File Path                                 PID    Runtime      # DAGs    # Errors  Last Runtime    Last Run
----------------------------------------  -----  ---------  --------  ----------  --------------  -------------------
/opt/airflow/dags/tender_pipeline_dag.py                           1           0  0.09s           2026-09-15T17:39:01
================================================================================
[2026-09-15T17:39:36.557+0000] {manager.py:737} INFO - Searching for files in /opt/airflow/dags
[2026-09-15T17:39:36.655+0000] {manager.py:740} INFO - There are 1 files in /opt/airflow/dags
[2026-09-15T17:39:37.687+0000] {manager.py:878} INFO - 
================================================================================
DAG File Processing Stats

File Path                                 PID    Runtime      # DAGs    # Errors  Last Runtime    Last Run
----------------------------------------  -----  ---------  --------  ----------  --------------  -------------------
/opt/airflow/dags/tender_pipeline_dag.py                           1           0  0.25s           2026-09-15T17:39:31
================================================================================
[2026-09-15T17:40:07.906+0000] {manager.py:878} INFO - 
================================================================================
DAG File Processing Stats

File Path                                 PID    Runtime      # DAGs    # Errors  Last Runtime    Last Run
----------------------------------------  -----  ---------  --------  ----------  --------------  -------------------
/opt/airflow/dags/tender_pipeline_dag.py                           1           0  0.10s           2026-09-15T17:40:01
================================================================================
[2026-09-15T17:40:38.238+0000] {manager.py:878} INFO - 
================================================================================
DAG File Processing Stats

File Path                                 PID    Runtime      # DAGs    # Errors  Last Runtime    Last Run
----------------------------------------  -----  ---------  --------  ----------  --------------  -------------------
/opt/airflow/dags/tender_pipeline_dag.py                           1           0  0.11s           2026-09-15T17:40:32
================================================================================
[2026-09-15T17:41:08.502+0000] {manager.py:878} INFO - 
================================================================================
DAG File Processing Stats

File Path                                 PID    Runtime      # DAGs    # Errors  Last Runtime    Last Run
----------------------------------------  -----  ---------  --------  ----------  --------------  -------------------
/opt/airflow/dags/tender_pipeline_dag.py                           1           0  0.09s           2026-09-15T17:41:02
================================================================================
[2026-09-15T17:41:38.782+0000] {manager.py:878} INFO - 
================================================================================
DAG File Processing Stats

File Path                                 PID    Runtime      # DAGs    # Errors  Last Runtime    Last Run
----------------------------------------  -----  ---------  --------  ----------  --------------  -------------------
/opt/airflow/dags/tender_pipeline_dag.py                           1           0  0.14s           2026-09-15T17:41:32
================================================================================
[2026-09-15T17:42:09.152+0000] {manager.py:878} INFO - 
================================================================================
DAG File Processing Stats

File Path                                 PID    Runtime      # DAGs    # Errors  Last Runtime    Last Run
----------------------------------------  -----  ---------  --------  ----------  --------------  -------------------
/opt/airflow/dags/tender_pipeline_dag.py                           1           0  0.09s           2026-09-15T17:42:03
================================================================================
[2026-09-15T17:42:39.419+0000] {manager.py:878} INFO - 
================================================================================
DAG File Processing Stats

File Path                                 PID    Runtime      # DAGs    # Errors  Last Runtime    Last Run
----------------------------------------  -----  ---------  --------  ----------  --------------  -------------------
/opt/airflow/dags/tender_pipeline_dag.py                           1           0  0.09s           2026-09-15T17:42:33
================================================================================
[2026-09-15T17:43:09.703+0000] {manager.py:878} INFO - 
================================================================================
DAG File Processing Stats

File Path                                 PID    Runtime      # DAGs    # Errors  Last Runtime    Last Run
----------------------------------------  -----  ---------  --------  ----------  --------------  -------------------
/opt/airflow/dags/tender_pipeline_dag.py                           1           0  0.10s           2026-09-15T17:43:03
================================================================================
[2026-09-15T17:43:39.933+0000] {manager.py:878} INFO - 
================================================================================
DAG File Processing Stats

File Path                                 PID    Runtime      # DAGs    # Errors  Last Runtime    Last Run
----------------------------------------  -----  ---------  --------  ----------  --------------  -------------------
/opt/airflow/dags/tender_pipeline_dag.py                           1           0  0.14s           2026-09-15T17:43:34
================================================================================
[2026-09-15T17:44:10.232+0000] {manager.py:878} INFO - 
================================================================================
DAG File Processing Stats

File Path                                 PID    Runtime      # DAGs    # Errors  Last Runtime    Last Run
----------------------------------------  -----  ---------  --------  ----------  --------------  -------------------
/opt/airflow/dags/tender_pipeline_dag.py                           1           0  0.16s           2026-09-15T17:44:04
================================================================================
[2026-09-15T17:44:37.453+0000] {manager.py:737} INFO - Searching for files in /opt/airflow/dags
[2026-09-15T17:44:37.496+0000] {manager.py:740} INFO - There are 1 files in /opt/airflow/dags
[2026-09-15T17:44:40.541+0000] {manager.py:878} INFO - 
================================================================================
DAG File Processing Stats

File Path                                 PID    Runtime      # DAGs    # Errors  Last Runtime    Last Run
----------------------------------------  -----  ---------  --------  ----------  --------------  -------------------
/opt/airflow/dags/tender_pipeline_dag.py                           1           0  0.10s           2026-09-15T17:44:34
================================================================================
[2026-09-15T17:45:10.735+0000] {manager.py:878} INFO - 
================================================================================
DAG File Processing Stats

File Path                                 PID    Runtime      # DAGs    # Errors  Last Runtime    Last Run
----------------------------------------  -----  ---------  --------  ----------  --------------  -------------------
/opt/airflow/dags/tender_pipeline_dag.py                           1           0  0.10s           2026-09-15T17:45:04
================================================================================
[2026-09-15T17:45:41.007+0000] {manager.py:878} INFO - 
================================================================================
DAG File Processing Stats

File Path                                 PID    Runtime      # DAGs    # Errors  Last Runtime    Last Run
----------------------------------------  -----  ---------  --------  ----------  --------------  -------------------
/opt/airflow/dags/tender_pipeline_dag.py                           1           0  0.21s           2026-09-15T17:45:35
================================================================================
[2026-09-15T17:46:11.348+0000] {manager.py:878} INFO - 
================================================================================
DAG File Processing Stats

File Path                                 PID    Runtime      # DAGs    # Errors  Last Runtime    Last Run
----------------------------------------  -----  ---------  --------  ----------  --------------  -------------------
/opt/airflow/dags/tender_pipeline_dag.py                           1           0  0.19s           2026-09-15T17:46:05
================================================================================
[2026-09-15T17:46:41.630+0000] {manager.py:878} INFO - 
================================================================================
DAG File Processing Stats

File Path                                 PID    Runtime      # DAGs    # Errors  Last Runtime    Last Run
----------------------------------------  -----  ---------  --------  ----------  --------------  -------------------
/opt/airflow/dags/tender_pipeline_dag.py                           1           0  0.13s           2026-09-15T17:46:35
================================================================================
[2026-09-15T17:47:11.850+0000] {manager.py:878} INFO - 
================================================================================
DAG File Processing Stats

File Path                                 PID    Runtime      # DAGs    # Errors  Last Runtime    Last Run
----------------------------------------  -----  ---------  --------  ----------  --------------  -------------------
/opt/airflow/dags/tender_pipeline_dag.py                           1           0  0.10s           2026-09-15T17:47:05
================================================================================
[2026-09-15T17:47:42.088+0000] {manager.py:878} INFO - 
================================================================================
DAG File Processing Stats

File Path                                 PID    Runtime      # DAGs    # Errors  Last Runtime    Last Run
----------------------------------------  -----  ---------  --------  ----------  --------------  -------------------
/opt/airflow/dags/tender_pipeline_dag.py                           1           0  0.10s           2026-09-15T17:47:36
================================================================================
[2026-09-15T17:48:12.383+0000] {manager.py:878} INFO - 
================================================================================
DAG File Processing Stats

File Path                                 PID    Runtime      # DAGs    # Errors  Last Runtime    Last Run
----------------------------------------  -----  ---------  --------  ----------  --------------  -------------------
/opt/airflow/dags/tender_pipeline_dag.py                           1           0  0.10s           2026-09-15T17:48:06
================================================================================
[2026-09-15T17:48:42.617+0000] {manager.py:878} INFO - 
================================================================================
DAG File Processing Stats

File Path                                 PID    Runtime      # DAGs    # Errors  Last Runtime    Last Run
----------------------------------------  -----  ---------  --------  ----------  --------------  -------------------
/opt/airflow/dags/tender_pipeline_dag.py                           1           0  0.21s           2026-09-15T17:48:36
================================================================================
[2026-09-15T17:49:12.990+0000] {manager.py:878} INFO - 
================================================================================
DAG File Processing Stats

File Path                                 PID    Runtime      # DAGs    # Errors  Last Runtime    Last Run
----------------------------------------  -----  ---------  --------  ----------  --------------  -------------------
/opt/airflow/dags/tender_pipeline_dag.py                           1           0  0.10s           2026-09-15T17:49:07
================================================================================
[2026-09-15T17:49:38.259+0000] {manager.py:737} INFO - Searching for files in /opt/airflow/dags
[2026-09-15T17:49:38.278+0000] {manager.py:740} INFO - There are 1 files in /opt/airflow/dags
[2026-09-15T17:49:43.319+0000] {manager.py:878} INFO - 
================================================================================
DAG File Processing Stats

File Path                                 PID    Runtime      # DAGs    # Errors  Last Runtime    Last Run
----------------------------------------  -----  ---------  --------  ----------  --------------  -------------------
/opt/airflow/dags/tender_pipeline_dag.py                           1           0  0.17s           2026-09-15T17:49:37
================================================================================
[2026-09-15T17:50:13.606+0000] {manager.py:878} INFO - 
================================================================================
DAG File Processing Stats

File Path                                 PID    Runtime      # DAGs    # Errors  Last Runtime    Last Run
----------------------------------------  -----  ---------  --------  ----------  --------------  -------------------
/opt/airflow/dags/tender_pipeline_dag.py                           1           0  0.14s           2026-09-15T17:50:07
================================================================================
[2026-09-15T17:50:43.834+0000] {manager.py:878} INFO - 
================================================================================
DAG File Processing Stats

File Path                                 PID    Runtime      # DAGs    # Errors  Last Runtime    Last Run
----------------------------------------  -----  ---------  --------  ----------  --------------  -------------------
/opt/airflow/dags/tender_pipeline_dag.py                           1           0  0.10s           2026-09-15T17:50:37
================================================================================
[2026-09-15T17:51:14.073+0000] {manager.py:878} INFO - 
================================================================================
DAG File Processing Stats

File Path                                 PID    Runtime      # DAGs    # Errors  Last Runtime    Last Run
----------------------------------------  -----  ---------  --------  ----------  --------------  -------------------
/opt/airflow/dags/tender_pipeline_dag.py                           1           0  0.10s           2026-09-15T17:51:08
================================================================================
[2026-09-15T17:51:44.314+0000] {manager.py:878} INFO - 
================================================================================
DAG File Processing Stats

File Path                                 PID    Runtime      # DAGs    # Errors  Last Runtime    Last Run
----------------------------------------  -----  ---------  --------  ----------  --------------  -------------------
/opt/airflow/dags/tender_pipeline_dag.py                           1           0  0.10s           2026-09-15T17:51:38
================================================================================
[2026-09-15T17:52:14.534+0000] {manager.py:878} INFO - 
================================================================================
DAG File Processing Stats

File Path                                 PID    Runtime      # DAGs    # Errors  Last Runtime    Last Run
----------------------------------------  -----  ---------  --------  ----------  --------------  -------------------
/opt/airflow/dags/tender_pipeline_dag.py                           1           0  0.10s           2026-09-15T17:52:08
================================================================================
[2026-09-15T17:52:44.761+0000] {manager.py:878} INFO - 
================================================================================
DAG File Processing Stats

File Path                                 PID    Runtime      # DAGs    # Errors  Last Runtime    Last Run
----------------------------------------  -----  ---------  --------  ----------  --------------  -------------------
/opt/airflow/dags/tender_pipeline_dag.py                           1           0  0.10s           2026-09-15T17:52:38
================================================================================
[2026-09-15T17:53:14.946+0000] {manager.py:878} INFO - 
================================================================================
DAG File Processing Stats

File Path                                 PID    Runtime      # DAGs    # Errors  Last Runtime    Last Run
----------------------------------------  -----  ---------  --------  ----------  --------------  -------------------
/opt/airflow/dags/tender_pipeline_dag.py                           1           0  0.10s           2026-09-15T17:53:09
================================================================================
[2026-09-15T17:53:45.184+0000] {manager.py:878} INFO - 
================================================================================
DAG File Processing Stats

File Path                                 PID    Runtime      # DAGs    # Errors  Last Runtime    Last Run
----------------------------------------  -----  ---------  --------  ----------  --------------  -------------------
/opt/airflow/dags/tender_pipeline_dag.py                           1           0  0.14s           2026-09-15T17:53:39
================================================================================
[2026-09-15T17:54:15.475+0000] {manager.py:878} INFO - 
================================================================================
DAG File Processing Stats

File Path                                 PID    Runtime      # DAGs    # Errors  Last Runtime    Last Run
----------------------------------------  -----  ---------  --------  ----------  --------------  -------------------
/opt/airflow/dags/tender_pipeline_dag.py                           1           0  0.26s           2026-09-15T17:54:09
================================================================================
[2026-09-15T17:54:38.629+0000] {manager.py:737} INFO - Searching for files in /opt/airflow/dags
[2026-09-15T17:54:38.689+0000] {manager.py:740} INFO - There are 1 files in /opt/airflow/dags
[2026-09-15T17:54:45.763+0000] {manager.py:878} INFO - 
================================================================================
DAG File Processing Stats

File Path                                 PID    Runtime      # DAGs    # Errors  Last Runtime    Last Run
----------------------------------------  -----  ---------  --------  ----------  --------------  -------------------
/opt/airflow/dags/tender_pipeline_dag.py                           1           0  0.10s           2026-09-15T17:54:39
================================================================================
[2026-09-15T17:55:16.015+0000] {manager.py:878} INFO - 
================================================================================
DAG File Processing Stats

File Path                                 PID    Runtime      # DAGs    # Errors  Last Runtime    Last Run
----------------------------------------  -----  ---------  --------  ----------  --------------  -------------------
/opt/airflow/dags/tender_pipeline_dag.py                           1           0  0.10s           2026-09-15T17:55:10
================================================================================
[2026-09-15T17:55:46.224+0000] {manager.py:878} INFO - 
================================================================================
DAG File Processing Stats

File Path                                 PID    Runtime      # DAGs    # Errors  Last Runtime    Last Run
----------------------------------------  -----  ---------  --------  ----------  --------------  -------------------
/opt/airflow/dags/tender_pipeline_dag.py                           1           0  0.11s           2026-09-15T17:55:40
================================================================================
[2026-09-15T17:56:16.492+0000] {manager.py:878} INFO - 
================================================================================
DAG File Processing Stats

File Path                                 PID    Runtime      # DAGs    # Errors  Last Runtime    Last Run
----------------------------------------  -----  ---------  --------  ----------  --------------  -------------------
/opt/airflow/dags/tender_pipeline_dag.py                           1           0  0.11s           2026-09-15T17:56:10
================================================================================
[2026-09-15T17:56:46.714+0000] {manager.py:878} INFO - 
================================================================================
DAG File Processing Stats

File Path                                 PID    Runtime      # DAGs    # Errors  Last Runtime    Last Run
----------------------------------------  -----  ---------  --------  ----------  --------------  -------------------
/opt/airflow/dags/tender_pipeline_dag.py                           1           0  0.10s           2026-09-15T17:56:40
================================================================================
[2026-09-15T17:57:17.022+0000] {manager.py:878} INFO - 
================================================================================
DAG File Processing Stats

File Path                                 PID    Runtime      # DAGs    # Errors  Last Runtime    Last Run
----------------------------------------  -----  ---------  --------  ----------  --------------  -------------------
/opt/airflow/dags/tender_pipeline_dag.py                           1           0  0.10s           2026-09-15T17:57:11
================================================================================
[2026-09-15T17:57:47.278+0000] {manager.py:878} INFO - 
================================================================================
DAG File Processing Stats

File Path                                 PID    Runtime      # DAGs    # Errors  Last Runtime    Last Run
----------------------------------------  -----  ---------  --------  ----------  --------------  -------------------
/opt/airflow/dags/tender_pipeline_dag.py                           1           0  0.10s           2026-09-15T17:57:41
================================================================================
[2026-09-15T17:58:17.543+0000] {manager.py:878} INFO - 
================================================================================
DAG File Processing Stats

File Path                                 PID    Runtime      # DAGs    # Errors  Last Runtime    Last Run
----------------------------------------  -----  ---------  --------  ----------  --------------  -------------------
/opt/airflow/dags/tender_pipeline_dag.py                           1           0  0.14s           2026-09-15T17:58:11
================================================================================
[2026-09-15T17:58:47.780+0000] {manager.py:878} INFO - 
================================================================================
DAG File Processing Stats

File Path                                 PID    Runtime      # DAGs    # Errors  Last Runtime    Last Run
----------------------------------------  -----  ---------  --------  ----------  --------------  -------------------
/opt/airflow/dags/tender_pipeline_dag.py                           1           0  0.09s           2026-09-15T17:58:41
================================================================================
[2026-09-15T17:59:18.016+0000] {manager.py:878} INFO - 
================================================================================
DAG File Processing Stats

File Path                                 PID    Runtime      # DAGs    # Errors  Last Runtime    Last Run
----------------------------------------  -----  ---------  --------  ----------  --------------  -------------------
/opt/airflow/dags/tender_pipeline_dag.py                           1           0  0.14s           2026-09-15T17:59:12
================================================================================
[2026-09-15T17:59:39.153+0000] {manager.py:737} INFO - Searching for files in /opt/airflow/dags
[2026-09-15T17:59:39.174+0000] {manager.py:740} INFO - There are 1 files in /opt/airflow/dags
[2026-09-15T17:59:48.306+0000] {manager.py:878} INFO - 
================================================================================
DAG File Processing Stats

File Path                                 PID    Runtime      # DAGs    # Errors  Last Runtime    Last Run
----------------------------------------  -----  ---------  --------  ----------  --------------  -------------------
/opt/airflow/dags/tender_pipeline_dag.py                           1           0  0.20s           2026-09-15T17:59:42
================================================================================
[2026-09-15T18:00:18.529+0000] {manager.py:878} INFO - 
================================================================================
DAG File Processing Stats

File Path                                 PID    Runtime      # DAGs    # Errors  Last Runtime    Last Run
----------------------------------------  -----  ---------  --------  ----------  --------------  -------------------
/opt/airflow/dags/tender_pipeline_dag.py                           1           0  0.11s           2026-09-15T18:00:12
================================================================================
[2026-09-15T18:00:48.802+0000] {manager.py:878} INFO - 
================================================================================
DAG File Processing Stats

File Path                                 PID    Runtime      # DAGs    # Errors  Last Runtime    Last Run
----------------------------------------  -----  ---------  --------  ----------  --------------  -------------------
/opt/airflow/dags/tender_pipeline_dag.py                           1           0  0.09s           2026-09-15T18:00:42
================================================================================
[2026-09-15T18:01:19.142+0000] {manager.py:878} INFO - 
================================================================================
DAG File Processing Stats

File Path                                 PID    Runtime      # DAGs    # Errors  Last Runtime    Last Run
----------------------------------------  -----  ---------  --------  ----------  --------------  -------------------
/opt/airflow/dags/tender_pipeline_dag.py                           1           0  0.15s           2026-09-15T18:01:13
================================================================================
[2026-09-15T18:01:49.387+0000] {manager.py:878} INFO - 
================================================================================
DAG File Processing Stats

File Path                                 PID    Runtime      # DAGs    # Errors  Last Runtime    Last Run
----------------------------------------  -----  ---------  --------  ----------  --------------  -------------------
/opt/airflow/dags/tender_pipeline_dag.py                           1           0  0.09s           2026-09-15T18:01:43
================================================================================
[2026-09-15T18:02:19.717+0000] {manager.py:878} INFO - 
================================================================================
DAG File Processing Stats

File Path                                 PID    Runtime      # DAGs    # Errors  Last Runtime    Last Run
----------------------------------------  -----  ---------  --------  ----------  --------------  -------------------
/opt/airflow/dags/tender_pipeline_dag.py                           1           0  0.09s           2026-09-15T18:02:13
================================================================================
[2026-09-15T18:02:49.961+0000] {manager.py:878} INFO - 
================================================================================
DAG File Processing Stats

File Path                                 PID    Runtime      # DAGs    # Errors  Last Runtime    Last Run
----------------------------------------  -----  ---------  --------  ----------  --------------  -------------------
/opt/airflow/dags/tender_pipeline_dag.py                           1           0  0.08s           2026-09-15T18:02:43
================================================================================
[2026-09-15T18:03:20.200+0000] {manager.py:878} INFO - 
================================================================================
DAG File Processing Stats

File Path                                 PID    Runtime      # DAGs    # Errors  Last Runtime    Last Run
----------------------------------------  -----  ---------  --------  ----------  --------------  -------------------
/opt/airflow/dags/tender_pipeline_dag.py                           1           0  0.11s           2026-09-15T18:03:14
================================================================================
[2026-09-15T18:03:50.531+0000] {manager.py:878} INFO - 
================================================================================
DAG File Processing Stats

File Path                                 PID    Runtime      # DAGs    # Errors  Last Runtime    Last Run
----------------------------------------  -----  ---------  --------  ----------  --------------  -------------------
/opt/airflow/dags/tender_pipeline_dag.py                           1           0  0.29s           2026-09-15T18:03:21
================================================================================
[2026-09-15T18:04:20.796+0000] {manager.py:878} INFO - 
================================================================================
DAG File Processing Stats

File Path                                 PID    Runtime      # DAGs    # Errors  Last Runtime    Last Run
----------------------------------------  -----  ---------  --------  ----------  --------------  -------------------
/opt/airflow/dags/tender_pipeline_dag.py                           1           0  0.09s           2026-09-15T18:03:51
================================================================================
[2026-09-15T18:04:40.039+0000] {manager.py:737} INFO - Searching for files in /opt/airflow/dags
[2026-09-15T18:04:40.054+0000] {manager.py:740} INFO - There are 1 files in /opt/airflow/dags
[2026-09-15T18:04:51.163+0000] {manager.py:878} INFO - 
================================================================================
DAG File Processing Stats

File Path                                 PID    Runtime      # DAGs    # Errors  Last Runtime    Last Run
----------------------------------------  -----  ---------  --------  ----------  --------------  -------------------
/opt/airflow/dags/tender_pipeline_dag.py                           1           0  0.10s           2026-09-15T18:04:21
================================================================================
[2026-09-15T18:05:21.433+0000] {manager.py:878} INFO - 
================================================================================
DAG File Processing Stats

File Path                                 PID    Runtime      # DAGs    # Errors  Last Runtime    Last Run
----------------------------------------  -----  ---------  --------  ----------  --------------  -------------------
/opt/airflow/dags/tender_pipeline_dag.py                           1           0  0.11s           2026-09-15T18:04:52
================================================================================
[2026-09-15T18:05:51.757+0000] {manager.py:878} INFO - 
================================================================================
DAG File Processing Stats

File Path                                 PID    Runtime      # DAGs    # Errors  Last Runtime    Last Run
----------------------------------------  -----  ---------  --------  ----------  --------------  -------------------
/opt/airflow/dags/tender_pipeline_dag.py                           1           0  0.14s           2026-09-15T18:05:22
================================================================================
[2026-09-15T18:06:22.067+0000] {manager.py:878} INFO - 
================================================================================
DAG File Processing Stats

File Path                                 PID    Runtime      # DAGs    # Errors  Last Runtime    Last Run
----------------------------------------  -----  ---------  --------  ----------  --------------  -------------------
/opt/airflow/dags/tender_pipeline_dag.py                           1           0  0.35s           2026-09-15T18:05:53
================================================================================
[2026-09-15T18:06:52.571+0000] {manager.py:878} INFO - 
================================================================================
DAG File Processing Stats

File Path                                 PID    Runtime      # DAGs    # Errors  Last Runtime    Last Run
----------------------------------------  -----  ---------  --------  ----------  --------------  -------------------
/opt/airflow/dags/tender_pipeline_dag.py                           1           0  0.14s           2026-09-15T18:06:23
================================================================================
[2026-09-15T18:07:22.901+0000] {manager.py:878} INFO - 
================================================================================
DAG File Processing Stats

File Path                                 PID    Runtime      # DAGs    # Errors  Last Runtime    Last Run
----------------------------------------  -----  ---------  --------  ----------  --------------  -------------------
/opt/airflow/dags/tender_pipeline_dag.py                           1           0  0.15s           2026-09-15T18:06:53
================================================================================
[2026-09-15T18:07:53.164+0000] {manager.py:878} INFO - 
================================================================================
DAG File Processing Stats

File Path                                 PID    Runtime      # DAGs    # Errors  Last Runtime    Last Run
----------------------------------------  -----  ---------  --------  ----------  --------------  -------------------
/opt/airflow/dags/tender_pipeline_dag.py                           1           0  0.10s           2026-09-15T18:07:24
================================================================================
[2026-09-15T18:08:23.447+0000] {manager.py:878} INFO - 
================================================================================
DAG File Processing Stats

File Path                                 PID    Runtime      # DAGs    # Errors  Last Runtime    Last Run
----------------------------------------  -----  ---------  --------  ----------  --------------  -------------------
/opt/airflow/dags/tender_pipeline_dag.py                           1           0  0.09s           2026-09-15T18:07:54
================================================================================
[2026-09-15T18:08:53.713+0000] {manager.py:878} INFO - 
================================================================================
DAG File Processing Stats

File Path                                 PID    Runtime      # DAGs    # Errors  Last Runtime    Last Run
----------------------------------------  -----  ---------  --------  ----------  --------------  -------------------
/opt/airflow/dags/tender_pipeline_dag.py                           1           0  0.10s           2026-09-15T18:08:24
================================================================================
[2026-09-15T18:09:24.040+0000] {manager.py:878} INFO - 
================================================================================
DAG File Processing Stats

File Path                                 PID    Runtime      # DAGs    # Errors  Last Runtime    Last Run
----------------------------------------  -----  ---------  --------  ----------  --------------  -------------------
/opt/airflow/dags/tender_pipeline_dag.py                           1           0  0.09s           2026-09-15T18:08:54
================================================================================
[2026-09-15T18:09:40.173+0000] {manager.py:737} INFO - Searching for files in /opt/airflow/dags
[2026-09-15T18:09:40.302+0000] {manager.py:740} INFO - There are 1 files in /opt/airflow/dags
[2026-09-15T18:09:54.442+0000] {manager.py:878} INFO - 
================================================================================
DAG File Processing Stats

File Path                                 PID    Runtime      # DAGs    # Errors  Last Runtime    Last Run
----------------------------------------  -----  ---------  --------  ----------  --------------  -------------------
/opt/airflow/dags/tender_pipeline_dag.py                           1           0  0.08s           2026-09-15T18:09:25
================================================================================
[2026-09-15T18:10:24.664+0000] {manager.py:878} INFO - 
================================================================================
DAG File Processing Stats

File Path                                 PID    Runtime      # DAGs    # Errors  Last Runtime    Last Run
----------------------------------------  -----  ---------  --------  ----------  --------------  -------------------
/opt/airflow/dags/tender_pipeline_dag.py                           1           0  0.09s           2026-09-15T18:09:55
================================================================================
[2026-09-15T18:10:54.906+0000] {manager.py:878} INFO - 
================================================================================
DAG File Processing Stats

File Path                                 PID    Runtime      # DAGs    # Errors  Last Runtime    Last Run
----------------------------------------  -----  ---------  --------  ----------  --------------  -------------------
/opt/airflow/dags/tender_pipeline_dag.py                           1           0  0.09s           2026-09-15T18:10:25
================================================================================
[2026-09-15T18:11:25.170+0000] {manager.py:878} INFO - 
================================================================================
DAG File Processing Stats

File Path                                 PID    Runtime      # DAGs    # Errors  Last Runtime    Last Run
----------------------------------------  -----  ---------  --------  ----------  --------------  -------------------
/opt/airflow/dags/tender_pipeline_dag.py                           1           0  0.09s           2026-09-15T18:10:56
================================================================================
[2026-09-15T18:11:55.394+0000] {manager.py:878} INFO - 
================================================================================
DAG File Processing Stats

File Path                                 PID    Runtime      # DAGs    # Errors  Last Runtime    Last Run
----------------------------------------  -----  ---------  --------  ----------  --------------  -------------------
/opt/airflow/dags/tender_pipeline_dag.py                           1           0  0.09s           2026-09-15T18:11:26
================================================================================
[2026-09-15T18:12:25.703+0000] {manager.py:878} INFO - 
================================================================================
DAG File Processing Stats

File Path                                 PID    Runtime      # DAGs    # Errors  Last Runtime    Last Run
----------------------------------------  -----  ---------  --------  ----------  --------------  -------------------
/opt/airflow/dags/tender_pipeline_dag.py                           1           0  0.20s           2026-09-15T18:11:56
================================================================================
[2026-09-15T18:12:56.057+0000] {manager.py:878} INFO - 
================================================================================
DAG File Processing Stats

File Path                                 PID    Runtime      # DAGs    # Errors  Last Runtime    Last Run
----------------------------------------  -----  ---------  --------  ----------  --------------  -------------------
/opt/airflow/dags/tender_pipeline_dag.py                           1           0  0.13s           2026-09-15T18:12:26
================================================================================
[2026-09-15T18:13:26.285+0000] {manager.py:878} INFO - 
================================================================================
DAG File Processing Stats

File Path                                 PID    Runtime      # DAGs    # Errors  Last Runtime    Last Run
----------------------------------------  -----  ---------  --------  ----------  --------------  -------------------
/opt/airflow/dags/tender_pipeline_dag.py                           1           0  0.46s           2026-09-15T18:12:57
================================================================================
[2026-09-15T18:13:57.071+0000] {manager.py:878} INFO - 
================================================================================
DAG File Processing Stats

File Path                                 PID    Runtime      # DAGs    # Errors  Last Runtime    Last Run
----------------------------------------  -----  ---------  --------  ----------  --------------  -------------------
/opt/airflow/dags/tender_pipeline_dag.py                           1           0  0.09s           2026-09-15T18:13:27
================================================================================
[2026-09-15T18:14:27.409+0000] {manager.py:878} INFO - 
================================================================================
DAG File Processing Stats

File Path                                 PID    Runtime      # DAGs    # Errors  Last Runtime    Last Run
----------------------------------------  -----  ---------  --------  ----------  --------------  -------------------
/opt/airflow/dags/tender_pipeline_dag.py                           1           0  0.09s           2026-09-15T18:13:58
================================================================================
[2026-09-15T18:14:40.541+0000] {manager.py:737} INFO - Searching for files in /opt/airflow/dags
[2026-09-15T18:14:40.558+0000] {manager.py:740} INFO - There are 1 files in /opt/airflow/dags
[2026-09-15T18:14:57.711+0000] {manager.py:878} INFO - 
================================================================================
DAG File Processing Stats

File Path                                 PID    Runtime      # DAGs    # Errors  Last Runtime    Last Run
----------------------------------------  -----  ---------  --------  ----------  --------------  -------------------
/opt/airflow/dags/tender_pipeline_dag.py                           1           0  0.10s           2026-09-15T18:14:28
================================================================================
[2026-09-15T18:15:27.974+0000] {manager.py:878} INFO - 
================================================================================
DAG File Processing Stats

File Path                                 PID    Runtime      # DAGs    # Errors  Last Runtime    Last Run
----------------------------------------  -----  ---------  --------  ----------  --------------  -------------------
/opt/airflow/dags/tender_pipeline_dag.py                           1           0  0.09s           2026-09-15T18:14:58
================================================================================
[2026-09-15T18:15:58.202+0000] {manager.py:878} INFO - 
================================================================================
DAG File Processing Stats

File Path                                 PID    Runtime      # DAGs    # Errors  Last Runtime    Last Run
----------------------------------------  -----  ---------  --------  ----------  --------------  -------------------
/opt/airflow/dags/tender_pipeline_dag.py                           1           0  0.10s           2026-09-15T18:15:29
================================================================================
[2026-09-15T18:16:28.462+0000] {manager.py:878} INFO - 
================================================================================
DAG File Processing Stats

File Path                                 PID    Runtime      # DAGs    # Errors  Last Runtime    Last Run
----------------------------------------  -----  ---------  --------  ----------  --------------  -------------------
/opt/airflow/dags/tender_pipeline_dag.py                           1           0  0.10s           2026-09-15T18:15:59
================================================================================
[2026-09-15T18:16:58.667+0000] {manager.py:878} INFO - 
================================================================================
DAG File Processing Stats

File Path                                 PID    Runtime      # DAGs    # Errors  Last Runtime    Last Run
----------------------------------------  -----  ---------  --------  ----------  --------------  -------------------
/opt/airflow/dags/tender_pipeline_dag.py                           1           0  0.10s           2026-09-15T18:16:29
================================================================================
[2026-09-15T18:17:28.923+0000] {manager.py:878} INFO - 
================================================================================
DAG File Processing Stats

File Path                                 PID    Runtime      # DAGs    # Errors  Last Runtime    Last Run
----------------------------------------  -----  ---------  --------  ----------  --------------  -------------------
/opt/airflow/dags/tender_pipeline_dag.py                           1           0  0.12s           2026-09-15T18:16:59
================================================================================
[2026-09-15T18:17:59.204+0000] {manager.py:878} INFO - 
================================================================================
DAG File Processing Stats

File Path                                 PID    Runtime      # DAGs    # Errors  Last Runtime    Last Run
----------------------------------------  -----  ---------  --------  ----------  --------------  -------------------
/opt/airflow/dags/tender_pipeline_dag.py                           1           0  0.10s           2026-09-15T18:17:30
================================================================================
[2026-09-15T18:18:29.620+0000] {manager.py:878} INFO - 
================================================================================
DAG File Processing Stats

File Path                                 PID    Runtime      # DAGs    # Errors  Last Runtime    Last Run
----------------------------------------  -----  ---------  --------  ----------  --------------  -------------------
/opt/airflow/dags/tender_pipeline_dag.py                           1           0  0.25s           2026-09-15T18:18:00
================================================================================
[2026-09-15T18:19:00.030+0000] {manager.py:878} INFO - 
================================================================================
DAG File Processing Stats

File Path                                 PID    Runtime      # DAGs    # Errors  Last Runtime    Last Run
----------------------------------------  -----  ---------  --------  ----------  --------------  -------------------
/opt/airflow/dags/tender_pipeline_dag.py                           1           0  0.25s           2026-09-15T18:18:30
================================================================================
[2026-09-15T18:19:30.319+0000] {manager.py:878} INFO - 
================================================================================
DAG File Processing Stats

File Path                                 PID    Runtime      # DAGs    # Errors  Last Runtime    Last Run
----------------------------------------  -----  ---------  --------  ----------  --------------  -------------------
/opt/airflow/dags/tender_pipeline_dag.py                           1           0  0.24s           2026-09-15T18:19:01
================================================================================
[2026-09-15T18:19:40.610+0000] {manager.py:737} INFO - Searching for files in /opt/airflow/dags
[2026-09-15T18:19:40.660+0000] {manager.py:740} INFO - There are 1 files in /opt/airflow/dags
[2026-09-15T18:20:00.840+0000] {manager.py:878} INFO - 
================================================================================
DAG File Processing Stats

File Path                                 PID    Runtime      # DAGs    # Errors  Last Runtime    Last Run
----------------------------------------  -----  ---------  --------  ----------  --------------  -------------------
/opt/airflow/dags/tender_pipeline_dag.py                           1           0  0.25s           2026-09-15T18:19:31
================================================================================
[2026-09-15T18:20:31.101+0000] {manager.py:878} INFO - 
================================================================================
DAG File Processing Stats

File Path                                 PID    Runtime      # DAGs    # Errors  Last Runtime    Last Run
----------------------------------------  -----  ---------  --------  ----------  --------------  -------------------
/opt/airflow/dags/tender_pipeline_dag.py                           1           0  0.22s           2026-09-15T18:20:02
================================================================================
[2026-09-15T18:21:01.628+0000] {manager.py:878} INFO - 
================================================================================
DAG File Processing Stats

File Path                                 PID    Runtime      # DAGs    # Errors  Last Runtime    Last Run
----------------------------------------  -----  ---------  --------  ----------  --------------  -------------------
/opt/airflow/dags/tender_pipeline_dag.py                           1           0  0.28s           2026-09-15T18:20:32
================================================================================
[2026-09-15T18:21:31.918+0000] {manager.py:878} INFO - 
================================================================================
DAG File Processing Stats

File Path                                 PID    Runtime      # DAGs    # Errors  Last Runtime    Last Run
----------------------------------------  -----  ---------  --------  ----------  --------------  -------------------
/opt/airflow/dags/tender_pipeline_dag.py                           1           0  0.22s           2026-09-15T18:21:02
================================================================================
[2026-09-15T18:22:02.295+0000] {manager.py:878} INFO - 
================================================================================
DAG File Processing Stats

File Path                                 PID    Runtime      # DAGs    # Errors  Last Runtime    Last Run
----------------------------------------  -----  ---------  --------  ----------  --------------  -------------------
/opt/airflow/dags/tender_pipeline_dag.py                           1           0  0.31s           2026-09-15T18:21:33
================================================================================
[2026-09-15T18:22:32.924+0000] {manager.py:878} INFO - 
================================================================================
DAG File Processing Stats

File Path                                 PID    Runtime      # DAGs    # Errors  Last Runtime    Last Run
----------------------------------------  -----  ---------  --------  ----------  --------------  -------------------
/opt/airflow/dags/tender_pipeline_dag.py                           1           0  0.23s           2026-09-15T18:22:03
================================================================================
[2026-09-15T18:23:03.284+0000] {manager.py:878} INFO - 
================================================================================
DAG File Processing Stats

File Path                                 PID    Runtime      # DAGs    # Errors  Last Runtime    Last Run
----------------------------------------  -----  ---------  --------  ----------  --------------  -------------------
/opt/airflow/dags/tender_pipeline_dag.py                           1           0  0.24s           2026-09-15T18:22:34
================================================================================
[2026-09-15T18:23:33.698+0000] {manager.py:878} INFO - 
================================================================================
DAG File Processing Stats

File Path                                 PID    Runtime      # DAGs    # Errors  Last Runtime    Last Run
----------------------------------------  -----  ---------  --------  ----------  --------------  -------------------
/opt/airflow/dags/tender_pipeline_dag.py                           1           0  0.24s           2026-09-15T18:23:04
================================================================================
[2026-09-15T18:24:04.001+0000] {manager.py:878} INFO - 
================================================================================
DAG File Processing Stats

File Path                                 PID    Runtime      # DAGs    # Errors  Last Runtime    Last Run
----------------------------------------  -----  ---------  --------  ----------  --------------  -------------------
/opt/airflow/dags/tender_pipeline_dag.py                           1           0  0.22s           2026-09-15T18:23:34
================================================================================
[2026-09-15T18:24:34.424+0000] {manager.py:878} INFO - 
================================================================================
DAG File Processing Stats

File Path                                 PID    Runtime      # DAGs    # Errors  Last Runtime    Last Run
----------------------------------------  -----  ---------  --------  ----------  --------------  -------------------
/opt/airflow/dags/tender_pipeline_dag.py                           1           0  0.24s           2026-09-15T18:24:05
================================================================================
[2026-09-15T18:24:40.741+0000] {manager.py:737} INFO - Searching for files in /opt/airflow/dags
[2026-09-15T18:24:40.804+0000] {manager.py:740} INFO - There are 1 files in /opt/airflow/dags
[2026-09-15T18:25:04.753+0000] {manager.py:878} INFO - 
================================================================================
DAG File Processing Stats

File Path                                 PID    Runtime      # DAGs    # Errors  Last Runtime    Last Run
----------------------------------------  -----  ---------  --------  ----------  --------------  -------------------
/opt/airflow/dags/tender_pipeline_dag.py                           1           0  0.24s           2026-09-15T18:24:35
================================================================================
[2026-09-15T18:25:35.098+0000] {manager.py:878} INFO - 
================================================================================
DAG File Processing Stats

File Path                                 PID    Runtime      # DAGs    # Errors  Last Runtime    Last Run
----------------------------------------  -----  ---------  --------  ----------  --------------  -------------------
/opt/airflow/dags/tender_pipeline_dag.py                           1           0  0.23s           2026-09-15T18:25:06
================================================================================
[2026-09-15T18:26:05.361+0000] {manager.py:878} INFO - 
================================================================================
DAG File Processing Stats

File Path                                 PID    Runtime      # DAGs    # Errors  Last Runtime    Last Run
----------------------------------------  -----  ---------  --------  ----------  --------------  -------------------
/opt/airflow/dags/tender_pipeline_dag.py                           1           0  0.24s           2026-09-15T18:25:36
================================================================================
[2026-09-15T18:26:35.629+0000] {manager.py:878} INFO - 
================================================================================
DAG File Processing Stats

File Path                                 PID    Runtime      # DAGs    # Errors  Last Runtime    Last Run
----------------------------------------  -----  ---------  --------  ----------  --------------  -------------------
/opt/airflow/dags/tender_pipeline_dag.py                           1           0  0.22s           2026-09-15T18:26:06
================================================================================
[2026-09-15T18:27:05.916+0000] {manager.py:878} INFO - 
================================================================================
DAG File Processing Stats

File Path                                 PID    Runtime      # DAGs    # Errors  Last Runtime    Last Run
----------------------------------------  -----  ---------  --------  ----------  --------------  -------------------
/opt/airflow/dags/tender_pipeline_dag.py                           1           0  0.25s           2026-09-15T18:26:36
================================================================================
[2026-09-15T18:27:36.491+0000] {manager.py:878} INFO - 
================================================================================
DAG File Processing Stats

File Path                                 PID    Runtime      # DAGs    # Errors  Last Runtime    Last Run
----------------------------------------  -----  ---------  --------  ----------  --------------  -------------------
/opt/airflow/dags/tender_pipeline_dag.py                           1           0  0.24s           2026-09-15T18:27:07
================================================================================
[2026-09-15T18:28:06.810+0000] {manager.py:878} INFO - 
================================================================================
DAG File Processing Stats

File Path                                 PID    Runtime      # DAGs    # Errors  Last Runtime    Last Run
----------------------------------------  -----  ---------  --------  ----------  --------------  -------------------
/opt/airflow/dags/tender_pipeline_dag.py                           1           0  0.25s           2026-09-15T18:27:37
================================================================================
[2026-09-15T18:28:37.312+0000] {manager.py:878} INFO - 
================================================================================
DAG File Processing Stats

File Path                                 PID    Runtime      # DAGs    # Errors  Last Runtime    Last Run
----------------------------------------  -----  ---------  --------  ----------  --------------  -------------------
/opt/airflow/dags/tender_pipeline_dag.py                           1           0  0.23s           2026-09-15T18:28:08
================================================================================
[2026-09-15T18:29:07.608+0000] {manager.py:878} INFO - 
================================================================================
DAG File Processing Stats

File Path                                 PID    Runtime      # DAGs    # Errors  Last Runtime    Last Run
----------------------------------------  -----  ---------  --------  ----------  --------------  -------------------
/opt/airflow/dags/tender_pipeline_dag.py                           1           0  0.27s           2026-09-15T18:28:38
================================================================================
[2026-09-15T18:29:38.157+0000] {manager.py:878} INFO - 
================================================================================
DAG File Processing Stats

File Path                                 PID    Runtime      # DAGs    # Errors  Last Runtime    Last Run
----------------------------------------  -----  ---------  --------  ----------  --------------  -------------------
/opt/airflow/dags/tender_pipeline_dag.py                           1           0  0.24s           2026-09-15T18:29:08
================================================================================
[2026-09-15T18:29:41.222+0000] {manager.py:737} INFO - Searching for files in /opt/airflow/dags
[2026-09-15T18:29:41.274+0000] {manager.py:740} INFO - There are 1 files in /opt/airflow/dags
[2026-09-15T18:30:08.507+0000] {manager.py:878} INFO - 
================================================================================
DAG File Processing Stats

File Path                                 PID    Runtime      # DAGs    # Errors  Last Runtime    Last Run
----------------------------------------  -----  ---------  --------  ----------  --------------  -------------------
/opt/airflow/dags/tender_pipeline_dag.py                           1           0  0.25s           2026-09-15T18:29:39
================================================================================
[2026-09-15T18:30:38.962+0000] {manager.py:878} INFO - 
================================================================================
DAG File Processing Stats

File Path                                 PID    Runtime      # DAGs    # Errors  Last Runtime    Last Run
----------------------------------------  -----  ---------  --------  ----------  --------------  -------------------
/opt/airflow/dags/tender_pipeline_dag.py                           1           0  0.24s           2026-09-15T18:30:09
================================================================================
[2026-09-15T18:31:09.269+0000] {manager.py:878} INFO - 
================================================================================
DAG File Processing Stats

File Path                                 PID    Runtime      # DAGs    # Errors  Last Runtime    Last Run
----------------------------------------  -----  ---------  --------  ----------  --------------  -------------------
/opt/airflow/dags/tender_pipeline_dag.py                           1           0  0.28s           2026-09-15T18:30:40
================================================================================
[2026-09-15T18:31:39.750+0000] {manager.py:878} INFO - 
================================================================================
DAG File Processing Stats

File Path                                 PID    Runtime      # DAGs    # Errors  Last Runtime    Last Run
----------------------------------------  -----  ---------  --------  ----------  --------------  -------------------
/opt/airflow/dags/tender_pipeline_dag.py                           1           0  0.24s           2026-09-15T18:31:10
================================================================================
[2026-09-15T18:32:10.041+0000] {manager.py:878} INFO - 
================================================================================
DAG File Processing Stats

File Path                                 PID    Runtime      # DAGs    # Errors  Last Runtime    Last Run
----------------------------------------  -----  ---------  --------  ----------  --------------  -------------------
/opt/airflow/dags/tender_pipeline_dag.py                           1           0  0.25s           2026-09-15T18:31:41
================================================================================
[2026-09-15T18:32:40.520+0000] {manager.py:878} INFO - 
================================================================================
DAG File Processing Stats

File Path                                 PID    Runtime      # DAGs    # Errors  Last Runtime    Last Run
----------------------------------------  -----  ---------  --------  ----------  --------------  -------------------
/opt/airflow/dags/tender_pipeline_dag.py                           1           0  0.24s           2026-09-15T18:32:11
================================================================================
[2026-09-15T18:33:10.807+0000] {manager.py:878} INFO - 
================================================================================
DAG File Processing Stats

File Path                                 PID    Runtime      # DAGs    # Errors  Last Runtime    Last Run
----------------------------------------  -----  ---------  --------  ----------  --------------  -------------------
/opt/airflow/dags/tender_pipeline_dag.py                           1           0  0.26s           2026-09-15T18:32:41
================================================================================
[2026-09-15T18:33:41.327+0000] {manager.py:878} INFO - 
================================================================================
DAG File Processing Stats

File Path                                 PID    Runtime      # DAGs    # Errors  Last Runtime    Last Run
----------------------------------------  -----  ---------  --------  ----------  --------------  -------------------
/opt/airflow/dags/tender_pipeline_dag.py                           1           0  0.25s           2026-09-15T18:33:12
================================================================================
[2026-09-15T18:34:11.787+0000] {manager.py:878} INFO - 
================================================================================
DAG File Processing Stats

File Path                                 PID    Runtime      # DAGs    # Errors  Last Runtime    Last Run
----------------------------------------  -----  ---------  --------  ----------  --------------  -------------------
/opt/airflow/dags/tender_pipeline_dag.py                           1           0  0.40s           2026-09-15T18:33:42
================================================================================
[2026-09-15T18:34:41.305+0000] {manager.py:737} INFO - Searching for files in /opt/airflow/dags
[2026-09-15T18:34:41.373+0000] {manager.py:740} INFO - There are 1 files in /opt/airflow/dags
[2026-09-15T18:34:42.411+0000] {manager.py:878} INFO - 
================================================================================
DAG File Processing Stats

File Path                                 PID    Runtime      # DAGs    # Errors  Last Runtime    Last Run
----------------------------------------  -----  ---------  --------  ----------  --------------  -------------------
/opt/airflow/dags/tender_pipeline_dag.py                           1           0  0.30s           2026-09-15T18:34:13
================================================================================
[2026-09-15T18:35:13.305+0000] {manager.py:878} INFO - 
================================================================================
DAG File Processing Stats

File Path                                 PID    Runtime      # DAGs    # Errors  Last Runtime    Last Run
----------------------------------------  -----  ---------  --------  ----------  --------------  -------------------
/opt/airflow/dags/tender_pipeline_dag.py                           1           0  0.24s           2026-09-15T18:34:43
================================================================================
[2026-09-15T18:35:43.310+0000] {manager.py:878} INFO - 
================================================================================
DAG File Processing Stats

File Path                                 PID    Runtime      # DAGs    # Errors  Last Runtime    Last Run
----------------------------------------  -----  ---------  --------  ----------  --------------  -------------------
/opt/airflow/dags/tender_pipeline_dag.py                           1           0  0.25s           2026-09-15T18:35:14
================================================================================
[2026-09-15T18:36:13.671+0000] {manager.py:878} INFO - 
================================================================================
DAG File Processing Stats

File Path                                 PID    Runtime      # DAGs    # Errors  Last Runtime    Last Run
----------------------------------------  -----  ---------  --------  ----------  --------------  -------------------
/opt/airflow/dags/tender_pipeline_dag.py                           1           0  0.25s           2026-09-15T18:35:45
================================================================================
[2026-09-15T18:36:44.210+0000] {manager.py:878} INFO - 
================================================================================
DAG File Processing Stats

File Path                                 PID    Runtime      # DAGs    # Errors  Last Runtime    Last Run
----------------------------------------  -----  ---------  --------  ----------  --------------  -------------------
/opt/airflow/dags/tender_pipeline_dag.py                           1           0  0.52s           2026-09-15T18:36:16
================================================================================
[2026-09-15T18:37:14.361+0000] {manager.py:878} INFO - 
================================================================================
DAG File Processing Stats

File Path                                 PID    Runtime      # DAGs    # Errors  Last Runtime    Last Run
----------------------------------------  -----  ---------  --------  ----------  --------------  -------------------
/opt/airflow/dags/tender_pipeline_dag.py                           1           0  0.24s           2026-09-15T18:36:46
================================================================================
[2026-09-15T18:37:44.764+0000] {manager.py:878} INFO - 
================================================================================
DAG File Processing Stats

File Path                                 PID    Runtime      # DAGs    # Errors  Last Runtime    Last Run
----------------------------------------  -----  ---------  --------  ----------  --------------  -------------------
/opt/airflow/dags/tender_pipeline_dag.py                           1           0  0.26s           2026-09-15T18:37:17
================================================================================
[2026-09-15T18:38:15.482+0000] {manager.py:878} INFO - 
================================================================================
DAG File Processing Stats

File Path                                 PID    Runtime      # DAGs    # Errors  Last Runtime    Last Run
----------------------------------------  -----  ---------  --------  ----------  --------------  -------------------
/opt/airflow/dags/tender_pipeline_dag.py                           1           0  0.26s           2026-09-15T18:37:48
================================================================================
[2026-09-15T18:38:45.769+0000] {manager.py:878} INFO - 
================================================================================
DAG File Processing Stats

File Path                                 PID    Runtime      # DAGs    # Errors  Last Runtime    Last Run
----------------------------------------  -----  ---------  --------  ----------  --------------  -------------------
/opt/airflow/dags/tender_pipeline_dag.py                           1           0  0.61s           2026-09-15T18:38:19
================================================================================
[2026-09-15T18:39:16.400+0000] {manager.py:878} INFO - 
================================================================================
DAG File Processing Stats

File Path                                 PID    Runtime      # DAGs    # Errors  Last Runtime    Last Run
----------------------------------------  -----  ---------  --------  ----------  --------------  -------------------
/opt/airflow/dags/tender_pipeline_dag.py                           1           0  0.25s           2026-09-15T18:38:50
================================================================================
[2026-09-15T18:39:41.419+0000] {manager.py:737} INFO - Searching for files in /opt/airflow/dags
[2026-09-15T18:39:41.675+0000] {manager.py:740} INFO - There are 1 files in /opt/airflow/dags
[2026-09-15T18:39:46.974+0000] {manager.py:878} INFO - 
================================================================================
DAG File Processing Stats

File Path                                 PID    Runtime      # DAGs    # Errors  Last Runtime    Last Run
----------------------------------------  -----  ---------  --------  ----------  --------------  -------------------
/opt/airflow/dags/tender_pipeline_dag.py                           1           0  0.56s           2026-09-15T18:39:21
================================================================================
[2026-09-15T18:40:17.076+0000] {manager.py:878} INFO - 
================================================================================
DAG File Processing Stats

File Path                                 PID    Runtime      # DAGs    # Errors  Last Runtime    Last Run
----------------------------------------  -----  ---------  --------  ----------  --------------  -------------------
/opt/airflow/dags/tender_pipeline_dag.py                           1           0  0.59s           2026-09-15T18:39:51
================================================================================
[2026-09-15T18:40:47.568+0000] {manager.py:878} INFO - 
================================================================================
DAG File Processing Stats

File Path                                 PID    Runtime      # DAGs    # Errors  Last Runtime    Last Run
----------------------------------------  -----  ---------  --------  ----------  --------------  -------------------
/opt/airflow/dags/tender_pipeline_dag.py                           1           0  0.77s           2026-09-15T18:40:23
================================================================================
[2026-09-15T18:41:17.776+0000] {manager.py:878} INFO - 
================================================================================
DAG File Processing Stats

File Path                                 PID    Runtime      # DAGs    # Errors  Last Runtime    Last Run
----------------------------------------  -----  ---------  --------  ----------  --------------  -------------------
/opt/airflow/dags/tender_pipeline_dag.py                           1           0  0.49s           2026-09-15T18:40:54
================================================================================
[2026-09-15T18:41:48.528+0000] {manager.py:878} INFO - 
================================================================================
DAG File Processing Stats

File Path                                 PID    Runtime      # DAGs    # Errors  Last Runtime    Last Run
----------------------------------------  -----  ---------  --------  ----------  --------------  -------------------
/opt/airflow/dags/tender_pipeline_dag.py                           1           0  1.18s           2026-09-15T18:41:26
================================================================================
[2026-09-15T18:42:18.614+0000] {manager.py:878} INFO - 
================================================================================
DAG File Processing Stats

File Path                                 PID    Runtime      # DAGs    # Errors  Last Runtime    Last Run
----------------------------------------  -----  ---------  --------  ----------  --------------  -------------------
/opt/airflow/dags/tender_pipeline_dag.py                           1           0  1.36s           2026-09-15T18:41:58
================================================================================
[2026-09-15T18:42:49.219+0000] {manager.py:878} INFO - 
================================================================================
DAG File Processing Stats

File Path                                 PID    Runtime      # DAGs    # Errors  Last Runtime    Last Run
----------------------------------------  -----  ---------  --------  ----------  --------------  -------------------
/opt/airflow/dags/tender_pipeline_dag.py                           1           0  0.43s           2026-09-15T18:42:29
================================================================================
[2026-09-15T18:43:19.574+0000] {manager.py:878} INFO - 
================================================================================
DAG File Processing Stats

File Path                                 PID    Runtime      # DAGs    # Errors  Last Runtime    Last Run
----------------------------------------  -----  ---------  --------  ----------  --------------  -------------------
/opt/airflow/dags/tender_pipeline_dag.py                           1           0  0.23s           2026-09-15T18:42:59
================================================================================
[2026-09-15T18:43:50.078+0000] {manager.py:878} INFO - 
================================================================================
DAG File Processing Stats

File Path                                 PID    Runtime      # DAGs    # Errors  Last Runtime    Last Run
----------------------------------------  -----  ---------  --------  ----------  --------------  -------------------
/opt/airflow/dags/tender_pipeline_dag.py                           1           0  0.25s           2026-09-15T18:43:30
================================================================================
[2026-09-15T18:44:20.082+0000] {manager.py:878} INFO - 
================================================================================
DAG File Processing Stats

File Path                                 PID    Runtime      # DAGs    # Errors  Last Runtime    Last Run
----------------------------------------  -----  ---------  --------  ----------  --------------  -------------------
/opt/airflow/dags/tender_pipeline_dag.py                           1           0  0.45s           2026-09-15T18:44:01
================================================================================
[2026-09-15T18:44:41.573+0000] {manager.py:737} INFO - Searching for files in /opt/airflow/dags
[2026-09-15T18:44:43.009+0000] {manager.py:740} INFO - There are 1 files in /opt/airflow/dags
[2026-09-15T18:44:50.251+0000] {manager.py:878} INFO - 
================================================================================
DAG File Processing Stats

File Path                                 PID    Runtime      # DAGs    # Errors  Last Runtime    Last Run
----------------------------------------  -----  ---------  --------  ----------  --------------  -------------------
/opt/airflow/dags/tender_pipeline_dag.py                           1           0  2.36s           2026-09-15T18:44:34
================================================================================
[2026-09-15T18:45:20.560+0000] {manager.py:878} INFO - 
================================================================================
DAG File Processing Stats

File Path                                 PID    Runtime      # DAGs    # Errors  Last Runtime    Last Run
----------------------------------------  -----  ---------  --------  ----------  --------------  -------------------
/opt/airflow/dags/tender_pipeline_dag.py                           1           0  0.26s           2026-09-15T18:45:04
================================================================================
[2026-09-15T18:45:51.137+0000] {manager.py:878} INFO - 
================================================================================
DAG File Processing Stats

File Path                                 PID    Runtime      # DAGs    # Errors  Last Runtime    Last Run
----------------------------------------  -----  ---------  --------  ----------  --------------  -------------------
/opt/airflow/dags/tender_pipeline_dag.py                           1           0  0.53s           2026-09-15T18:45:35
================================================================================
[2026-09-15T18:46:21.783+0000] {manager.py:878} INFO - 
================================================================================
DAG File Processing Stats

File Path                                 PID    Runtime      # DAGs    # Errors  Last Runtime    Last Run
----------------------------------------  -----  ---------  --------  ----------  --------------  -------------------
/opt/airflow/dags/tender_pipeline_dag.py                           1           0  0.23s           2026-09-15T18:46:05
================================================================================
[2026-09-15T18:46:52.711+0000] {manager.py:878} INFO - 
================================================================================
DAG File Processing Stats

File Path                                 PID    Runtime      # DAGs    # Errors  Last Runtime    Last Run
----------------------------------------  -----  ---------  --------  ----------  --------------  -------------------
/opt/airflow/dags/tender_pipeline_dag.py                           1           0  0.25s           2026-09-15T18:46:36
================================================================================
[2026-09-15T18:47:23.813+0000] {manager.py:878} INFO - 
================================================================================
DAG File Processing Stats

File Path                                 PID    Runtime      # DAGs    # Errors  Last Runtime    Last Run
----------------------------------------  -----  ---------  --------  ----------  --------------  -------------------
/opt/airflow/dags/tender_pipeline_dag.py                           1           0  0.88s           2026-09-15T18:47:07
================================================================================
[2026-09-15T18:47:53.858+0000] {manager.py:878} INFO - 
================================================================================
DAG File Processing Stats

File Path                                 PID    Runtime      # DAGs    # Errors  Last Runtime    Last Run
----------------------------------------  -----  ---------  --------  ----------  --------------  -------------------
/opt/airflow/dags/tender_pipeline_dag.py                           1           0  0.27s           2026-09-15T18:47:37
================================================================================
[2026-09-15T18:48:24.342+0000] {manager.py:878} INFO - 
================================================================================
DAG File Processing Stats

File Path                                 PID    Runtime      # DAGs    # Errors  Last Runtime    Last Run
----------------------------------------  -----  ---------  --------  ----------  --------------  -------------------
/opt/airflow/dags/tender_pipeline_dag.py                           1           0  0.25s           2026-09-15T18:48:08
================================================================================
[2026-09-15T18:48:54.828+0000] {manager.py:878} INFO - 
================================================================================
DAG File Processing Stats

File Path                                 PID    Runtime      # DAGs    # Errors  Last Runtime    Last Run
----------------------------------------  -----  ---------  --------  ----------  --------------  -------------------
/opt/airflow/dags/tender_pipeline_dag.py                           1           0  0.23s           2026-09-15T18:48:38
================================================================================
[2026-09-15T18:49:25.115+0000] {manager.py:878} INFO - 
================================================================================
DAG File Processing Stats

File Path                                 PID    Runtime      # DAGs    # Errors  Last Runtime    Last Run
----------------------------------------  -----  ---------  --------  ----------  --------------  -------------------
/opt/airflow/dags/tender_pipeline_dag.py                           1           0  0.29s           2026-09-15T18:49:09
================================================================================
[2026-09-15T18:49:41.783+0000] {manager.py:737} INFO - Searching for files in /opt/airflow/dags
[2026-09-15T18:49:41.838+0000] {manager.py:740} INFO - There are 1 files in /opt/airflow/dags
[2026-09-15T18:49:55.600+0000] {manager.py:878} INFO - 
================================================================================
DAG File Processing Stats

File Path                                 PID    Runtime      # DAGs    # Errors  Last Runtime    Last Run
----------------------------------------  -----  ---------  --------  ----------  --------------  -------------------
/opt/airflow/dags/tender_pipeline_dag.py                           1           0  0.39s           2026-09-15T18:49:39
================================================================================
[2026-09-15T18:50:26.168+0000] {manager.py:878} INFO - 
================================================================================
DAG File Processing Stats

File Path                                 PID    Runtime      # DAGs    # Errors  Last Runtime    Last Run
----------------------------------------  -----  ---------  --------  ----------  --------------  -------------------
/opt/airflow/dags/tender_pipeline_dag.py                           1           0  0.24s           2026-09-15T18:50:10
================================================================================
[2026-09-15T18:50:56.610+0000] {manager.py:878} INFO - 
================================================================================
DAG File Processing Stats

File Path                                 PID    Runtime      # DAGs    # Errors  Last Runtime    Last Run
----------------------------------------  -----  ---------  --------  ----------  --------------  -------------------
/opt/airflow/dags/tender_pipeline_dag.py                           1           0  0.25s           2026-09-15T18:50:40
================================================================================
[2026-09-15T18:51:26.991+0000] {manager.py:878} INFO - 
================================================================================
DAG File Processing Stats

File Path                                 PID    Runtime      # DAGs    # Errors  Last Runtime    Last Run
----------------------------------------  -----  ---------  --------  ----------  --------------  -------------------
/opt/airflow/dags/tender_pipeline_dag.py                           1           0  0.27s           2026-09-15T18:51:11
================================================================================
[2026-09-15T18:51:57.232+0000] {manager.py:878} INFO - 
================================================================================
DAG File Processing Stats

File Path                                 PID    Runtime      # DAGs    # Errors  Last Runtime    Last Run
----------------------------------------  -----  ---------  --------  ----------  --------------  -------------------
/opt/airflow/dags/tender_pipeline_dag.py                           1           0  0.23s           2026-09-15T18:51:41
================================================================================
[2026-09-15T18:52:27.788+0000] {manager.py:878} INFO - 
================================================================================
DAG File Processing Stats

File Path                                 PID    Runtime      # DAGs    # Errors  Last Runtime    Last Run
----------------------------------------  -----  ---------  --------  ----------  --------------  -------------------
/opt/airflow/dags/tender_pipeline_dag.py                           1           0  0.24s           2026-09-15T18:52:11
================================================================================
[2026-09-15T18:52:58.035+0000] {manager.py:878} INFO - 
================================================================================
DAG File Processing Stats

File Path                                 PID    Runtime      # DAGs    # Errors  Last Runtime    Last Run
----------------------------------------  -----  ---------  --------  ----------  --------------  -------------------
/opt/airflow/dags/tender_pipeline_dag.py                           1           0  0.24s           2026-09-15T18:52:42
================================================================================
[2026-09-15T18:53:28.542+0000] {manager.py:878} INFO - 
================================================================================
DAG File Processing Stats

File Path                                 PID    Runtime      # DAGs    # Errors  Last Runtime    Last Run
----------------------------------------  -----  ---------  --------  ----------  --------------  -------------------
/opt/airflow/dags/tender_pipeline_dag.py                           1           0  0.23s           2026-09-15T18:53:12
================================================================================
[2026-09-15T18:53:59.015+0000] {manager.py:878} INFO - 
================================================================================
DAG File Processing Stats

File Path                                 PID    Runtime      # DAGs    # Errors  Last Runtime    Last Run
----------------------------------------  -----  ---------  --------  ----------  --------------  -------------------
/opt/airflow/dags/tender_pipeline_dag.py                           1           0  0.25s           2026-09-15T18:53:43
================================================================================
[2026-09-15T18:54:29.501+0000] {manager.py:878} INFO - 
================================================================================
DAG File Processing Stats

File Path                                 PID    Runtime      # DAGs    # Errors  Last Runtime    Last Run
----------------------------------------  -----  ---------  --------  ----------  --------------  -------------------
/opt/airflow/dags/tender_pipeline_dag.py                           1           0  0.23s           2026-09-15T18:54:13
================================================================================
[2026-09-15T18:54:42.614+0000] {manager.py:737} INFO - Searching for files in /opt/airflow/dags
[2026-09-15T18:54:42.647+0000] {manager.py:740} INFO - There are 1 files in /opt/airflow/dags
[2026-09-15T18:54:59.841+0000] {manager.py:878} INFO - 
================================================================================
DAG File Processing Stats

File Path                                 PID    Runtime      # DAGs    # Errors  Last Runtime    Last Run
----------------------------------------  -----  ---------  --------  ----------  --------------  -------------------
/opt/airflow/dags/tender_pipeline_dag.py                           1           0  0.26s           2026-09-15T18:54:43
================================================================================
[2026-09-15T18:55:30.368+0000] {manager.py:878} INFO - 
================================================================================
DAG File Processing Stats

File Path                                 PID    Runtime      # DAGs    # Errors  Last Runtime    Last Run
----------------------------------------  -----  ---------  --------  ----------  --------------  -------------------
/opt/airflow/dags/tender_pipeline_dag.py                           1           0  0.27s           2026-09-15T18:55:14
================================================================================
[2026-09-15T18:56:00.656+0000] {manager.py:878} INFO - 
================================================================================
DAG File Processing Stats

File Path                                 PID    Runtime      # DAGs    # Errors  Last Runtime    Last Run
----------------------------------------  -----  ---------  --------  ----------  --------------  -------------------
/opt/airflow/dags/tender_pipeline_dag.py                           1           0  0.25s           2026-09-15T18:55:44
================================================================================
[2026-09-15T18:56:30.918+0000] {manager.py:878} INFO - 
================================================================================
DAG File Processing Stats

File Path                                 PID    Runtime      # DAGs    # Errors  Last Runtime    Last Run
----------------------------------------  -----  ---------  --------  ----------  --------------  -------------------
/opt/airflow/dags/tender_pipeline_dag.py                           1           0  0.24s           2026-09-15T18:56:15
================================================================================
[2026-09-15T18:57:01.383+0000] {manager.py:878} INFO - 
================================================================================
DAG File Processing Stats

File Path                                 PID    Runtime      # DAGs    # Errors  Last Runtime    Last Run
----------------------------------------  -----  ---------  --------  ----------  --------------  -------------------
/opt/airflow/dags/tender_pipeline_dag.py                           1           0  0.26s           2026-09-15T18:56:45
================================================================================
[2026-09-15T18:57:31.684+0000] {manager.py:878} INFO - 
================================================================================
DAG File Processing Stats

File Path                                 PID    Runtime      # DAGs    # Errors  Last Runtime    Last Run
----------------------------------------  -----  ---------  --------  ----------  --------------  -------------------
/opt/airflow/dags/tender_pipeline_dag.py                           1           0  0.20s           2026-09-15T18:57:15
================================================================================
[2026-09-15T18:58:02.036+0000] {manager.py:878} INFO - 
================================================================================
DAG File Processing Stats

File Path                                 PID    Runtime      # DAGs    # Errors  Last Runtime    Last Run
----------------------------------------  -----  ---------  --------  ----------  --------------  -------------------
/opt/airflow/dags/tender_pipeline_dag.py                           1           0  0.22s           2026-09-15T18:57:46
================================================================================
[2026-09-15T18:58:32.497+0000] {manager.py:878} INFO - 
================================================================================
DAG File Processing Stats

File Path                                 PID    Runtime      # DAGs    # Errors  Last Runtime    Last Run
----------------------------------------  -----  ---------  --------  ----------  --------------  -------------------
/opt/airflow/dags/tender_pipeline_dag.py                           1           0  0.25s           2026-09-15T18:58:16
================================================================================
[2026-09-15T18:59:02.801+0000] {manager.py:878} INFO - 
================================================================================
DAG File Processing Stats

File Path                                 PID    Runtime      # DAGs    # Errors  Last Runtime    Last Run
----------------------------------------  -----  ---------  --------  ----------  --------------  -------------------
/opt/airflow/dags/tender_pipeline_dag.py                           1           0  0.25s           2026-09-15T18:58:46
================================================================================
[2026-09-15T18:59:33.303+0000] {manager.py:878} INFO - 
================================================================================
DAG File Processing Stats

File Path                                 PID    Runtime      # DAGs    # Errors  Last Runtime    Last Run
----------------------------------------  -----  ---------  --------  ----------  --------------  -------------------
/opt/airflow/dags/tender_pipeline_dag.py                           1           0  0.27s           2026-09-15T18:59:17
================================================================================
[2026-09-15T18:59:43.400+0000] {manager.py:737} INFO - Searching for files in /opt/airflow/dags
[2026-09-15T18:59:43.451+0000] {manager.py:740} INFO - There are 1 files in /opt/airflow/dags
[2026-09-15T19:00:03.700+0000] {manager.py:878} INFO - 
================================================================================
DAG File Processing Stats

File Path                                 PID    Runtime      # DAGs    # Errors  Last Runtime    Last Run
----------------------------------------  -----  ---------  --------  ----------  --------------  -------------------
/opt/airflow/dags/tender_pipeline_dag.py                           1           0  0.25s           2026-09-15T18:59:47
================================================================================
[2026-09-15T19:00:34.219+0000] {manager.py:878} INFO - 
================================================================================
DAG File Processing Stats

File Path                                 PID    Runtime      # DAGs    # Errors  Last Runtime    Last Run
----------------------------------------  -----  ---------  --------  ----------  --------------  -------------------
/opt/airflow/dags/tender_pipeline_dag.py                           1           0  0.24s           2026-09-15T19:00:18
================================================================================
[2026-09-15T19:01:04.580+0000] {manager.py:878} INFO - 
================================================================================
DAG File Processing Stats

File Path                                 PID    Runtime      # DAGs    # Errors  Last Runtime    Last Run
----------------------------------------  -----  ---------  --------  ----------  --------------  -------------------
/opt/airflow/dags/tender_pipeline_dag.py                           1           0  0.27s           2026-09-15T19:00:48
================================================================================
[2026-09-15T20:31:45.706+0000] {manager.py:470} INFO - Processing files using up to 2 processes at a time 
[2026-09-15T20:31:45.709+0000] {manager.py:471} INFO - Process each file at most once every 30 seconds
[2026-09-15T20:31:45.717+0000] {manager.py:472} INFO - Checking for new files in /opt/airflow/dags every 300 seconds
[2026-09-15T20:31:45.719+0000] {manager.py:737} INFO - Searching for files in /opt/airflow/dags
[2026-09-15T20:31:45.787+0000] {manager.py:740} INFO - There are 1 files in /opt/airflow/dags
[2026-09-15T20:31:46.409+0000] {manager.py:878} INFO - 
================================================================================
DAG File Processing Stats

File Path                                   PID  Runtime      # DAGs    # Errors  Last Runtime    Last Run
----------------------------------------  -----  ---------  --------  ----------  --------------  ----------
/opt/airflow/dags/tender_pipeline_dag.py    211  0.08s             0           0
================================================================================
[2026-09-15T20:32:16.677+0000] {manager.py:878} INFO - 
================================================================================
DAG File Processing Stats

File Path                                 PID    Runtime      # DAGs    # Errors  Last Runtime    Last Run
----------------------------------------  -----  ---------  --------  ----------  --------------  -------------------
/opt/airflow/dags/tender_pipeline_dag.py                           1           0  0.47s           2026-09-15T20:31:46
================================================================================
[2026-09-15T20:32:47.217+0000] {manager.py:878} INFO - 
================================================================================
DAG File Processing Stats

File Path                                 PID    Runtime      # DAGs    # Errors  Last Runtime    Last Run
----------------------------------------  -----  ---------  --------  ----------  --------------  -------------------
/opt/airflow/dags/tender_pipeline_dag.py                           1           0  0.31s           2026-09-15T20:32:17
================================================================================
[2026-09-15T20:33:17.798+0000] {manager.py:878} INFO - 
================================================================================
DAG File Processing Stats

File Path                                   PID  Runtime      # DAGs    # Errors  Last Runtime    Last Run
----------------------------------------  -----  ---------  --------  ----------  --------------  -------------------
/opt/airflow/dags/tender_pipeline_dag.py    226  0.00s             1           0  0.09s           2026-09-15T20:32:47
================================================================================
[2026-09-15T20:33:48.103+0000] {manager.py:878} INFO - 
================================================================================
DAG File Processing Stats

File Path                                   PID  Runtime      # DAGs    # Errors  Last Runtime    Last Run
----------------------------------------  -----  ---------  --------  ----------  --------------  -------------------
/opt/airflow/dags/tender_pipeline_dag.py    231  0.00s             1           0  0.10s           2026-09-15T20:33:17
================================================================================
[2026-09-15T20:34:18.300+0000] {manager.py:878} INFO - 
================================================================================
DAG File Processing Stats

File Path                                   PID  Runtime      # DAGs    # Errors  Last Runtime    Last Run
----------------------------------------  -----  ---------  --------  ----------  --------------  -------------------
/opt/airflow/dags/tender_pipeline_dag.py    236  0.00s             1           0  0.09s           2026-09-15T20:33:48
================================================================================
[2026-09-15T20:34:48.529+0000] {manager.py:878} INFO - 
================================================================================
DAG File Processing Stats

File Path                                   PID  Runtime      # DAGs    # Errors  Last Runtime    Last Run
----------------------------------------  -----  ---------  --------  ----------  --------------  -------------------
/opt/airflow/dags/tender_pipeline_dag.py    241  0.00s             1           0  0.09s           2026-09-15T20:34:18
================================================================================
[2026-09-15T20:35:18.708+0000] {manager.py:878} INFO - 
================================================================================
DAG File Processing Stats

File Path                                   PID  Runtime      # DAGs    # Errors  Last Runtime    Last Run
----------------------------------------  -----  ---------  --------  ----------  --------------  -------------------
/opt/airflow/dags/tender_pipeline_dag.py    246  0.00s             1           0  0.09s           2026-09-15T20:34:48
================================================================================
[2026-09-15T20:35:48.967+0000] {manager.py:878} INFO - 
================================================================================
DAG File Processing Stats

File Path                                   PID  Runtime      # DAGs    # Errors  Last Runtime    Last Run
----------------------------------------  -----  ---------  --------  ----------  --------------  -------------------
/opt/airflow/dags/tender_pipeline_dag.py    251  0.00s             1           0  0.10s           2026-09-15T20:35:18
================================================================================
[2026-09-15T20:36:19.171+0000] {manager.py:878} INFO - 
================================================================================
DAG File Processing Stats

File Path                                   PID  Runtime      # DAGs    # Errors  Last Runtime    Last Run
----------------------------------------  -----  ---------  --------  ----------  --------------  -------------------
/opt/airflow/dags/tender_pipeline_dag.py    256  0.00s             1           0  0.09s           2026-09-15T20:35:49
================================================================================
[2026-09-15T20:36:46.376+0000] {manager.py:737} INFO - Searching for files in /opt/airflow/dags
[2026-09-15T20:36:46.414+0000] {manager.py:740} INFO - There are 1 files in /opt/airflow/dags
[2026-09-15T20:36:49.456+0000] {manager.py:878} INFO - 
================================================================================
DAG File Processing Stats

File Path                                   PID  Runtime      # DAGs    # Errors  Last Runtime    Last Run
----------------------------------------  -----  ---------  --------  ----------  --------------  -------------------
/opt/airflow/dags/tender_pipeline_dag.py    261  0.00s             1           0  0.12s           2026-09-15T20:36:19
================================================================================
[2026-09-15T20:37:19.698+0000] {manager.py:878} INFO - 
================================================================================
DAG File Processing Stats

File Path                                   PID  Runtime      # DAGs    # Errors  Last Runtime    Last Run
----------------------------------------  -----  ---------  --------  ----------  --------------  -------------------
/opt/airflow/dags/tender_pipeline_dag.py    266  0.00s             1           0  0.08s           2026-09-15T20:36:49
================================================================================
[2026-09-15T20:37:49.926+0000] {manager.py:878} INFO - 
================================================================================
DAG File Processing Stats

File Path                                   PID  Runtime      # DAGs    # Errors  Last Runtime    Last Run
----------------------------------------  -----  ---------  --------  ----------  --------------  -------------------
/opt/airflow/dags/tender_pipeline_dag.py    271  0.00s             1           0  0.10s           2026-09-15T20:37:19
================================================================================
[2026-09-15T20:38:20.248+0000] {manager.py:878} INFO - 
================================================================================
DAG File Processing Stats

File Path                                   PID  Runtime      # DAGs    # Errors  Last Runtime    Last Run
----------------------------------------  -----  ---------  --------  ----------  --------------  -------------------
/opt/airflow/dags/tender_pipeline_dag.py    276  0.00s             1           0  0.12s           2026-09-15T20:37:50
================================================================================
[2026-09-15T20:38:50.436+0000] {manager.py:878} INFO - 
================================================================================
DAG File Processing Stats

File Path                                 PID    Runtime      # DAGs    # Errors  Last Runtime    Last Run
----------------------------------------  -----  ---------  --------  ----------  --------------  -------------------
/opt/airflow/dags/tender_pipeline_dag.py                           1           0  0.28s           2026-09-15T20:38:20
================================================================================
[2026-09-15T20:39:20.957+0000] {manager.py:878} INFO - 
================================================================================
DAG File Processing Stats

File Path                                   PID  Runtime      # DAGs    # Errors  Last Runtime    Last Run
----------------------------------------  -----  ---------  --------  ----------  --------------  -------------------
/opt/airflow/dags/tender_pipeline_dag.py    286  0.00s             1           0  0.14s           2026-09-15T20:38:50
================================================================================
[2026-09-15T20:39:51.302+0000] {manager.py:878} INFO - 
================================================================================
DAG File Processing Stats

File Path                                   PID  Runtime      # DAGs    # Errors  Last Runtime    Last Run
----------------------------------------  -----  ---------  --------  ----------  --------------  -------------------
/opt/airflow/dags/tender_pipeline_dag.py    291  0.00s             1           0  0.10s           2026-09-15T20:39:21
================================================================================
[2026-09-15T20:40:21.623+0000] {manager.py:878} INFO - 
================================================================================
DAG File Processing Stats

File Path                                   PID  Runtime      # DAGs    # Errors  Last Runtime    Last Run
----------------------------------------  -----  ---------  --------  ----------  --------------  -------------------
/opt/airflow/dags/tender_pipeline_dag.py    296  0.00s             1           0  0.12s           2026-09-15T20:39:51
================================================================================
[2026-09-15T20:40:51.886+0000] {manager.py:878} INFO - 
================================================================================
DAG File Processing Stats

File Path                                   PID  Runtime      # DAGs    # Errors  Last Runtime    Last Run
----------------------------------------  -----  ---------  --------  ----------  --------------  -------------------
/opt/airflow/dags/tender_pipeline_dag.py    301  0.00s             1           0  0.10s           2026-09-15T20:40:21
================================================================================
[2026-09-15T20:41:22.649+0000] {manager.py:878} INFO - 
================================================================================
DAG File Processing Stats

File Path                                   PID  Runtime      # DAGs    # Errors  Last Runtime    Last Run
----------------------------------------  -----  ---------  --------  ----------  --------------  -------------------
/opt/airflow/dags/tender_pipeline_dag.py    306  0.10s             1           0  0.19s           2026-09-15T20:40:52
================================================================================
[2026-09-15T20:41:46.959+0000] {manager.py:737} INFO - Searching for files in /opt/airflow/dags
[2026-09-15T20:41:47.023+0000] {manager.py:740} INFO - There are 1 files in /opt/airflow/dags
[2026-09-15T20:41:53.094+0000] {manager.py:878} INFO - 
================================================================================
DAG File Processing Stats

File Path                                 PID    Runtime      # DAGs    # Errors  Last Runtime    Last Run
----------------------------------------  -----  ---------  --------  ----------  --------------  -------------------
/opt/airflow/dags/tender_pipeline_dag.py                           1           0  1.00s           2026-09-15T20:41:23
================================================================================
[2026-09-15T20:42:23.757+0000] {manager.py:878} INFO - 
================================================================================
DAG File Processing Stats

File Path                                   PID  Runtime      # DAGs    # Errors  Last Runtime    Last Run
----------------------------------------  -----  ---------  --------  ----------  --------------  -------------------
/opt/airflow/dags/tender_pipeline_dag.py    316  0.00s             1           0  0.21s           2026-09-15T20:41:53
================================================================================
[2026-09-15T20:42:54.257+0000] {manager.py:878} INFO - 
================================================================================
DAG File Processing Stats

File Path                                   PID  Runtime      # DAGs    # Errors  Last Runtime    Last Run
----------------------------------------  -----  ---------  --------  ----------  --------------  -------------------
/opt/airflow/dags/tender_pipeline_dag.py    321  0.00s             1           0  0.21s           2026-09-15T20:42:23
================================================================================
[2026-09-15T20:43:24.611+0000] {manager.py:878} INFO - 
================================================================================
DAG File Processing Stats

File Path                                   PID  Runtime      # DAGs    # Errors  Last Runtime    Last Run
----------------------------------------  -----  ---------  --------  ----------  --------------  -------------------
/opt/airflow/dags/tender_pipeline_dag.py    326  0.00s             1           0  0.15s           2026-09-15T20:42:54
================================================================================
[2026-09-15T20:43:54.996+0000] {manager.py:878} INFO - 
================================================================================
DAG File Processing Stats

File Path                                   PID  Runtime      # DAGs    # Errors  Last Runtime    Last Run
----------------------------------------  -----  ---------  --------  ----------  --------------  -------------------
/opt/airflow/dags/tender_pipeline_dag.py    331  0.01s             1           0  0.24s           2026-09-15T20:43:24
================================================================================
[2026-09-15T20:44:25.202+0000] {manager.py:878} INFO - 
================================================================================
DAG File Processing Stats

File Path                                   PID  Runtime      # DAGs    # Errors  Last Runtime    Last Run
----------------------------------------  -----  ---------  --------  ----------  --------------  -------------------
/opt/airflow/dags/tender_pipeline_dag.py    336  0.00s             1           0  0.15s           2026-09-15T20:43:55
================================================================================
[2026-09-15T20:44:55.540+0000] {manager.py:878} INFO - 
================================================================================
DAG File Processing Stats

File Path                                   PID  Runtime      # DAGs    # Errors  Last Runtime    Last Run
----------------------------------------  -----  ---------  --------  ----------  --------------  -------------------
/opt/airflow/dags/tender_pipeline_dag.py    341  0.00s             1           0  0.16s           2026-09-15T20:44:25
================================================================================
[2026-09-15T20:45:25.838+0000] {manager.py:878} INFO - 
================================================================================
DAG File Processing Stats

File Path                                   PID  Runtime      # DAGs    # Errors  Last Runtime    Last Run
----------------------------------------  -----  ---------  --------  ----------  --------------  -------------------
/opt/airflow/dags/tender_pipeline_dag.py    346  0.00s             1           0  0.10s           2026-09-15T20:44:55
================================================================================
[2026-09-15T20:45:56.221+0000] {manager.py:878} INFO - 
================================================================================
DAG File Processing Stats

File Path                                   PID  Runtime      # DAGs    # Errors  Last Runtime    Last Run
----------------------------------------  -----  ---------  --------  ----------  --------------  -------------------
/opt/airflow/dags/tender_pipeline_dag.py    351  0.01s             1           0  0.29s           2026-09-15T20:45:26
================================================================================
[2026-09-15T20:46:26.563+0000] {manager.py:878} INFO - 
================================================================================
DAG File Processing Stats

File Path                                   PID  Runtime      # DAGs    # Errors  Last Runtime    Last Run
----------------------------------------  -----  ---------  --------  ----------  --------------  -------------------
/opt/airflow/dags/tender_pipeline_dag.py    356  0.00s             1           0  0.17s           2026-09-15T20:45:56
================================================================================
[2026-09-15T20:46:46.961+0000] {manager.py:737} INFO - Searching for files in /opt/airflow/dags
[2026-09-15T20:46:47.026+0000] {manager.py:740} INFO - There are 1 files in /opt/airflow/dags
[2026-09-15T20:46:56.960+0000] {manager.py:878} INFO - 
================================================================================
DAG File Processing Stats

File Path                                   PID  Runtime      # DAGs    # Errors  Last Runtime    Last Run
----------------------------------------  -----  ---------  --------  ----------  --------------  -------------------
/opt/airflow/dags/tender_pipeline_dag.py    361  0.00s             1           0  0.22s           2026-09-15T20:46:26
================================================================================
[2026-09-15T20:47:27.261+0000] {manager.py:878} INFO - 
================================================================================
DAG File Processing Stats

File Path                                   PID  Runtime      # DAGs    # Errors  Last Runtime    Last Run
----------------------------------------  -----  ---------  --------  ----------  --------------  -------------------
/opt/airflow/dags/tender_pipeline_dag.py    366  0.00s             1           0  0.13s           2026-09-15T20:46:57
================================================================================
[2026-09-15T20:47:57.680+0000] {manager.py:878} INFO - 
================================================================================
DAG File Processing Stats

File Path                                   PID  Runtime      # DAGs    # Errors  Last Runtime    Last Run
----------------------------------------  -----  ---------  --------  ----------  --------------  -------------------
/opt/airflow/dags/tender_pipeline_dag.py    371  0.00s             1           0  0.14s           2026-09-15T20:47:27
================================================================================
[2026-09-15T20:48:28.021+0000] {manager.py:878} INFO - 
================================================================================
DAG File Processing Stats

File Path                                   PID  Runtime      # DAGs    # Errors  Last Runtime    Last Run
----------------------------------------  -----  ---------  --------  ----------  --------------  -------------------
/opt/airflow/dags/tender_pipeline_dag.py    376  0.00s             1           0  0.26s           2026-09-15T20:47:57
================================================================================
[2026-09-15T20:48:58.589+0000] {manager.py:878} INFO - 
================================================================================
DAG File Processing Stats

File Path                                   PID  Runtime      # DAGs    # Errors  Last Runtime    Last Run
----------------------------------------  -----  ---------  --------  ----------  --------------  -------------------
/opt/airflow/dags/tender_pipeline_dag.py    381  0.00s             1           0  0.31s           2026-09-15T20:48:28
================================================================================
[2026-09-15T20:49:29.017+0000] {manager.py:878} INFO - 
================================================================================
DAG File Processing Stats

File Path                                   PID  Runtime      # DAGs    # Errors  Last Runtime    Last Run
----------------------------------------  -----  ---------  --------  ----------  --------------  -------------------
/opt/airflow/dags/tender_pipeline_dag.py    386  0.00s             1           0  0.17s           2026-09-15T20:48:58
================================================================================
[2026-09-15T20:49:59.474+0000] {manager.py:878} INFO - 
================================================================================
DAG File Processing Stats

File Path                                   PID  Runtime      # DAGs    # Errors  Last Runtime    Last Run
----------------------------------------  -----  ---------  --------  ----------  --------------  -------------------
/opt/airflow/dags/tender_pipeline_dag.py    391  0.00s             1           0  0.21s           2026-09-15T20:49:29
================================================================================
[2026-09-15T20:50:29.847+0000] {manager.py:878} INFO - 
================================================================================
DAG File Processing Stats

File Path                                   PID  Runtime      # DAGs    # Errors  Last Runtime    Last Run
----------------------------------------  -----  ---------  --------  ----------  --------------  -------------------
/opt/airflow/dags/tender_pipeline_dag.py    396  0.00s             1           0  0.24s           2026-09-15T20:49:59
================================================================================
[2026-09-15T20:51:00.358+0000] {manager.py:878} INFO - 
================================================================================
DAG File Processing Stats

File Path                                   PID  Runtime      # DAGs    # Errors  Last Runtime    Last Run
----------------------------------------  -----  ---------  --------  ----------  --------------  -------------------
/opt/airflow/dags/tender_pipeline_dag.py    401  0.00s             1           0  0.22s           2026-09-15T20:50:30
================================================================================
[2026-09-15T20:51:30.701+0000] {manager.py:878} INFO - 
================================================================================
DAG File Processing Stats

File Path                                   PID  Runtime      # DAGs    # Errors  Last Runtime    Last Run
----------------------------------------  -----  ---------  --------  ----------  --------------  -------------------
/opt/airflow/dags/tender_pipeline_dag.py    406  0.00s             1           0  0.15s           2026-09-15T20:51:00
================================================================================
[2026-09-15T20:51:46.985+0000] {manager.py:737} INFO - Searching for files in /opt/airflow/dags
[2026-09-15T20:51:47.056+0000] {manager.py:740} INFO - There are 1 files in /opt/airflow/dags
[2026-09-15T20:52:01.226+0000] {manager.py:878} INFO - 
================================================================================
DAG File Processing Stats

File Path                                   PID  Runtime      # DAGs    # Errors  Last Runtime    Last Run
----------------------------------------  -----  ---------  --------  ----------  --------------  -------------------
/opt/airflow/dags/tender_pipeline_dag.py    411  0.00s             1           0  0.23s           2026-09-15T20:51:30
================================================================================
[2026-09-15T20:52:31.607+0000] {manager.py:878} INFO - 
================================================================================
DAG File Processing Stats

File Path                                   PID  Runtime      # DAGs    # Errors  Last Runtime    Last Run
----------------------------------------  -----  ---------  --------  ----------  --------------  -------------------
/opt/airflow/dags/tender_pipeline_dag.py    416  0.01s             1           0  0.29s           2026-09-15T20:52:01
================================================================================
[2026-09-15T20:53:02.218+0000] {manager.py:878} INFO - 
================================================================================
DAG File Processing Stats

File Path                                   PID  Runtime      # DAGs    # Errors  Last Runtime    Last Run
----------------------------------------  -----  ---------  --------  ----------  --------------  -------------------
/opt/airflow/dags/tender_pipeline_dag.py    421  0.00s             1           0  0.31s           2026-09-15T20:52:31
================================================================================
[2026-09-15T20:53:32.619+0000] {manager.py:878} INFO - 
================================================================================
DAG File Processing Stats

File Path                                   PID  Runtime      # DAGs    # Errors  Last Runtime    Last Run
----------------------------------------  -----  ---------  --------  ----------  --------------  -------------------
/opt/airflow/dags/tender_pipeline_dag.py    426  0.00s             1           0  0.29s           2026-09-15T20:53:02
================================================================================
[2026-09-15T20:54:03.037+0000] {manager.py:878} INFO - 
================================================================================
DAG File Processing Stats

File Path                                   PID  Runtime      # DAGs    # Errors  Last Runtime    Last Run
----------------------------------------  -----  ---------  --------  ----------  --------------  -------------------
/opt/airflow/dags/tender_pipeline_dag.py    431  0.00s             1           0  0.30s           2026-09-15T20:53:32
================================================================================
[2026-09-15T20:54:33.515+0000] {manager.py:878} INFO - 
================================================================================
DAG File Processing Stats

File Path                                   PID  Runtime      # DAGs    # Errors  Last Runtime    Last Run
----------------------------------------  -----  ---------  --------  ----------  --------------  -------------------
/opt/airflow/dags/tender_pipeline_dag.py    436  0.00s             1           0  0.22s           2026-09-15T20:54:03
================================================================================
[2026-09-15T20:55:03.796+0000] {manager.py:878} INFO - 
================================================================================
DAG File Processing Stats

File Path                                   PID  Runtime      # DAGs    # Errors  Last Runtime    Last Run
----------------------------------------  -----  ---------  --------  ----------  --------------  -------------------
/opt/airflow/dags/tender_pipeline_dag.py    441  0.00s             1           0  0.16s           2026-09-15T20:54:33
================================================================================
[2026-09-15T20:55:34.202+0000] {manager.py:878} INFO - 
================================================================================
DAG File Processing Stats

File Path                                   PID  Runtime      # DAGs    # Errors  Last Runtime    Last Run
----------------------------------------  -----  ---------  --------  ----------  --------------  -------------------
/opt/airflow/dags/tender_pipeline_dag.py    446  0.00s             1           0  0.11s           2026-09-15T20:55:03
================================================================================
[2026-09-15T20:56:04.490+0000] {manager.py:878} INFO - 
================================================================================
DAG File Processing Stats

File Path                                   PID  Runtime      # DAGs    # Errors  Last Runtime    Last Run
----------------------------------------  -----  ---------  --------  ----------  --------------  -------------------
/opt/airflow/dags/tender_pipeline_dag.py    451  0.00s             1           0  0.08s           2026-09-15T20:55:34
================================================================================
[2026-09-15T20:56:34.805+0000] {manager.py:878} INFO - 
================================================================================
DAG File Processing Stats

File Path                                   PID  Runtime      # DAGs    # Errors  Last Runtime    Last Run
----------------------------------------  -----  ---------  --------  ----------  --------------  -------------------
/opt/airflow/dags/tender_pipeline_dag.py    456  0.00s             1           0  0.09s           2026-09-15T20:56:04
================================================================================
[2026-09-15T20:56:47.180+0000] {manager.py:737} INFO - Searching for files in /opt/airflow/dags
[2026-09-15T20:56:47.202+0000] {manager.py:740} INFO - There are 1 files in /opt/airflow/dags
[2026-09-15T20:57:05.074+0000] {manager.py:878} INFO - 
================================================================================
DAG File Processing Stats

File Path                                 PID    Runtime      # DAGs    # Errors  Last Runtime    Last Run
----------------------------------------  -----  ---------  --------  ----------  --------------  -------------------
/opt/airflow/dags/tender_pipeline_dag.py                           1           0  0.30s           2026-09-15T20:56:35
================================================================================
[2026-09-15T20:57:35.590+0000] {manager.py:878} INFO - 
================================================================================
DAG File Processing Stats

File Path                                   PID  Runtime      # DAGs    # Errors  Last Runtime    Last Run
----------------------------------------  -----  ---------  --------  ----------  --------------  -------------------
/opt/airflow/dags/tender_pipeline_dag.py    466  0.00s             1           0  0.09s           2026-09-15T20:57:05
================================================================================
[2026-09-15T20:58:05.941+0000] {manager.py:878} INFO - 
================================================================================
DAG File Processing Stats

File Path                                   PID  Runtime      # DAGs    # Errors  Last Runtime    Last Run
----------------------------------------  -----  ---------  --------  ----------  --------------  -------------------
/opt/airflow/dags/tender_pipeline_dag.py    471  0.00s             1           0  0.10s           2026-09-15T20:57:35
================================================================================
[2026-09-15T20:58:36.300+0000] {manager.py:878} INFO - 
================================================================================
DAG File Processing Stats

File Path                                   PID  Runtime      # DAGs    # Errors  Last Runtime    Last Run
----------------------------------------  -----  ---------  --------  ----------  --------------  -------------------
/opt/airflow/dags/tender_pipeline_dag.py    476  0.00s             1           0  0.08s           2026-09-15T20:58:06
================================================================================
[2026-09-15T20:59:06.570+0000] {manager.py:878} INFO - 
================================================================================
DAG File Processing Stats

File Path                                 PID    Runtime      # DAGs    # Errors  Last Runtime    Last Run
----------------------------------------  -----  ---------  --------  ----------  --------------  -------------------
/opt/airflow/dags/tender_pipeline_dag.py                           1           0  0.32s           2026-09-15T20:58:36
================================================================================
[2026-09-15T20:59:37.131+0000] {manager.py:878} INFO - 
================================================================================
DAG File Processing Stats

File Path                                   PID  Runtime      # DAGs    # Errors  Last Runtime    Last Run
----------------------------------------  -----  ---------  --------  ----------  --------------  -------------------
/opt/airflow/dags/tender_pipeline_dag.py    486  0.00s             1           0  0.08s           2026-09-15T20:59:06
================================================================================
[2026-09-15T21:00:07.460+0000] {manager.py:878} INFO - 
================================================================================
DAG File Processing Stats

File Path                                   PID  Runtime      # DAGs    # Errors  Last Runtime    Last Run
----------------------------------------  -----  ---------  --------  ----------  --------------  -------------------
/opt/airflow/dags/tender_pipeline_dag.py    491  0.00s             1           0  0.24s           2026-09-15T20:59:37
================================================================================
[2026-09-15T21:00:37.862+0000] {manager.py:878} INFO - 
================================================================================
DAG File Processing Stats

File Path                                   PID  Runtime      # DAGs    # Errors  Last Runtime    Last Run
----------------------------------------  -----  ---------  --------  ----------  --------------  -------------------
/opt/airflow/dags/tender_pipeline_dag.py    496  0.00s             1           0  0.28s           2026-09-15T21:00:07
================================================================================
[2026-09-15T21:01:08.277+0000] {manager.py:878} INFO - 
================================================================================
DAG File Processing Stats

File Path                                   PID  Runtime      # DAGs    # Errors  Last Runtime    Last Run
----------------------------------------  -----  ---------  --------  ----------  --------------  -------------------
/opt/airflow/dags/tender_pipeline_dag.py    501  0.00s             1           0  0.20s           2026-09-15T21:00:38
================================================================================
[2026-09-15T21:01:38.586+0000] {manager.py:878} INFO - 
================================================================================
DAG File Processing Stats

File Path                                   PID  Runtime      # DAGs    # Errors  Last Runtime    Last Run
----------------------------------------  -----  ---------  --------  ----------  --------------  -------------------
/opt/airflow/dags/tender_pipeline_dag.py    506  0.00s             1           0  0.09s           2026-09-15T21:01:08
================================================================================
[2026-09-15T21:01:47.683+0000] {manager.py:737} INFO - Searching for files in /opt/airflow/dags
[2026-09-15T21:01:47.705+0000] {manager.py:740} INFO - There are 1 files in /opt/airflow/dags
[2026-09-15T21:02:08.924+0000] {manager.py:878} INFO - 
================================================================================
DAG File Processing Stats

File Path                                   PID  Runtime      # DAGs    # Errors  Last Runtime    Last Run
----------------------------------------  -----  ---------  --------  ----------  --------------  -------------------
/opt/airflow/dags/tender_pipeline_dag.py    511  0.00s             1           0  0.09s           2026-09-15T21:01:38
================================================================================
[2026-09-15T21:02:39.194+0000] {manager.py:878} INFO - 
================================================================================
DAG File Processing Stats

File Path                                   PID  Runtime      # DAGs    # Errors  Last Runtime    Last Run
----------------------------------------  -----  ---------  --------  ----------  --------------  -------------------
/opt/airflow/dags/tender_pipeline_dag.py    516  0.00s             1           0  0.09s           2026-09-15T21:02:09
================================================================================
[2026-09-15T21:03:09.599+0000] {manager.py:878} INFO - 
================================================================================
DAG File Processing Stats

File Path                                   PID  Runtime      # DAGs    # Errors  Last Runtime    Last Run
----------------------------------------  -----  ---------  --------  ----------  --------------  -------------------
/opt/airflow/dags/tender_pipeline_dag.py    521  0.00s             1           0  0.09s           2026-09-15T21:02:39
================================================================================
[2026-09-15T21:03:39.925+0000] {manager.py:878} INFO - 
================================================================================
DAG File Processing Stats

File Path                                   PID  Runtime      # DAGs    # Errors  Last Runtime    Last Run
----------------------------------------  -----  ---------  --------  ----------  --------------  -------------------
/opt/airflow/dags/tender_pipeline_dag.py    526  0.00s             1           0  0.18s           2026-09-15T21:03:09
================================================================================
[2026-09-15T21:04:10.330+0000] {manager.py:878} INFO - 
================================================================================
DAG File Processing Stats

File Path                                   PID  Runtime      # DAGs    # Errors  Last Runtime    Last Run
----------------------------------------  -----  ---------  --------  ----------  --------------  -------------------
/opt/airflow/dags/tender_pipeline_dag.py    531  0.00s             1           0  0.19s           2026-09-15T21:03:40
================================================================================
[2026-09-15T21:04:40.612+0000] {manager.py:878} INFO - 
================================================================================
DAG File Processing Stats

File Path                                   PID  Runtime      # DAGs    # Errors  Last Runtime    Last Run
----------------------------------------  -----  ---------  --------  ----------  --------------  -------------------
/opt/airflow/dags/tender_pipeline_dag.py    536  0.00s             1           0  0.17s           2026-09-15T21:04:10
================================================================================
[2026-09-15T21:05:11.013+0000] {manager.py:878} INFO - 
================================================================================
DAG File Processing Stats

File Path                                   PID  Runtime      # DAGs    # Errors  Last Runtime    Last Run
----------------------------------------  -----  ---------  --------  ----------  --------------  -------------------
/opt/airflow/dags/tender_pipeline_dag.py    541  0.00s             1           0  0.14s           2026-09-15T21:04:40
================================================================================
[2026-09-15T21:05:41.287+0000] {manager.py:878} INFO - 
================================================================================
DAG File Processing Stats

File Path                                   PID  Runtime      # DAGs    # Errors  Last Runtime    Last Run
----------------------------------------  -----  ---------  --------  ----------  --------------  -------------------
/opt/airflow/dags/tender_pipeline_dag.py    546  0.00s             1           0  0.10s           2026-09-15T21:05:11
================================================================================
[2026-09-15T21:06:11.600+0000] {manager.py:878} INFO - 
================================================================================
DAG File Processing Stats

File Path                                   PID  Runtime      # DAGs    # Errors  Last Runtime    Last Run
----------------------------------------  -----  ---------  --------  ----------  --------------  -------------------
/opt/airflow/dags/tender_pipeline_dag.py    551  0.00s             1           0  0.08s           2026-09-15T21:05:41
================================================================================
[2026-09-15T21:06:41.936+0000] {manager.py:878} INFO - 
================================================================================
DAG File Processing Stats

File Path                                   PID  Runtime      # DAGs    # Errors  Last Runtime    Last Run
----------------------------------------  -----  ---------  --------  ----------  --------------  -------------------
/opt/airflow/dags/tender_pipeline_dag.py    556  0.00s             1           0  0.09s           2026-09-15T21:06:11
================================================================================
[2026-09-15T21:06:48.007+0000] {manager.py:737} INFO - Searching for files in /opt/airflow/dags
[2026-09-15T21:06:48.022+0000] {manager.py:740} INFO - There are 1 files in /opt/airflow/dags
[2026-09-15T21:07:12.290+0000] {manager.py:878} INFO - 
================================================================================
DAG File Processing Stats

File Path                                   PID  Runtime      # DAGs    # Errors  Last Runtime    Last Run
----------------------------------------  -----  ---------  --------  ----------  --------------  -------------------
/opt/airflow/dags/tender_pipeline_dag.py    561  0.00s             1           0  0.14s           2026-09-15T21:06:42
================================================================================
[2026-09-15T21:07:42.571+0000] {manager.py:878} INFO - 
================================================================================
DAG File Processing Stats

File Path                                   PID  Runtime      # DAGs    # Errors  Last Runtime    Last Run
----------------------------------------  -----  ---------  --------  ----------  --------------  -------------------
/opt/airflow/dags/tender_pipeline_dag.py    566  0.00s             1           0  0.08s           2026-09-15T21:07:12
================================================================================
[2026-09-15T21:08:12.801+0000] {manager.py:878} INFO - 
================================================================================
DAG File Processing Stats

File Path                                   PID  Runtime      # DAGs    # Errors  Last Runtime    Last Run
----------------------------------------  -----  ---------  --------  ----------  --------------  -------------------
/opt/airflow/dags/tender_pipeline_dag.py    571  0.00s             1           0  0.13s           2026-09-15T21:07:42
================================================================================
[2026-09-15T21:08:43.010+0000] {manager.py:878} INFO - 
================================================================================
DAG File Processing Stats

File Path                                 PID    Runtime      # DAGs    # Errors  Last Runtime    Last Run
----------------------------------------  -----  ---------  --------  ----------  --------------  -------------------
/opt/airflow/dags/tender_pipeline_dag.py                           1           0  0.24s           2026-09-15T21:08:13
================================================================================
[2026-09-15T21:09:13.387+0000] {manager.py:878} INFO - 
================================================================================
DAG File Processing Stats

File Path                                   PID  Runtime      # DAGs    # Errors  Last Runtime    Last Run
----------------------------------------  -----  ---------  --------  ----------  --------------  -------------------
/opt/airflow/dags/tender_pipeline_dag.py    581  0.00s             1           0  0.10s           2026-09-15T21:08:43
================================================================================
[2026-09-15T21:09:43.634+0000] {manager.py:878} INFO - 
================================================================================
DAG File Processing Stats

File Path                                   PID  Runtime      # DAGs    # Errors  Last Runtime    Last Run
----------------------------------------  -----  ---------  --------  ----------  --------------  -------------------
/opt/airflow/dags/tender_pipeline_dag.py    586  0.00s             1           0  0.10s           2026-09-15T21:09:13
================================================================================
[2026-09-15T21:10:13.819+0000] {manager.py:878} INFO - 
================================================================================
DAG File Processing Stats

File Path                                   PID  Runtime      # DAGs    # Errors  Last Runtime    Last Run
----------------------------------------  -----  ---------  --------  ----------  --------------  -------------------
/opt/airflow/dags/tender_pipeline_dag.py    591  0.00s             1           0  0.10s           2026-09-15T21:09:43
================================================================================
[2026-09-15T21:10:44.061+0000] {manager.py:878} INFO - 
================================================================================
DAG File Processing Stats

File Path                                   PID  Runtime      # DAGs    # Errors  Last Runtime    Last Run
----------------------------------------  -----  ---------  --------  ----------  --------------  -------------------
/opt/airflow/dags/tender_pipeline_dag.py    596  0.00s             1           0  0.10s           2026-09-15T21:10:13
================================================================================
[2026-09-15T21:11:14.245+0000] {manager.py:878} INFO - 
================================================================================
DAG File Processing Stats

File Path                                   PID  Runtime      # DAGs    # Errors  Last Runtime    Last Run
----------------------------------------  -----  ---------  --------  ----------  --------------  -------------------
/opt/airflow/dags/tender_pipeline_dag.py    601  0.00s             1           0  0.11s           2026-09-15T21:10:44
================================================================================
[2026-09-15T21:11:44.510+0000] {manager.py:878} INFO - 
================================================================================
DAG File Processing Stats

File Path                                   PID  Runtime      # DAGs    # Errors  Last Runtime    Last Run
----------------------------------------  -----  ---------  --------  ----------  --------------  -------------------
/opt/airflow/dags/tender_pipeline_dag.py    606  0.00s             1           0  0.09s           2026-09-15T21:11:14
================================================================================
[2026-09-15T21:11:48.534+0000] {manager.py:737} INFO - Searching for files in /opt/airflow/dags
[2026-09-15T21:11:48.573+0000] {manager.py:740} INFO - There are 1 files in /opt/airflow/dags
[2026-09-15T21:12:14.722+0000] {manager.py:878} INFO - 
================================================================================
DAG File Processing Stats

File Path                                   PID  Runtime      # DAGs    # Errors  Last Runtime    Last Run
----------------------------------------  -----  ---------  --------  ----------  --------------  -------------------
/opt/airflow/dags/tender_pipeline_dag.py    611  0.00s             1           0  0.09s           2026-09-15T21:11:44
================================================================================
[2026-09-15T21:12:44.939+0000] {manager.py:878} INFO - 
================================================================================
DAG File Processing Stats

File Path                                   PID  Runtime      # DAGs    # Errors  Last Runtime    Last Run
----------------------------------------  -----  ---------  --------  ----------  --------------  -------------------
/opt/airflow/dags/tender_pipeline_dag.py    616  0.00s             1           0  0.09s           2026-09-15T21:12:14
================================================================================
[2026-09-15T21:13:15.141+0000] {manager.py:878} INFO - 
================================================================================
DAG File Processing Stats

File Path                                   PID  Runtime      # DAGs    # Errors  Last Runtime    Last Run
----------------------------------------  -----  ---------  --------  ----------  --------------  -------------------
/opt/airflow/dags/tender_pipeline_dag.py    621  0.00s             1           0  0.15s           2026-09-15T21:12:45
================================================================================
[2026-09-15T21:13:45.351+0000] {manager.py:878} INFO - 
================================================================================
DAG File Processing Stats

File Path                                   PID  Runtime      # DAGs    # Errors  Last Runtime    Last Run
----------------------------------------  -----  ---------  --------  ----------  --------------  -------------------
/opt/airflow/dags/tender_pipeline_dag.py    626  0.00s             1           0  0.10s           2026-09-15T21:13:15
================================================================================
[2026-09-15T21:14:15.549+0000] {manager.py:878} INFO - 
================================================================================
DAG File Processing Stats

File Path                                   PID  Runtime      # DAGs    # Errors  Last Runtime    Last Run
----------------------------------------  -----  ---------  --------  ----------  --------------  -------------------
/opt/airflow/dags/tender_pipeline_dag.py    631  0.00s             1           0  0.09s           2026-09-15T21:13:45
================================================================================
[2026-09-15T21:14:45.807+0000] {manager.py:878} INFO - 
================================================================================
DAG File Processing Stats

File Path                                   PID  Runtime      # DAGs    # Errors  Last Runtime    Last Run
----------------------------------------  -----  ---------  --------  ----------  --------------  -------------------
/opt/airflow/dags/tender_pipeline_dag.py    636  0.00s             1           0  0.09s           2026-09-15T21:14:15
================================================================================
[2026-09-15T21:15:16.026+0000] {manager.py:878} INFO - 
================================================================================
DAG File Processing Stats

File Path                                 PID    Runtime      # DAGs    # Errors  Last Runtime    Last Run
----------------------------------------  -----  ---------  --------  ----------  --------------  -------------------
/opt/airflow/dags/tender_pipeline_dag.py                           1           0  0.22s           2026-09-15T21:14:46
================================================================================
[2026-09-15T21:15:46.529+0000] {manager.py:878} INFO - 
================================================================================
DAG File Processing Stats

File Path                                   PID  Runtime      # DAGs    # Errors  Last Runtime    Last Run
----------------------------------------  -----  ---------  --------  ----------  --------------  -------------------
/opt/airflow/dags/tender_pipeline_dag.py    646  0.00s             1           0  0.18s           2026-09-15T21:15:16
================================================================================
[2026-09-15T21:16:16.729+0000] {manager.py:878} INFO - 
================================================================================
DAG File Processing Stats

File Path                                   PID  Runtime      # DAGs    # Errors  Last Runtime    Last Run
----------------------------------------  -----  ---------  --------  ----------  --------------  -------------------
/opt/airflow/dags/tender_pipeline_dag.py    651  0.00s             1           0  0.15s           2026-09-15T21:15:46
================================================================================
[2026-09-15T21:16:46.993+0000] {manager.py:878} INFO - 
================================================================================
DAG File Processing Stats

File Path                                   PID  Runtime      # DAGs    # Errors  Last Runtime    Last Run
----------------------------------------  -----  ---------  --------  ----------  --------------  -------------------
/opt/airflow/dags/tender_pipeline_dag.py    656  0.00s             1           0  0.12s           2026-09-15T21:16:16
================================================================================
[2026-09-15T21:16:49.009+0000] {manager.py:737} INFO - Searching for files in /opt/airflow/dags
[2026-09-15T21:16:49.075+0000] {manager.py:740} INFO - There are 1 files in /opt/airflow/dags
[2026-09-15T21:17:17.277+0000] {manager.py:878} INFO - 
================================================================================
DAG File Processing Stats

File Path                                   PID  Runtime      # DAGs    # Errors  Last Runtime    Last Run
----------------------------------------  -----  ---------  --------  ----------  --------------  -------------------
/opt/airflow/dags/tender_pipeline_dag.py    661  0.00s             1           0  0.27s           2026-09-15T21:16:47
================================================================================
[2026-09-15T21:17:47.447+0000] {manager.py:878} INFO - 
================================================================================
DAG File Processing Stats

File Path                                   PID  Runtime      # DAGs    # Errors  Last Runtime    Last Run
----------------------------------------  -----  ---------  --------  ----------  --------------  -------------------
/opt/airflow/dags/tender_pipeline_dag.py    666  0.00s             1           0  0.10s           2026-09-15T21:17:17
================================================================================
[2026-09-15T21:18:17.683+0000] {manager.py:878} INFO - 
================================================================================
DAG File Processing Stats

File Path                                   PID  Runtime      # DAGs    # Errors  Last Runtime    Last Run
----------------------------------------  -----  ---------  --------  ----------  --------------  -------------------
/opt/airflow/dags/tender_pipeline_dag.py    671  0.00s             1           0  0.09s           2026-09-15T21:17:47
================================================================================
[2026-09-15T21:18:47.888+0000] {manager.py:878} INFO - 
================================================================================
DAG File Processing Stats

File Path                                   PID  Runtime      # DAGs    # Errors  Last Runtime    Last Run
----------------------------------------  -----  ---------  --------  ----------  --------------  -------------------
/opt/airflow/dags/tender_pipeline_dag.py    676  0.00s             1           0  0.12s           2026-09-15T21:18:17
================================================================================
[2026-09-15T21:19:18.152+0000] {manager.py:878} INFO - 
================================================================================
DAG File Processing Stats

File Path                                   PID  Runtime      # DAGs    # Errors  Last Runtime    Last Run
----------------------------------------  -----  ---------  --------  ----------  --------------  -------------------
/opt/airflow/dags/tender_pipeline_dag.py    681  0.00s             1           0  0.09s           2026-09-15T21:18:47
================================================================================
[2026-09-15T21:19:48.338+0000] {manager.py:878} INFO - 
================================================================================
DAG File Processing Stats

File Path                                   PID  Runtime      # DAGs    # Errors  Last Runtime    Last Run
----------------------------------------  -----  ---------  --------  ----------  --------------  -------------------
/opt/airflow/dags/tender_pipeline_dag.py    686  0.00s             1           0  0.11s           2026-09-15T21:19:18
================================================================================
[2026-09-15T21:20:18.604+0000] {manager.py:878} INFO - 
================================================================================
DAG File Processing Stats

File Path                                   PID  Runtime      # DAGs    # Errors  Last Runtime    Last Run
----------------------------------------  -----  ---------  --------  ----------  --------------  -------------------
/opt/airflow/dags/tender_pipeline_dag.py    691  0.00s             1           0  0.10s           2026-09-15T21:19:48
================================================================================
[2026-09-15T21:20:48.798+0000] {manager.py:878} INFO - 
================================================================================
DAG File Processing Stats

File Path                                   PID  Runtime      # DAGs    # Errors  Last Runtime    Last Run
----------------------------------------  -----  ---------  --------  ----------  --------------  -------------------
/opt/airflow/dags/tender_pipeline_dag.py    696  0.00s             1           0  0.14s           2026-09-15T21:20:18
================================================================================
[2026-09-15T21:21:19.098+0000] {manager.py:878} INFO - 
================================================================================
DAG File Processing Stats

File Path                                   PID  Runtime      # DAGs    # Errors  Last Runtime    Last Run
----------------------------------------  -----  ---------  --------  ----------  --------------  -------------------
/opt/airflow/dags/tender_pipeline_dag.py    701  0.00s             1           0  0.14s           2026-09-15T21:20:48
================================================================================
[2026-09-15T21:21:49.261+0000] {manager.py:737} INFO - Searching for files in /opt/airflow/dags
[2026-09-15T21:21:49.311+0000] {manager.py:740} INFO - There are 1 files in /opt/airflow/dags
[2026-09-15T21:21:49.341+0000] {manager.py:878} INFO - 
================================================================================
DAG File Processing Stats

File Path                                   PID  Runtime      # DAGs    # Errors  Last Runtime    Last Run
----------------------------------------  -----  ---------  --------  ----------  --------------  -------------------
/opt/airflow/dags/tender_pipeline_dag.py    706  0.00s             1           0  0.16s           2026-09-15T21:21:19
================================================================================
[2026-09-15T21:22:19.589+0000] {manager.py:878} INFO - 
================================================================================
DAG File Processing Stats

File Path                                   PID  Runtime      # DAGs    # Errors  Last Runtime    Last Run
----------------------------------------  -----  ---------  --------  ----------  --------------  -------------------
/opt/airflow/dags/tender_pipeline_dag.py    711  0.00s             1           0  0.12s           2026-09-15T21:21:49
================================================================================
[2026-09-15T21:22:49.789+0000] {manager.py:878} INFO - 
================================================================================
DAG File Processing Stats

File Path                                   PID  Runtime      # DAGs    # Errors  Last Runtime    Last Run
----------------------------------------  -----  ---------  --------  ----------  --------------  -------------------
/opt/airflow/dags/tender_pipeline_dag.py    716  0.00s             1           0  0.11s           2026-09-15T21:22:19
================================================================================
[2026-09-15T21:23:20.033+0000] {manager.py:878} INFO - 
================================================================================
DAG File Processing Stats

File Path                                   PID  Runtime      # DAGs    # Errors  Last Runtime    Last Run
----------------------------------------  -----  ---------  --------  ----------  --------------  -------------------
/opt/airflow/dags/tender_pipeline_dag.py    721  0.00s             1           0  0.09s           2026-09-15T21:22:49
================================================================================
[2026-09-15T21:23:50.227+0000] {manager.py:878} INFO - 
================================================================================
DAG File Processing Stats

File Path                                   PID  Runtime      # DAGs    # Errors  Last Runtime    Last Run
----------------------------------------  -----  ---------  --------  ----------  --------------  -------------------
/opt/airflow/dags/tender_pipeline_dag.py    726  0.00s             1           0  0.14s           2026-09-15T21:23:20
================================================================================
[2026-09-15T21:24:20.532+0000] {manager.py:878} INFO - 
================================================================================
DAG File Processing Stats

File Path                                   PID  Runtime      # DAGs    # Errors  Last Runtime    Last Run
----------------------------------------  -----  ---------  --------  ----------  --------------  -------------------
/opt/airflow/dags/tender_pipeline_dag.py    731  0.00s             1           0  0.11s           2026-09-15T21:23:50
================================================================================
[2026-09-15T21:24:50.700+0000] {manager.py:878} INFO - 
================================================================================
DAG File Processing Stats

File Path                                 PID    Runtime      # DAGs    # Errors  Last Runtime    Last Run
----------------------------------------  -----  ---------  --------  ----------  --------------  -------------------
/opt/airflow/dags/tender_pipeline_dag.py                           1           0  0.28s           2026-09-15T21:24:20
================================================================================
[2026-09-15T21:25:21.210+0000] {manager.py:878} INFO - 
================================================================================
DAG File Processing Stats

File Path                                 PID    Runtime      # DAGs    # Errors  Last Runtime    Last Run
----------------------------------------  -----  ---------  --------  ----------  --------------  -------------------
/opt/airflow/dags/tender_pipeline_dag.py                           1           0  0.22s           2026-09-15T21:24:51
================================================================================
[2026-09-15T21:25:51.573+0000] {manager.py:878} INFO - 
================================================================================
DAG File Processing Stats

File Path                                   PID  Runtime      # DAGs    # Errors  Last Runtime    Last Run
----------------------------------------  -----  ---------  --------  ----------  --------------  -------------------
/opt/airflow/dags/tender_pipeline_dag.py    746  0.00s             1           0  0.12s           2026-09-15T21:25:21
================================================================================
[2026-09-15T21:26:21.757+0000] {manager.py:878} INFO - 
================================================================================
DAG File Processing Stats

File Path                                   PID  Runtime      # DAGs    # Errors  Last Runtime    Last Run
----------------------------------------  -----  ---------  --------  ----------  --------------  -------------------
/opt/airflow/dags/tender_pipeline_dag.py    751  0.00s             1           0  0.10s           2026-09-15T21:25:51
================================================================================
[2026-09-15T21:26:49.970+0000] {manager.py:737} INFO - Searching for files in /opt/airflow/dags
[2026-09-15T21:26:49.985+0000] {manager.py:740} INFO - There are 1 files in /opt/airflow/dags
[2026-09-15T21:26:52.013+0000] {manager.py:878} INFO - 
================================================================================
DAG File Processing Stats

File Path                                   PID  Runtime      # DAGs    # Errors  Last Runtime    Last Run
----------------------------------------  -----  ---------  --------  ----------  --------------  -------------------
/opt/airflow/dags/tender_pipeline_dag.py    756  0.00s             1           0  0.09s           2026-09-15T21:26:21
================================================================================
[2026-09-15T21:27:22.242+0000] {manager.py:878} INFO - 
================================================================================
DAG File Processing Stats

File Path                                   PID  Runtime      # DAGs    # Errors  Last Runtime    Last Run
----------------------------------------  -----  ---------  --------  ----------  --------------  -------------------
/opt/airflow/dags/tender_pipeline_dag.py    761  0.00s             1           0  0.10s           2026-09-15T21:26:52
================================================================================
[2026-09-15T21:27:52.459+0000] {manager.py:878} INFO - 
================================================================================
DAG File Processing Stats

File Path                                   PID  Runtime      # DAGs    # Errors  Last Runtime    Last Run
----------------------------------------  -----  ---------  --------  ----------  --------------  -------------------
/opt/airflow/dags/tender_pipeline_dag.py    766  0.00s             1           0  0.12s           2026-09-15T21:27:22
================================================================================
[2026-09-15T21:28:22.685+0000] {manager.py:878} INFO - 
================================================================================
DAG File Processing Stats

File Path                                   PID  Runtime      # DAGs    # Errors  Last Runtime    Last Run
----------------------------------------  -----  ---------  --------  ----------  --------------  -------------------
/opt/airflow/dags/tender_pipeline_dag.py    771  0.00s             1           0  0.17s           2026-09-15T21:27:52
================================================================================
[2026-09-15T21:28:52.848+0000] {manager.py:878} INFO - 
================================================================================
DAG File Processing Stats

File Path                                   PID  Runtime      # DAGs    # Errors  Last Runtime    Last Run
----------------------------------------  -----  ---------  --------  ----------  --------------  -------------------
/opt/airflow/dags/tender_pipeline_dag.py    776  0.00s             1           0  0.09s           2026-09-15T21:28:22
================================================================================
[2026-09-15T21:29:23.205+0000] {manager.py:878} INFO - 
================================================================================
DAG File Processing Stats

File Path                                   PID  Runtime      # DAGs    # Errors  Last Runtime    Last Run
----------------------------------------  -----  ---------  --------  ----------  --------------  -------------------
/opt/airflow/dags/tender_pipeline_dag.py    781  0.00s             1           0  0.10s           2026-09-15T21:28:52
================================================================================
[2026-09-15T21:29:53.400+0000] {manager.py:878} INFO - 
================================================================================
DAG File Processing Stats

File Path                                   PID  Runtime      # DAGs    # Errors  Last Runtime    Last Run
----------------------------------------  -----  ---------  --------  ----------  --------------  -------------------
/opt/airflow/dags/tender_pipeline_dag.py    786  0.00s             1           0  0.16s           2026-09-15T21:29:23
================================================================================
[2026-09-15T21:30:23.582+0000] {manager.py:878} INFO - 
================================================================================
DAG File Processing Stats

File Path                                   PID  Runtime      # DAGs    # Errors  Last Runtime    Last Run
----------------------------------------  -----  ---------  --------  ----------  --------------  -------------------
/opt/airflow/dags/tender_pipeline_dag.py    791  0.00s             1           0  0.09s           2026-09-15T21:29:53
================================================================================
[2026-09-15T21:30:53.798+0000] {manager.py:878} INFO - 
================================================================================
DAG File Processing Stats

File Path                                   PID  Runtime      # DAGs    # Errors  Last Runtime    Last Run
----------------------------------------  -----  ---------  --------  ----------  --------------  -------------------
/opt/airflow/dags/tender_pipeline_dag.py    796  0.00s             1           0  0.09s           2026-09-15T21:30:23
================================================================================
[2026-09-15T21:31:24.039+0000] {manager.py:878} INFO - 
================================================================================
DAG File Processing Stats

File Path                                   PID  Runtime      # DAGs    # Errors  Last Runtime    Last Run
----------------------------------------  -----  ---------  --------  ----------  --------------  -------------------
/opt/airflow/dags/tender_pipeline_dag.py    801  0.00s             1           0  0.09s           2026-09-15T21:30:53
================================================================================
[2026-09-15T21:31:50.194+0000] {manager.py:737} INFO - Searching for files in /opt/airflow/dags
[2026-09-15T21:31:50.210+0000] {manager.py:740} INFO - There are 1 files in /opt/airflow/dags
[2026-09-15T21:31:54.247+0000] {manager.py:878} INFO - 
================================================================================
DAG File Processing Stats

File Path                                   PID  Runtime      # DAGs    # Errors  Last Runtime    Last Run
----------------------------------------  -----  ---------  --------  ----------  --------------  -------------------
/opt/airflow/dags/tender_pipeline_dag.py    806  0.00s             1           0  0.10s           2026-09-15T21:31:24
================================================================================
[2026-09-15T21:32:24.486+0000] {manager.py:878} INFO - 
================================================================================
DAG File Processing Stats

File Path                                   PID  Runtime      # DAGs    # Errors  Last Runtime    Last Run
----------------------------------------  -----  ---------  --------  ----------  --------------  -------------------
/opt/airflow/dags/tender_pipeline_dag.py    811  0.00s             1           0  0.09s           2026-09-15T21:31:54
================================================================================
[2026-09-15T21:32:54.663+0000] {manager.py:878} INFO - 
================================================================================
DAG File Processing Stats

File Path                                   PID  Runtime      # DAGs    # Errors  Last Runtime    Last Run
----------------------------------------  -----  ---------  --------  ----------  --------------  -------------------
/opt/airflow/dags/tender_pipeline_dag.py    816  0.00s             1           0  0.10s           2026-09-15T21:32:24
================================================================================
[2026-09-15T21:33:25.011+0000] {manager.py:878} INFO - 
================================================================================
DAG File Processing Stats

File Path                                   PID  Runtime      # DAGs    # Errors  Last Runtime    Last Run
----------------------------------------  -----  ---------  --------  ----------  --------------  -------------------
/opt/airflow/dags/tender_pipeline_dag.py    821  0.00s             1           0  0.09s           2026-09-15T21:32:54
================================================================================
[2026-09-15T21:33:55.200+0000] {manager.py:878} INFO - 
================================================================================
DAG File Processing Stats

File Path                                 PID    Runtime      # DAGs    # Errors  Last Runtime    Last Run
----------------------------------------  -----  ---------  --------  ----------  --------------  -------------------
/opt/airflow/dags/tender_pipeline_dag.py                           1           0  0.22s           2026-09-15T21:33:25
================================================================================
[2026-09-15T21:34:25.585+0000] {manager.py:878} INFO - 
================================================================================
DAG File Processing Stats

File Path                                   PID  Runtime      # DAGs    # Errors  Last Runtime    Last Run
----------------------------------------  -----  ---------  --------  ----------  --------------  -------------------
/opt/airflow/dags/tender_pipeline_dag.py    831  0.00s             1           0  0.10s           2026-09-15T21:33:55
================================================================================
[2026-09-15T21:34:55.798+0000] {manager.py:878} INFO - 
================================================================================
DAG File Processing Stats

File Path                                   PID  Runtime      # DAGs    # Errors  Last Runtime    Last Run
----------------------------------------  -----  ---------  --------  ----------  --------------  -------------------
/opt/airflow/dags/tender_pipeline_dag.py    836  0.00s             1           0  0.13s           2026-09-15T21:34:25
================================================================================
[2026-09-15T21:35:26.048+0000] {manager.py:878} INFO - 
================================================================================
DAG File Processing Stats

File Path                                   PID  Runtime      # DAGs    # Errors  Last Runtime    Last Run
----------------------------------------  -----  ---------  --------  ----------  --------------  -------------------
/opt/airflow/dags/tender_pipeline_dag.py    841  0.00s             1           0  0.10s           2026-09-15T21:34:55
================================================================================
[2026-09-15T21:35:56.232+0000] {manager.py:878} INFO - 
================================================================================
DAG File Processing Stats

File Path                                   PID  Runtime      # DAGs    # Errors  Last Runtime    Last Run
----------------------------------------  -----  ---------  --------  ----------  --------------  -------------------
/opt/airflow/dags/tender_pipeline_dag.py    846  0.00s             1           0  0.15s           2026-09-15T21:35:26
================================================================================
[2026-09-15T21:36:26.385+0000] {manager.py:878} INFO - 
================================================================================
DAG File Processing Stats

File Path                                   PID  Runtime      # DAGs    # Errors  Last Runtime    Last Run
----------------------------------------  -----  ---------  --------  ----------  --------------  -------------------
/opt/airflow/dags/tender_pipeline_dag.py    851  0.00s             1           0  0.10s           2026-09-15T21:35:56
================================================================================
[2026-09-15T21:36:50.540+0000] {manager.py:737} INFO - Searching for files in /opt/airflow/dags
[2026-09-15T21:36:50.701+0000] {manager.py:740} INFO - There are 1 files in /opt/airflow/dags
[2026-09-15T21:36:56.754+0000] {manager.py:878} INFO - 
================================================================================
DAG File Processing Stats

File Path                                   PID  Runtime      # DAGs    # Errors  Last Runtime    Last Run
----------------------------------------  -----  ---------  --------  ----------  --------------  -------------------
/opt/airflow/dags/tender_pipeline_dag.py    856  0.00s             1           0  0.09s           2026-09-15T21:36:26
================================================================================
[2026-09-15T21:37:26.947+0000] {manager.py:878} INFO - 
================================================================================
DAG File Processing Stats

File Path                                   PID  Runtime      # DAGs    # Errors  Last Runtime    Last Run
----------------------------------------  -----  ---------  --------  ----------  --------------  -------------------
/opt/airflow/dags/tender_pipeline_dag.py    861  0.00s             1           0  0.09s           2026-09-15T21:36:56
================================================================================
[2026-09-15T21:37:57.173+0000] {manager.py:878} INFO - 
================================================================================
DAG File Processing Stats

File Path                                   PID  Runtime      # DAGs    # Errors  Last Runtime    Last Run
----------------------------------------  -----  ---------  --------  ----------  --------------  -------------------
/opt/airflow/dags/tender_pipeline_dag.py    866  0.00s             1           0  0.08s           2026-09-15T21:37:27
================================================================================
[2026-09-15T21:38:27.347+0000] {manager.py:878} INFO - 
================================================================================
DAG File Processing Stats

File Path                                   PID  Runtime      # DAGs    # Errors  Last Runtime    Last Run
----------------------------------------  -----  ---------  --------  ----------  --------------  -------------------
/opt/airflow/dags/tender_pipeline_dag.py    871  0.00s             1           0  0.09s           2026-09-15T21:37:57
================================================================================
[2026-09-15T21:38:57.602+0000] {manager.py:878} INFO - 
================================================================================
DAG File Processing Stats

File Path                                   PID  Runtime      # DAGs    # Errors  Last Runtime    Last Run
----------------------------------------  -----  ---------  --------  ----------  --------------  -------------------
/opt/airflow/dags/tender_pipeline_dag.py    876  0.00s             1           0  0.11s           2026-09-15T21:38:27
================================================================================
[2026-09-15T21:39:27.770+0000] {manager.py:878} INFO - 
================================================================================
DAG File Processing Stats

File Path                                   PID  Runtime      # DAGs    # Errors  Last Runtime    Last Run
----------------------------------------  -----  ---------  --------  ----------  --------------  -------------------
/opt/airflow/dags/tender_pipeline_dag.py    881  0.00s             1           0  0.09s           2026-09-15T21:38:57
================================================================================
[2026-09-15T21:39:58.017+0000] {manager.py:878} INFO - 
================================================================================
DAG File Processing Stats

File Path                                   PID  Runtime      # DAGs    # Errors  Last Runtime    Last Run
----------------------------------------  -----  ---------  --------  ----------  --------------  -------------------
/opt/airflow/dags/tender_pipeline_dag.py    886  0.00s             1           0  0.09s           2026-09-15T21:39:27
================================================================================
[2026-09-15T21:40:28.209+0000] {manager.py:878} INFO - 
================================================================================
DAG File Processing Stats

File Path                                   PID  Runtime      # DAGs    # Errors  Last Runtime    Last Run
----------------------------------------  -----  ---------  --------  ----------  --------------  -------------------
/opt/airflow/dags/tender_pipeline_dag.py    891  0.00s             1           0  0.10s           2026-09-15T21:39:58
================================================================================
[2026-09-15T21:40:58.441+0000] {manager.py:878} INFO - 
================================================================================
DAG File Processing Stats

File Path                                   PID  Runtime      # DAGs    # Errors  Last Runtime    Last Run
----------------------------------------  -----  ---------  --------  ----------  --------------  -------------------
/opt/airflow/dags/tender_pipeline_dag.py    896  0.00s             1           0  0.11s           2026-09-15T21:40:28
================================================================================
[2026-09-15T21:41:28.644+0000] {manager.py:878} INFO - 
================================================================================
DAG File Processing Stats

File Path                                   PID  Runtime      # DAGs    # Errors  Last Runtime    Last Run
----------------------------------------  -----  ---------  --------  ----------  --------------  -------------------
/opt/airflow/dags/tender_pipeline_dag.py    901  0.00s             1           0  0.10s           2026-09-15T21:40:58
================================================================================
[2026-09-15T21:41:50.800+0000] {manager.py:737} INFO - Searching for files in /opt/airflow/dags
[2026-09-15T21:41:50.884+0000] {manager.py:740} INFO - There are 1 files in /opt/airflow/dags
[2026-09-15T21:41:58.983+0000] {manager.py:878} INFO - 
================================================================================
DAG File Processing Stats

File Path                                   PID  Runtime      # DAGs    # Errors  Last Runtime    Last Run
----------------------------------------  -----  ---------  --------  ----------  --------------  -------------------
/opt/airflow/dags/tender_pipeline_dag.py    906  0.00s             1           0  0.09s           2026-09-15T21:41:28
================================================================================
[2026-09-15T21:42:29.157+0000] {manager.py:878} INFO - 
================================================================================
DAG File Processing Stats

File Path                                 PID    Runtime      # DAGs    # Errors  Last Runtime    Last Run
----------------------------------------  -----  ---------  --------  ----------  --------------  -------------------
/opt/airflow/dags/tender_pipeline_dag.py                           1           0  0.19s           2026-09-15T21:41:59
================================================================================
[2026-09-15T21:42:59.528+0000] {manager.py:878} INFO - 
================================================================================
DAG File Processing Stats

File Path                                 PID    Runtime      # DAGs    # Errors  Last Runtime    Last Run
----------------------------------------  -----  ---------  --------  ----------  --------------  -------------------
/opt/airflow/dags/tender_pipeline_dag.py                           1           0  0.19s           2026-09-15T21:42:29
================================================================================
[2026-09-15T21:43:29.945+0000] {manager.py:878} INFO - 
================================================================================
DAG File Processing Stats

File Path                                   PID  Runtime      # DAGs    # Errors  Last Runtime    Last Run
----------------------------------------  -----  ---------  --------  ----------  --------------  -------------------
/opt/airflow/dags/tender_pipeline_dag.py    921  0.00s             1           0  0.09s           2026-09-15T21:42:59
================================================================================
[2026-09-15T21:44:00.184+0000] {manager.py:878} INFO - 
================================================================================
DAG File Processing Stats

File Path                                   PID  Runtime      # DAGs    # Errors  Last Runtime    Last Run
----------------------------------------  -----  ---------  --------  ----------  --------------  -------------------
/opt/airflow/dags/tender_pipeline_dag.py    926  0.00s             1           0  0.09s           2026-09-15T21:43:30
================================================================================
[2026-09-15T21:44:30.419+0000] {manager.py:878} INFO - 
================================================================================
DAG File Processing Stats

File Path                                   PID  Runtime      # DAGs    # Errors  Last Runtime    Last Run
----------------------------------------  -----  ---------  --------  ----------  --------------  -------------------
/opt/airflow/dags/tender_pipeline_dag.py    931  0.00s             1           0  0.10s           2026-09-15T21:44:00
================================================================================
[2026-09-15T21:45:00.646+0000] {manager.py:878} INFO - 
================================================================================
DAG File Processing Stats

File Path                                   PID  Runtime      # DAGs    # Errors  Last Runtime    Last Run
----------------------------------------  -----  ---------  --------  ----------  --------------  -------------------
/opt/airflow/dags/tender_pipeline_dag.py    936  0.00s             1           0  0.09s           2026-09-15T21:44:30
================================================================================
[2026-09-15T21:45:30.838+0000] {manager.py:878} INFO - 
================================================================================
DAG File Processing Stats

File Path                                   PID  Runtime      # DAGs    # Errors  Last Runtime    Last Run
----------------------------------------  -----  ---------  --------  ----------  --------------  -------------------
/opt/airflow/dags/tender_pipeline_dag.py    941  0.00s             1           0  0.09s           2026-09-15T21:45:00
================================================================================
[2026-09-15T21:46:01.065+0000] {manager.py:878} INFO - 
================================================================================
DAG File Processing Stats

File Path                                   PID  Runtime      # DAGs    # Errors  Last Runtime    Last Run
----------------------------------------  -----  ---------  --------  ----------  --------------  -------------------
/opt/airflow/dags/tender_pipeline_dag.py    946  0.00s             1           0  0.10s           2026-09-15T21:45:30
================================================================================
[2026-09-15T21:46:31.276+0000] {manager.py:878} INFO - 
================================================================================
DAG File Processing Stats

File Path                                   PID  Runtime      # DAGs    # Errors  Last Runtime    Last Run
----------------------------------------  -----  ---------  --------  ----------  --------------  -------------------
/opt/airflow/dags/tender_pipeline_dag.py    951  0.00s             1           0  0.10s           2026-09-15T21:46:01
================================================================================
[2026-09-15T21:46:51.463+0000] {manager.py:737} INFO - Searching for files in /opt/airflow/dags
[2026-09-15T21:46:51.479+0000] {manager.py:740} INFO - There are 1 files in /opt/airflow/dags
[2026-09-15T21:47:01.547+0000] {manager.py:878} INFO - 
================================================================================
DAG File Processing Stats

File Path                                   PID  Runtime      # DAGs    # Errors  Last Runtime    Last Run
----------------------------------------  -----  ---------  --------  ----------  --------------  -------------------
/opt/airflow/dags/tender_pipeline_dag.py    956  0.00s             1           0  0.09s           2026-09-15T21:46:31
================================================================================
[2026-09-15T21:47:31.809+0000] {manager.py:878} INFO - 
================================================================================
DAG File Processing Stats

File Path                                   PID  Runtime      # DAGs    # Errors  Last Runtime    Last Run
----------------------------------------  -----  ---------  --------  ----------  --------------  -------------------
/opt/airflow/dags/tender_pipeline_dag.py    961  0.00s             1           0  0.09s           2026-09-15T21:47:01
================================================================================
[2026-09-15T21:48:02.067+0000] {manager.py:878} INFO - 
================================================================================
DAG File Processing Stats

File Path                                   PID  Runtime      # DAGs    # Errors  Last Runtime    Last Run
----------------------------------------  -----  ---------  --------  ----------  --------------  -------------------
/opt/airflow/dags/tender_pipeline_dag.py    966  0.00s             1           0  0.09s           2026-09-15T21:47:31
================================================================================
[2026-09-15T21:48:32.333+0000] {manager.py:878} INFO - 
================================================================================
DAG File Processing Stats

File Path                                   PID  Runtime      # DAGs    # Errors  Last Runtime    Last Run
----------------------------------------  -----  ---------  --------  ----------  --------------  -------------------
/opt/airflow/dags/tender_pipeline_dag.py    971  0.00s             1           0  0.21s           2026-09-15T21:48:02
================================================================================
[2026-09-15T21:49:02.652+0000] {manager.py:878} INFO - 
================================================================================
DAG File Processing Stats

File Path                                   PID  Runtime      # DAGs    # Errors  Last Runtime    Last Run
----------------------------------------  -----  ---------  --------  ----------  --------------  -------------------
/opt/airflow/dags/tender_pipeline_dag.py    976  0.00s             1           0  0.18s           2026-09-15T21:48:32
================================================================================
[2026-09-15T21:49:32.881+0000] {manager.py:878} INFO - 
================================================================================
DAG File Processing Stats

File Path                                   PID  Runtime      # DAGs    # Errors  Last Runtime    Last Run
----------------------------------------  -----  ---------  --------  ----------  --------------  -------------------
/opt/airflow/dags/tender_pipeline_dag.py    981  0.00s             1           0  0.14s           2026-09-15T21:49:02
================================================================================
[2026-09-15T21:50:03.219+0000] {manager.py:878} INFO - 
================================================================================
DAG File Processing Stats

File Path                                   PID  Runtime      # DAGs    # Errors  Last Runtime    Last Run
----------------------------------------  -----  ---------  --------  ----------  --------------  -------------------
/opt/airflow/dags/tender_pipeline_dag.py    986  0.00s             1           0  0.20s           2026-09-15T21:49:33
================================================================================
[2026-09-15T21:50:33.498+0000] {manager.py:878} INFO - 
================================================================================
DAG File Processing Stats

File Path                                   PID  Runtime      # DAGs    # Errors  Last Runtime    Last Run
----------------------------------------  -----  ---------  --------  ----------  --------------  -------------------
/opt/airflow/dags/tender_pipeline_dag.py    991  0.00s             1           0  0.09s           2026-09-15T21:50:03
================================================================================
[2026-09-15T21:51:03.703+0000] {manager.py:878} INFO - 
================================================================================
DAG File Processing Stats

File Path                                   PID  Runtime      # DAGs    # Errors  Last Runtime    Last Run
----------------------------------------  -----  ---------  --------  ----------  --------------  -------------------
/opt/airflow/dags/tender_pipeline_dag.py    996  0.00s             1           0  0.11s           2026-09-15T21:50:33
================================================================================
[2026-09-15T21:51:33.942+0000] {manager.py:878} INFO - 
================================================================================
DAG File Processing Stats

File Path                                 PID    Runtime      # DAGs    # Errors  Last Runtime    Last Run
----------------------------------------  -----  ---------  --------  ----------  --------------  -------------------
/opt/airflow/dags/tender_pipeline_dag.py                           1           0  0.25s           2026-09-15T21:51:03
================================================================================
[2026-09-15T21:51:52.241+0000] {manager.py:737} INFO - Searching for files in /opt/airflow/dags
[2026-09-15T21:51:52.442+0000] {manager.py:740} INFO - There are 1 files in /opt/airflow/dags
[2026-09-15T21:52:04.548+0000] {manager.py:878} INFO - 
================================================================================
DAG File Processing Stats

File Path                                   PID  Runtime      # DAGs    # Errors  Last Runtime    Last Run
----------------------------------------  -----  ---------  --------  ----------  --------------  -------------------
/opt/airflow/dags/tender_pipeline_dag.py   1006  0.00s             1           0  0.09s           2026-09-15T21:51:34
================================================================================
[2026-09-15T21:52:34.755+0000] {manager.py:878} INFO - 
================================================================================
DAG File Processing Stats

File Path                                   PID  Runtime      # DAGs    # Errors  Last Runtime    Last Run
----------------------------------------  -----  ---------  --------  ----------  --------------  -------------------
/opt/airflow/dags/tender_pipeline_dag.py   1011  0.00s             1           0  0.09s           2026-09-15T21:52:04
================================================================================
[2026-09-15T21:53:05.021+0000] {manager.py:878} INFO - 
================================================================================
DAG File Processing Stats

File Path                                   PID  Runtime      # DAGs    # Errors  Last Runtime    Last Run
----------------------------------------  -----  ---------  --------  ----------  --------------  -------------------
/opt/airflow/dags/tender_pipeline_dag.py   1016  0.00s             1           0  0.09s           2026-09-15T21:52:34
================================================================================
[2026-09-15T21:53:35.242+0000] {manager.py:878} INFO - 
================================================================================
DAG File Processing Stats

File Path                                   PID  Runtime      # DAGs    # Errors  Last Runtime    Last Run
----------------------------------------  -----  ---------  --------  ----------  --------------  -------------------
/opt/airflow/dags/tender_pipeline_dag.py   1021  0.00s             1           0  0.10s           2026-09-15T21:53:05
================================================================================
[2026-09-15T21:54:05.500+0000] {manager.py:878} INFO - 
================================================================================
DAG File Processing Stats

File Path                                   PID  Runtime      # DAGs    # Errors  Last Runtime    Last Run
----------------------------------------  -----  ---------  --------  ----------  --------------  -------------------
/opt/airflow/dags/tender_pipeline_dag.py   1026  0.00s             1           0  0.09s           2026-09-15T21:53:35
================================================================================
[2026-09-15T21:54:35.692+0000] {manager.py:878} INFO - 
================================================================================
DAG File Processing Stats

File Path                                   PID  Runtime      # DAGs    # Errors  Last Runtime    Last Run
----------------------------------------  -----  ---------  --------  ----------  --------------  -------------------
/opt/airflow/dags/tender_pipeline_dag.py   1031  0.00s             1           0  0.10s           2026-09-15T21:54:05
================================================================================
[2026-09-15T21:55:05.941+0000] {manager.py:878} INFO - 
================================================================================
DAG File Processing Stats

File Path                                   PID  Runtime      # DAGs    # Errors  Last Runtime    Last Run
----------------------------------------  -----  ---------  --------  ----------  --------------  -------------------
/opt/airflow/dags/tender_pipeline_dag.py   1036  0.00s             1           0  0.09s           2026-09-15T21:54:35
================================================================================
[2026-09-15T21:55:36.155+0000] {manager.py:878} INFO - 
================================================================================
DAG File Processing Stats

File Path                                   PID  Runtime      # DAGs    # Errors  Last Runtime    Last Run
----------------------------------------  -----  ---------  --------  ----------  --------------  -------------------
/opt/airflow/dags/tender_pipeline_dag.py   1041  0.00s             1           0  0.08s           2026-09-15T21:55:06
================================================================================
[2026-09-15T21:56:06.432+0000] {manager.py:878} INFO - 
================================================================================
DAG File Processing Stats

File Path                                   PID  Runtime      # DAGs    # Errors  Last Runtime    Last Run
----------------------------------------  -----  ---------  --------  ----------  --------------  -------------------
/opt/airflow/dags/tender_pipeline_dag.py   1046  0.00s             1           0  0.14s           2026-09-15T21:55:36
================================================================================
[2026-09-15T21:56:36.653+0000] {manager.py:878} INFO - 
================================================================================
DAG File Processing Stats

File Path                                   PID  Runtime      # DAGs    # Errors  Last Runtime    Last Run
----------------------------------------  -----  ---------  --------  ----------  --------------  -------------------
/opt/airflow/dags/tender_pipeline_dag.py   1051  0.00s             1           0  0.21s           2026-09-15T21:56:06
================================================================================
[2026-09-15T21:56:52.773+0000] {manager.py:737} INFO - Searching for files in /opt/airflow/dags
[2026-09-15T21:56:52.795+0000] {manager.py:740} INFO - There are 1 files in /opt/airflow/dags
[2026-09-15T21:57:06.886+0000] {manager.py:878} INFO - 
================================================================================
DAG File Processing Stats

File Path                                   PID  Runtime      # DAGs    # Errors  Last Runtime    Last Run
----------------------------------------  -----  ---------  --------  ----------  --------------  -------------------
/opt/airflow/dags/tender_pipeline_dag.py   1056  0.00s             1           0  0.09s           2026-09-15T21:56:36
================================================================================
[2026-09-15T21:57:37.126+0000] {manager.py:878} INFO - 
================================================================================
DAG File Processing Stats

File Path                                   PID  Runtime      # DAGs    # Errors  Last Runtime    Last Run
----------------------------------------  -----  ---------  --------  ----------  --------------  -------------------
/opt/airflow/dags/tender_pipeline_dag.py   1061  0.00s             1           0  0.08s           2026-09-15T21:57:06
================================================================================
[2026-09-15T21:58:07.315+0000] {manager.py:878} INFO - 
================================================================================
DAG File Processing Stats

File Path                                   PID  Runtime      # DAGs    # Errors  Last Runtime    Last Run
----------------------------------------  -----  ---------  --------  ----------  --------------  -------------------
/opt/airflow/dags/tender_pipeline_dag.py   1066  0.00s             1           0  0.09s           2026-09-15T21:57:37
================================================================================
[2026-09-15T21:58:37.555+0000] {manager.py:878} INFO - 
================================================================================
DAG File Processing Stats

File Path                                   PID  Runtime      # DAGs    # Errors  Last Runtime    Last Run
----------------------------------------  -----  ---------  --------  ----------  --------------  -------------------
/opt/airflow/dags/tender_pipeline_dag.py   1071  0.00s             1           0  0.11s           2026-09-15T21:58:07
================================================================================
[2026-09-15T21:59:07.760+0000] {manager.py:878} INFO - 
================================================================================
DAG File Processing Stats

File Path                                   PID  Runtime      # DAGs    # Errors  Last Runtime    Last Run
----------------------------------------  -----  ---------  --------  ----------  --------------  -------------------
/opt/airflow/dags/tender_pipeline_dag.py   1076  0.00s             1           0  0.09s           2026-09-15T21:58:37
================================================================================
[2026-09-15T21:59:38.078+0000] {manager.py:878} INFO - 
================================================================================
DAG File Processing Stats

File Path                                   PID  Runtime      # DAGs    # Errors  Last Runtime    Last Run
----------------------------------------  -----  ---------  --------  ----------  --------------  -------------------
/opt/airflow/dags/tender_pipeline_dag.py   1081  0.00s             1           0  0.11s           2026-09-15T21:59:07
================================================================================
[2026-09-15T22:00:08.261+0000] {manager.py:878} INFO - 
================================================================================
DAG File Processing Stats

File Path                                 PID    Runtime      # DAGs    # Errors  Last Runtime    Last Run
----------------------------------------  -----  ---------  --------  ----------  --------------  -------------------
/opt/airflow/dags/tender_pipeline_dag.py                           1           0  0.18s           2026-09-15T21:59:38
================================================================================
[2026-09-15T22:00:38.622+0000] {manager.py:878} INFO - 
================================================================================
DAG File Processing Stats

File Path                                   PID  Runtime      # DAGs    # Errors  Last Runtime    Last Run
----------------------------------------  -----  ---------  --------  ----------  --------------  -------------------
/opt/airflow/dags/tender_pipeline_dag.py   1091  0.00s             1           0  0.12s           2026-09-15T22:00:08
================================================================================
[2026-09-15T22:01:08.804+0000] {manager.py:878} INFO - 
================================================================================
DAG File Processing Stats

File Path                                   PID  Runtime      # DAGs    # Errors  Last Runtime    Last Run
----------------------------------------  -----  ---------  --------  ----------  --------------  -------------------
/opt/airflow/dags/tender_pipeline_dag.py   1096  0.00s             1           0  0.09s           2026-09-15T22:00:38
================================================================================
[2026-09-15T22:01:39.047+0000] {manager.py:878} INFO - 
================================================================================
DAG File Processing Stats

File Path                                   PID  Runtime      # DAGs    # Errors  Last Runtime    Last Run
----------------------------------------  -----  ---------  --------  ----------  --------------  -------------------
/opt/airflow/dags/tender_pipeline_dag.py   1101  0.00s             1           0  0.08s           2026-09-15T22:01:08
================================================================================
[2026-09-15T22:01:53.139+0000] {manager.py:737} INFO - Searching for files in /opt/airflow/dags
[2026-09-15T22:01:53.154+0000] {manager.py:740} INFO - There are 1 files in /opt/airflow/dags
[2026-09-15T22:02:09.270+0000] {manager.py:878} INFO - 
================================================================================
DAG File Processing Stats

File Path                                   PID  Runtime      # DAGs    # Errors  Last Runtime    Last Run
----------------------------------------  -----  ---------  --------  ----------  --------------  -------------------
/opt/airflow/dags/tender_pipeline_dag.py   1106  0.00s             1           0  0.08s           2026-09-15T22:01:39
================================================================================
[2026-09-15T22:02:39.486+0000] {manager.py:878} INFO - 
================================================================================
DAG File Processing Stats

File Path                                   PID  Runtime      # DAGs    # Errors  Last Runtime    Last Run
----------------------------------------  -----  ---------  --------  ----------  --------------  -------------------
/opt/airflow/dags/tender_pipeline_dag.py   1111  0.00s             1           0  0.09s           2026-09-15T22:02:09
================================================================================
[2026-09-15T22:03:09.708+0000] {manager.py:878} INFO - 
================================================================================
DAG File Processing Stats

File Path                                   PID  Runtime      # DAGs    # Errors  Last Runtime    Last Run
----------------------------------------  -----  ---------  --------  ----------  --------------  -------------------
/opt/airflow/dags/tender_pipeline_dag.py   1116  0.00s             1           0  0.12s           2026-09-15T22:02:39
================================================================================
[2026-09-15T22:03:39.954+0000] {manager.py:878} INFO - 
================================================================================
DAG File Processing Stats

File Path                                   PID  Runtime      # DAGs    # Errors  Last Runtime    Last Run
----------------------------------------  -----  ---------  --------  ----------  --------------  -------------------
/opt/airflow/dags/tender_pipeline_dag.py   1121  0.00s             1           0  0.10s           2026-09-15T22:03:09
================================================================================
[2026-09-15T22:04:10.138+0000] {manager.py:878} INFO - 
================================================================================
DAG File Processing Stats

File Path                                 PID    Runtime      # DAGs    # Errors  Last Runtime    Last Run
----------------------------------------  -----  ---------  --------  ----------  --------------  -------------------
/opt/airflow/dags/tender_pipeline_dag.py                           1           0  0.20s           2026-09-15T22:03:40
================================================================================
[2026-09-15T22:04:40.512+0000] {manager.py:878} INFO - 
================================================================================
DAG File Processing Stats

File Path                                   PID  Runtime      # DAGs    # Errors  Last Runtime    Last Run
----------------------------------------  -----  ---------  --------  ----------  --------------  -------------------
/opt/airflow/dags/tender_pipeline_dag.py   1131  0.00s             1           0  0.12s           2026-09-15T22:04:10
================================================================================
[2026-09-15T22:05:10.763+0000] {manager.py:878} INFO - 
================================================================================
DAG File Processing Stats

File Path                                   PID  Runtime      # DAGs    # Errors  Last Runtime    Last Run
----------------------------------------  -----  ---------  --------  ----------  --------------  -------------------
/opt/airflow/dags/tender_pipeline_dag.py   1136  0.00s             1           0  0.12s           2026-09-15T22:04:40
================================================================================
[2026-09-15T22:05:40.962+0000] {manager.py:878} INFO - 
================================================================================
DAG File Processing Stats

File Path                                   PID  Runtime      # DAGs    # Errors  Last Runtime    Last Run
----------------------------------------  -----  ---------  --------  ----------  --------------  -------------------
/opt/airflow/dags/tender_pipeline_dag.py   1141  0.00s             1           0  0.09s           2026-09-15T22:05:10
================================================================================
[2026-09-15T22:06:11.212+0000] {manager.py:878} INFO - 
================================================================================
DAG File Processing Stats

File Path                                   PID  Runtime      # DAGs    # Errors  Last Runtime    Last Run
----------------------------------------  -----  ---------  --------  ----------  --------------  -------------------
/opt/airflow/dags/tender_pipeline_dag.py   1146  0.00s             1           0  0.08s           2026-09-15T22:05:41
================================================================================
[2026-09-15T22:06:41.381+0000] {manager.py:878} INFO - 
================================================================================
DAG File Processing Stats

File Path                                   PID  Runtime      # DAGs    # Errors  Last Runtime    Last Run
----------------------------------------  -----  ---------  --------  ----------  --------------  -------------------
/opt/airflow/dags/tender_pipeline_dag.py   1151  0.00s             1           0  0.10s           2026-09-15T22:06:11
================================================================================
[2026-09-15T22:06:53.533+0000] {manager.py:737} INFO - Searching for files in /opt/airflow/dags
[2026-09-15T22:06:53.549+0000] {manager.py:740} INFO - There are 1 files in /opt/airflow/dags
[2026-09-15T22:07:11.679+0000] {manager.py:878} INFO - 
================================================================================
DAG File Processing Stats

File Path                                   PID  Runtime      # DAGs    # Errors  Last Runtime    Last Run
----------------------------------------  -----  ---------  --------  ----------  --------------  -------------------
/opt/airflow/dags/tender_pipeline_dag.py   1156  0.00s             1           0  0.10s           2026-09-15T22:06:41
================================================================================
[2026-09-15T22:07:41.865+0000] {manager.py:878} INFO - 
================================================================================
DAG File Processing Stats

File Path                                   PID  Runtime      # DAGs    # Errors  Last Runtime    Last Run
----------------------------------------  -----  ---------  --------  ----------  --------------  -------------------
/opt/airflow/dags/tender_pipeline_dag.py   1161  0.00s             1           0  0.09s           2026-09-15T22:07:11
================================================================================
[2026-09-15T22:08:12.121+0000] {manager.py:878} INFO - 
================================================================================
DAG File Processing Stats

File Path                                   PID  Runtime      # DAGs    # Errors  Last Runtime    Last Run
----------------------------------------  -----  ---------  --------  ----------  --------------  -------------------
/opt/airflow/dags/tender_pipeline_dag.py   1166  0.00s             1           0  0.11s           2026-09-15T22:07:41
================================================================================
[2026-09-15T22:08:42.377+0000] {manager.py:878} INFO - 
================================================================================
DAG File Processing Stats

File Path                                   PID  Runtime      # DAGs    # Errors  Last Runtime    Last Run
----------------------------------------  -----  ---------  --------  ----------  --------------  -------------------
/opt/airflow/dags/tender_pipeline_dag.py   1171  0.00s             1           0  0.11s           2026-09-15T22:08:12
================================================================================
[2026-09-15T22:09:12.596+0000] {manager.py:878} INFO - 
================================================================================
DAG File Processing Stats

File Path                                 PID    Runtime      # DAGs    # Errors  Last Runtime    Last Run
----------------------------------------  -----  ---------  --------  ----------  --------------  -------------------
/opt/airflow/dags/tender_pipeline_dag.py                           1           0  0.24s           2026-09-15T22:08:42
================================================================================
[2026-09-15T22:09:42.984+0000] {manager.py:878} INFO - 
================================================================================
DAG File Processing Stats

File Path                                   PID  Runtime      # DAGs    # Errors  Last Runtime    Last Run
----------------------------------------  -----  ---------  --------  ----------  --------------  -------------------
/opt/airflow/dags/tender_pipeline_dag.py   1181  0.00s             1           0  0.09s           2026-09-15T22:09:12
================================================================================
[2026-09-15T22:10:13.234+0000] {manager.py:878} INFO - 
================================================================================
DAG File Processing Stats

File Path                                   PID  Runtime      # DAGs    # Errors  Last Runtime    Last Run
----------------------------------------  -----  ---------  --------  ----------  --------------  -------------------
/opt/airflow/dags/tender_pipeline_dag.py   1186  0.00s             1           0  0.10s           2026-09-15T22:09:43
================================================================================
[2026-09-15T22:10:43.415+0000] {manager.py:878} INFO - 
================================================================================
DAG File Processing Stats

File Path                                 PID    Runtime      # DAGs    # Errors  Last Runtime    Last Run
----------------------------------------  -----  ---------  --------  ----------  --------------  -------------------
/opt/airflow/dags/tender_pipeline_dag.py                           1           0  0.19s           2026-09-15T22:10:13
================================================================================
[2026-09-15T22:11:13.764+0000] {manager.py:878} INFO - 
================================================================================
DAG File Processing Stats

File Path                                   PID  Runtime      # DAGs    # Errors  Last Runtime    Last Run
----------------------------------------  -----  ---------  --------  ----------  --------------  -------------------
/opt/airflow/dags/tender_pipeline_dag.py   1196  0.00s             1           0  0.14s           2026-09-15T22:10:43
================================================================================
[2026-09-15T22:11:44.047+0000] {manager.py:878} INFO - 
================================================================================
DAG File Processing Stats

File Path                                   PID  Runtime      # DAGs    # Errors  Last Runtime    Last Run
----------------------------------------  -----  ---------  --------  ----------  --------------  -------------------
/opt/airflow/dags/tender_pipeline_dag.py   1201  0.00s             1           0  0.14s           2026-09-15T22:11:13
================================================================================
[2026-09-15T22:11:54.101+0000] {manager.py:737} INFO - Searching for files in /opt/airflow/dags
[2026-09-15T22:11:54.115+0000] {manager.py:740} INFO - There are 1 files in /opt/airflow/dags
[2026-09-15T22:12:14.279+0000] {manager.py:878} INFO - 
================================================================================
DAG File Processing Stats

File Path                                   PID  Runtime      # DAGs    # Errors  Last Runtime    Last Run
----------------------------------------  -----  ---------  --------  ----------  --------------  -------------------
/opt/airflow/dags/tender_pipeline_dag.py   1206  0.00s             1           0  0.09s           2026-09-15T22:11:44
================================================================================
[2026-09-15T22:12:44.493+0000] {manager.py:878} INFO - 
================================================================================
DAG File Processing Stats

File Path                                   PID  Runtime      # DAGs    # Errors  Last Runtime    Last Run
----------------------------------------  -----  ---------  --------  ----------  --------------  -------------------
/opt/airflow/dags/tender_pipeline_dag.py   1211  0.00s             1           0  0.09s           2026-09-15T22:12:14
================================================================================
[2026-09-15T22:13:14.754+0000] {manager.py:878} INFO - 
================================================================================
DAG File Processing Stats

File Path                                   PID  Runtime      # DAGs    # Errors  Last Runtime    Last Run
----------------------------------------  -----  ---------  --------  ----------  --------------  -------------------
/opt/airflow/dags/tender_pipeline_dag.py   1216  0.00s             1           0  0.15s           2026-09-15T22:12:44
================================================================================
[2026-09-15T22:13:45.024+0000] {manager.py:878} INFO - 
================================================================================
DAG File Processing Stats

File Path                                   PID  Runtime      # DAGs    # Errors  Last Runtime    Last Run
----------------------------------------  -----  ---------  --------  ----------  --------------  -------------------
/opt/airflow/dags/tender_pipeline_dag.py   1221  0.00s             1           0  0.18s           2026-09-15T22:13:14
================================================================================
[2026-09-15T22:14:15.325+0000] {manager.py:878} INFO - 
================================================================================
DAG File Processing Stats

File Path                                   PID  Runtime      # DAGs    # Errors  Last Runtime    Last Run
----------------------------------------  -----  ---------  --------  ----------  --------------  -------------------
/opt/airflow/dags/tender_pipeline_dag.py   1226  0.00s             1           0  0.10s           2026-09-15T22:13:45
================================================================================
[2026-09-15T22:14:45.562+0000] {manager.py:878} INFO - 
================================================================================
DAG File Processing Stats

File Path                                   PID  Runtime      # DAGs    # Errors  Last Runtime    Last Run
----------------------------------------  -----  ---------  --------  ----------  --------------  -------------------
/opt/airflow/dags/tender_pipeline_dag.py   1231  0.00s             1           0  0.14s           2026-09-15T22:14:15
================================================================================
[2026-09-15T22:15:15.869+0000] {manager.py:878} INFO - 
================================================================================
DAG File Processing Stats

File Path                                   PID  Runtime      # DAGs    # Errors  Last Runtime    Last Run
----------------------------------------  -----  ---------  --------  ----------  --------------  -------------------
/opt/airflow/dags/tender_pipeline_dag.py   1236  0.00s             1           0  0.09s           2026-09-15T22:14:45
================================================================================
[2026-09-15T22:15:46.065+0000] {manager.py:878} INFO - 
================================================================================
DAG File Processing Stats

File Path                                   PID  Runtime      # DAGs    # Errors  Last Runtime    Last Run
----------------------------------------  -----  ---------  --------  ----------  --------------  -------------------
/opt/airflow/dags/tender_pipeline_dag.py   1241  0.00s             1           0  0.09s           2026-09-15T22:15:15
================================================================================
[2026-09-15T22:16:16.313+0000] {manager.py:878} INFO - 
================================================================================
DAG File Processing Stats

File Path                                   PID  Runtime      # DAGs    # Errors  Last Runtime    Last Run
----------------------------------------  -----  ---------  --------  ----------  --------------  -------------------
/opt/airflow/dags/tender_pipeline_dag.py   1246  0.00s             1           0  0.09s           2026-09-15T22:15:46
================================================================================
[2026-09-15T22:16:46.524+0000] {manager.py:878} INFO - 
================================================================================
DAG File Processing Stats

File Path                                   PID  Runtime      # DAGs    # Errors  Last Runtime    Last Run
----------------------------------------  -----  ---------  --------  ----------  --------------  -------------------
/opt/airflow/dags/tender_pipeline_dag.py   1251  0.00s             1           0  0.11s           2026-09-15T22:16:16
================================================================================
[2026-09-15T22:16:54.619+0000] {manager.py:737} INFO - Searching for files in /opt/airflow/dags
[2026-09-15T22:16:54.654+0000] {manager.py:740} INFO - There are 1 files in /opt/airflow/dags
[2026-09-15T22:17:16.805+0000] {manager.py:878} INFO - 
================================================================================
DAG File Processing Stats

File Path                                   PID  Runtime      # DAGs    # Errors  Last Runtime    Last Run
----------------------------------------  -----  ---------  --------  ----------  --------------  -------------------
/opt/airflow/dags/tender_pipeline_dag.py   1256  0.00s             1           0  0.18s           2026-09-15T22:16:46
================================================================================
[2026-09-15T22:17:47.079+0000] {manager.py:878} INFO - 
================================================================================
DAG File Processing Stats

File Path                                   PID  Runtime      # DAGs    # Errors  Last Runtime    Last Run
----------------------------------------  -----  ---------  --------  ----------  --------------  -------------------
/opt/airflow/dags/tender_pipeline_dag.py   1261  0.00s             1           0  0.09s           2026-09-15T22:17:16
================================================================================
[2026-09-15T22:18:17.312+0000] {manager.py:878} INFO - 
================================================================================
DAG File Processing Stats

File Path                                   PID  Runtime      # DAGs    # Errors  Last Runtime    Last Run
----------------------------------------  -----  ---------  --------  ----------  --------------  -------------------
/opt/airflow/dags/tender_pipeline_dag.py   1266  0.00s             1           0  0.10s           2026-09-15T22:17:47
================================================================================
[2026-09-15T22:18:47.570+0000] {manager.py:878} INFO - 
================================================================================
DAG File Processing Stats

File Path                                   PID  Runtime      # DAGs    # Errors  Last Runtime    Last Run
----------------------------------------  -----  ---------  --------  ----------  --------------  -------------------
/opt/airflow/dags/tender_pipeline_dag.py   1271  0.00s             1           0  0.11s           2026-09-15T22:18:17
================================================================================
[2026-09-15T22:19:17.785+0000] {manager.py:878} INFO - 
================================================================================
DAG File Processing Stats

File Path                                   PID  Runtime      # DAGs    # Errors  Last Runtime    Last Run
----------------------------------------  -----  ---------  --------  ----------  --------------  -------------------
/opt/airflow/dags/tender_pipeline_dag.py   1276  0.00s             1           0  0.09s           2026-09-15T22:18:47
================================================================================
[2026-09-15T22:19:48.055+0000] {manager.py:878} INFO - 
================================================================================
DAG File Processing Stats

File Path                                   PID  Runtime      # DAGs    # Errors  Last Runtime    Last Run
----------------------------------------  -----  ---------  --------  ----------  --------------  -------------------
/opt/airflow/dags/tender_pipeline_dag.py   1281  0.00s             1           0  0.10s           2026-09-15T22:19:17
================================================================================
[2026-09-15T22:20:18.270+0000] {manager.py:878} INFO - 
================================================================================
DAG File Processing Stats

File Path                                   PID  Runtime      # DAGs    # Errors  Last Runtime    Last Run
----------------------------------------  -----  ---------  --------  ----------  --------------  -------------------
/opt/airflow/dags/tender_pipeline_dag.py   1286  0.00s             1           0  0.13s           2026-09-15T22:19:48
================================================================================
[2026-09-15T22:20:48.549+0000] {manager.py:878} INFO - 
================================================================================
DAG File Processing Stats

File Path                                   PID  Runtime      # DAGs    # Errors  Last Runtime    Last Run
----------------------------------------  -----  ---------  --------  ----------  --------------  -------------------
/opt/airflow/dags/tender_pipeline_dag.py   1291  0.00s             1           0  0.14s           2026-09-15T22:20:18
================================================================================
[2026-09-15T22:21:18.748+0000] {manager.py:878} INFO - 
================================================================================
DAG File Processing Stats

File Path                                   PID  Runtime      # DAGs    # Errors  Last Runtime    Last Run
----------------------------------------  -----  ---------  --------  ----------  --------------  -------------------
/opt/airflow/dags/tender_pipeline_dag.py   1296  0.00s             1           0  0.09s           2026-09-15T22:20:48
================================================================================
[2026-09-15T22:21:48.967+0000] {manager.py:878} INFO - 
================================================================================
DAG File Processing Stats

File Path                                   PID  Runtime      # DAGs    # Errors  Last Runtime    Last Run
----------------------------------------  -----  ---------  --------  ----------  --------------  -------------------
/opt/airflow/dags/tender_pipeline_dag.py   1301  0.00s             1           0  0.09s           2026-09-15T22:21:18
================================================================================
[2026-09-15T22:21:55.018+0000] {manager.py:737} INFO - Searching for files in /opt/airflow/dags
[2026-09-15T22:21:55.031+0000] {manager.py:740} INFO - There are 1 files in /opt/airflow/dags
[2026-09-15T22:22:19.196+0000] {manager.py:878} INFO - 
================================================================================
DAG File Processing Stats

File Path                                   PID  Runtime      # DAGs    # Errors  Last Runtime    Last Run
----------------------------------------  -----  ---------  --------  ----------  --------------  -------------------
/opt/airflow/dags/tender_pipeline_dag.py   1306  0.00s             1           0  0.09s           2026-09-15T22:21:49
================================================================================
[2026-09-15T22:22:49.393+0000] {manager.py:878} INFO - 
================================================================================
DAG File Processing Stats

File Path                                   PID  Runtime      # DAGs    # Errors  Last Runtime    Last Run
----------------------------------------  -----  ---------  --------  ----------  --------------  -------------------
/opt/airflow/dags/tender_pipeline_dag.py   1311  0.00s             1           0  0.10s           2026-09-15T22:22:19
================================================================================
[2026-09-15T22:23:19.633+0000] {manager.py:878} INFO - 
================================================================================
DAG File Processing Stats

File Path                                   PID  Runtime      # DAGs    # Errors  Last Runtime    Last Run
----------------------------------------  -----  ---------  --------  ----------  --------------  -------------------
/opt/airflow/dags/tender_pipeline_dag.py   1316  0.00s             1           0  0.11s           2026-09-15T22:22:49
================================================================================
[2026-09-15T22:23:49.805+0000] {manager.py:878} INFO - 
================================================================================
DAG File Processing Stats

File Path                                 PID    Runtime      # DAGs    # Errors  Last Runtime    Last Run
----------------------------------------  -----  ---------  --------  ----------  --------------  -------------------
/opt/airflow/dags/tender_pipeline_dag.py                           1           0  0.17s           2026-09-15T22:23:19
================================================================================
[2026-09-15T22:24:20.125+0000] {manager.py:878} INFO - 
================================================================================
DAG File Processing Stats

File Path                                   PID  Runtime      # DAGs    # Errors  Last Runtime    Last Run
----------------------------------------  -----  ---------  --------  ----------  --------------  -------------------
/opt/airflow/dags/tender_pipeline_dag.py   1326  0.00s             1           0  0.10s           2026-09-15T22:23:50
================================================================================
[2026-09-15T22:24:50.410+0000] {manager.py:878} INFO - 
================================================================================
DAG File Processing Stats

File Path                                   PID  Runtime      # DAGs    # Errors  Last Runtime    Last Run
----------------------------------------  -----  ---------  --------  ----------  --------------  -------------------
/opt/airflow/dags/tender_pipeline_dag.py   1331  0.00s             1           0  0.08s           2026-09-15T22:24:20
================================================================================
[2026-09-15T22:25:20.600+0000] {manager.py:878} INFO - 
================================================================================
DAG File Processing Stats

File Path                                   PID  Runtime      # DAGs    # Errors  Last Runtime    Last Run
----------------------------------------  -----  ---------  --------  ----------  --------------  -------------------
/opt/airflow/dags/tender_pipeline_dag.py   1336  0.00s             1           0  0.10s           2026-09-15T22:24:50
================================================================================
[2026-09-15T22:25:51.028+0000] {manager.py:878} INFO - 
================================================================================
DAG File Processing Stats

File Path                                   PID  Runtime      # DAGs    # Errors  Last Runtime    Last Run
----------------------------------------  -----  ---------  --------  ----------  --------------  -------------------
/opt/airflow/dags/tender_pipeline_dag.py   1341  0.00s             1           0  0.10s           2026-09-15T22:25:20
================================================================================
[2026-09-15T22:26:21.214+0000] {manager.py:878} INFO - 
================================================================================
DAG File Processing Stats

File Path                                 PID    Runtime      # DAGs    # Errors  Last Runtime    Last Run
----------------------------------------  -----  ---------  --------  ----------  --------------  -------------------
/opt/airflow/dags/tender_pipeline_dag.py                           1           0  0.20s           2026-09-15T22:25:51
================================================================================
[2026-09-15T22:26:51.622+0000] {manager.py:878} INFO - 
================================================================================
DAG File Processing Stats

File Path                                   PID  Runtime      # DAGs    # Errors  Last Runtime    Last Run
----------------------------------------  -----  ---------  --------  ----------  --------------  -------------------
/opt/airflow/dags/tender_pipeline_dag.py   1351  0.00s             1           0  0.09s           2026-09-15T22:26:21
================================================================================
[2026-09-15T22:26:55.723+0000] {manager.py:737} INFO - Searching for files in /opt/airflow/dags
[2026-09-15T22:26:55.740+0000] {manager.py:740} INFO - There are 1 files in /opt/airflow/dags
[2026-09-15T22:27:21.922+0000] {manager.py:878} INFO - 
================================================================================
DAG File Processing Stats

File Path                                   PID  Runtime      # DAGs    # Errors  Last Runtime    Last Run
----------------------------------------  -----  ---------  --------  ----------  --------------  -------------------
/opt/airflow/dags/tender_pipeline_dag.py   1356  0.00s             1           0  0.08s           2026-09-15T22:26:51
================================================================================
[2026-09-15T22:27:52.151+0000] {manager.py:878} INFO - 
================================================================================
DAG File Processing Stats

File Path                                   PID  Runtime      # DAGs    # Errors  Last Runtime    Last Run
----------------------------------------  -----  ---------  --------  ----------  --------------  -------------------
/opt/airflow/dags/tender_pipeline_dag.py   1361  0.00s             1           0  0.09s           2026-09-15T22:27:22
================================================================================
[2026-09-15T22:28:22.377+0000] {manager.py:878} INFO - 
================================================================================
DAG File Processing Stats

File Path                                   PID  Runtime      # DAGs    # Errors  Last Runtime    Last Run
----------------------------------------  -----  ---------  --------  ----------  --------------  -------------------
/opt/airflow/dags/tender_pipeline_dag.py   1366  0.00s             1           0  0.08s           2026-09-15T22:27:52
================================================================================
[2026-09-15T22:28:52.590+0000] {manager.py:878} INFO - 
================================================================================
DAG File Processing Stats

File Path                                   PID  Runtime      # DAGs    # Errors  Last Runtime    Last Run
----------------------------------------  -----  ---------  --------  ----------  --------------  -------------------
/opt/airflow/dags/tender_pipeline_dag.py   1371  0.00s             1           0  0.09s           2026-09-15T22:28:22
================================================================================
[2026-09-15T22:29:22.787+0000] {manager.py:878} INFO - 
================================================================================
DAG File Processing Stats

File Path                                   PID  Runtime      # DAGs    # Errors  Last Runtime    Last Run
----------------------------------------  -----  ---------  --------  ----------  --------------  -------------------
/opt/airflow/dags/tender_pipeline_dag.py   1376  0.00s             1           0  0.09s           2026-09-15T22:28:52
================================================================================
[2026-09-15T22:29:53.001+0000] {manager.py:878} INFO - 
================================================================================
DAG File Processing Stats

File Path                                   PID  Runtime      # DAGs    # Errors  Last Runtime    Last Run
----------------------------------------  -----  ---------  --------  ----------  --------------  -------------------
/opt/airflow/dags/tender_pipeline_dag.py   1381  0.00s             1           0  0.09s           2026-09-15T22:29:22
================================================================================
[2026-09-15T22:30:23.184+0000] {manager.py:878} INFO - 
================================================================================
DAG File Processing Stats

File Path                                   PID  Runtime      # DAGs    # Errors  Last Runtime    Last Run
----------------------------------------  -----  ---------  --------  ----------  --------------  -------------------
/opt/airflow/dags/tender_pipeline_dag.py   1386  0.00s             1           0  0.16s           2026-09-15T22:29:53
================================================================================
[2026-09-15T22:30:53.377+0000] {manager.py:878} INFO - 
================================================================================
DAG File Processing Stats

File Path                                   PID  Runtime      # DAGs    # Errors  Last Runtime    Last Run
----------------------------------------  -----  ---------  --------  ----------  --------------  -------------------
/opt/airflow/dags/tender_pipeline_dag.py   1391  0.00s             1           0  0.09s           2026-09-15T22:30:23
================================================================================
[2026-09-15T22:31:23.634+0000] {manager.py:878} INFO - 
================================================================================
DAG File Processing Stats

File Path                                   PID  Runtime      # DAGs    # Errors  Last Runtime    Last Run
----------------------------------------  -----  ---------  --------  ----------  --------------  -------------------
/opt/airflow/dags/tender_pipeline_dag.py   1396  0.00s             1           0  0.09s           2026-09-15T22:30:53
================================================================================
[2026-09-15T22:31:53.822+0000] {manager.py:878} INFO - 
================================================================================
DAG File Processing Stats

File Path                                   PID  Runtime      # DAGs    # Errors  Last Runtime    Last Run
----------------------------------------  -----  ---------  --------  ----------  --------------  -------------------
/opt/airflow/dags/tender_pipeline_dag.py   1401  0.00s             1           0  0.09s           2026-09-15T22:31:23
================================================================================
[2026-09-15T22:31:55.869+0000] {manager.py:737} INFO - Searching for files in /opt/airflow/dags
[2026-09-15T22:31:55.885+0000] {manager.py:740} INFO - There are 1 files in /opt/airflow/dags
[2026-09-15T22:32:24.082+0000] {manager.py:878} INFO - 
================================================================================
DAG File Processing Stats

File Path                                   PID  Runtime      # DAGs    # Errors  Last Runtime    Last Run
----------------------------------------  -----  ---------  --------  ----------  --------------  -------------------
/opt/airflow/dags/tender_pipeline_dag.py   1406  0.00s             1           0  0.09s           2026-09-15T22:31:53
================================================================================
[2026-09-15T22:32:54.303+0000] {manager.py:878} INFO - 
================================================================================
DAG File Processing Stats

File Path                                   PID  Runtime      # DAGs    # Errors  Last Runtime    Last Run
----------------------------------------  -----  ---------  --------  ----------  --------------  -------------------
/opt/airflow/dags/tender_pipeline_dag.py   1411  0.00s             1           0  0.09s           2026-09-15T22:32:24
================================================================================
[2026-09-15T22:33:24.628+0000] {manager.py:878} INFO - 
================================================================================
DAG File Processing Stats

File Path                                   PID  Runtime      # DAGs    # Errors  Last Runtime    Last Run
----------------------------------------  -----  ---------  --------  ----------  --------------  -------------------
/opt/airflow/dags/tender_pipeline_dag.py   1416  0.00s             1           0  0.09s           2026-09-15T22:32:54
================================================================================
[2026-09-15T22:33:54.811+0000] {manager.py:878} INFO - 
================================================================================
DAG File Processing Stats

File Path                                 PID    Runtime      # DAGs    # Errors  Last Runtime    Last Run
----------------------------------------  -----  ---------  --------  ----------  --------------  -------------------
/opt/airflow/dags/tender_pipeline_dag.py                           1           0  0.31s           2026-09-15T22:33:24
================================================================================
[2026-09-15T22:34:25.310+0000] {manager.py:878} INFO - 
================================================================================
DAG File Processing Stats

File Path                                 PID    Runtime      # DAGs    # Errors  Last Runtime    Last Run
----------------------------------------  -----  ---------  --------  ----------  --------------  -------------------
/opt/airflow/dags/tender_pipeline_dag.py                           1           0  0.37s           2026-09-15T22:33:55
================================================================================
[2026-09-15T22:34:55.895+0000] {manager.py:878} INFO - 
================================================================================
DAG File Processing Stats

File Path                                   PID  Runtime      # DAGs    # Errors  Last Runtime    Last Run
----------------------------------------  -----  ---------  --------  ----------  --------------  -------------------
/opt/airflow/dags/tender_pipeline_dag.py   1431  0.00s             1           0  0.11s           2026-09-15T22:34:25
================================================================================
[2026-09-15T22:35:26.145+0000] {manager.py:878} INFO - 
================================================================================
DAG File Processing Stats

File Path                                   PID  Runtime      # DAGs    # Errors  Last Runtime    Last Run
----------------------------------------  -----  ---------  --------  ----------  --------------  -------------------
/opt/airflow/dags/tender_pipeline_dag.py   1436  0.00s             1           0  0.10s           2026-09-15T22:34:55
================================================================================
[2026-09-15T22:35:56.334+0000] {manager.py:878} INFO - 
================================================================================
DAG File Processing Stats

File Path                                   PID  Runtime      # DAGs    # Errors  Last Runtime    Last Run
----------------------------------------  -----  ---------  --------  ----------  --------------  -------------------
/opt/airflow/dags/tender_pipeline_dag.py   1441  0.00s             1           0  0.16s           2026-09-15T22:35:26
================================================================================
[2026-09-15T22:36:26.647+0000] {manager.py:878} INFO - 
================================================================================
DAG File Processing Stats

File Path                                   PID  Runtime      # DAGs    # Errors  Last Runtime    Last Run
----------------------------------------  -----  ---------  --------  ----------  --------------  -------------------
/opt/airflow/dags/tender_pipeline_dag.py   1446  0.00s             1           0  0.11s           2026-09-15T22:35:56
================================================================================
[2026-09-15T22:36:55.972+0000] {manager.py:737} INFO - Searching for files in /opt/airflow/dags
[2026-09-15T22:36:55.993+0000] {manager.py:740} INFO - There are 1 files in /opt/airflow/dags
[2026-09-15T22:36:56.815+0000] {manager.py:878} INFO - 
================================================================================
DAG File Processing Stats

File Path                                   PID  Runtime      # DAGs    # Errors  Last Runtime    Last Run
----------------------------------------  -----  ---------  --------  ----------  --------------  -------------------
/opt/airflow/dags/tender_pipeline_dag.py   1451  0.00s             1           0  0.16s           2026-09-15T22:36:26
================================================================================
[2026-09-15T22:37:26.994+0000] {manager.py:878} INFO - 
================================================================================
DAG File Processing Stats

File Path                                   PID  Runtime      # DAGs    # Errors  Last Runtime    Last Run
----------------------------------------  -----  ---------  --------  ----------  --------------  -------------------
/opt/airflow/dags/tender_pipeline_dag.py   1456  0.00s             1           0  0.10s           2026-09-15T22:36:56
================================================================================
[2026-09-15T22:37:57.248+0000] {manager.py:878} INFO - 
================================================================================
DAG File Processing Stats

File Path                                   PID  Runtime      # DAGs    # Errors  Last Runtime    Last Run
----------------------------------------  -----  ---------  --------  ----------  --------------  -------------------
/opt/airflow/dags/tender_pipeline_dag.py   1461  0.00s             1           0  0.10s           2026-09-15T22:37:27
================================================================================
[2026-09-15T22:38:27.419+0000] {manager.py:878} INFO - 
================================================================================
DAG File Processing Stats

File Path                                   PID  Runtime      # DAGs    # Errors  Last Runtime    Last Run
----------------------------------------  -----  ---------  --------  ----------  --------------  -------------------
/opt/airflow/dags/tender_pipeline_dag.py   1466  0.00s             1           0  0.13s           2026-09-15T22:37:57
================================================================================
[2026-09-15T22:38:57.746+0000] {manager.py:878} INFO - 
================================================================================
DAG File Processing Stats

File Path                                   PID  Runtime      # DAGs    # Errors  Last Runtime    Last Run
----------------------------------------  -----  ---------  --------  ----------  --------------  -------------------
/opt/airflow/dags/tender_pipeline_dag.py   1471  0.00s             1           0  0.11s           2026-09-15T22:38:27
================================================================================
[2026-09-15T22:39:28.003+0000] {manager.py:878} INFO - 
================================================================================
DAG File Processing Stats

File Path                                   PID  Runtime      # DAGs    # Errors  Last Runtime    Last Run
----------------------------------------  -----  ---------  --------  ----------  --------------  -------------------
/opt/airflow/dags/tender_pipeline_dag.py   1476  0.00s             1           0  0.16s           2026-09-15T22:38:57
================================================================================
[2026-09-15T22:39:58.252+0000] {manager.py:878} INFO - 
================================================================================
DAG File Processing Stats

File Path                                   PID  Runtime      # DAGs    # Errors  Last Runtime    Last Run
----------------------------------------  -----  ---------  --------  ----------  --------------  -------------------
/opt/airflow/dags/tender_pipeline_dag.py   1481  0.00s             1           0  0.12s           2026-09-15T22:39:28
================================================================================
[2026-09-15T22:40:28.424+0000] {manager.py:878} INFO - 
================================================================================
DAG File Processing Stats

File Path                                   PID  Runtime      # DAGs    # Errors  Last Runtime    Last Run
----------------------------------------  -----  ---------  --------  ----------  --------------  -------------------
/opt/airflow/dags/tender_pipeline_dag.py   1486  0.00s             1           0  0.14s           2026-09-15T22:39:58
================================================================================
[2026-09-15T22:40:58.717+0000] {manager.py:878} INFO - 
================================================================================
DAG File Processing Stats

File Path                                   PID  Runtime      # DAGs    # Errors  Last Runtime    Last Run
----------------------------------------  -----  ---------  --------  ----------  --------------  -------------------
/opt/airflow/dags/tender_pipeline_dag.py   1491  0.00s             1           0  0.12s           2026-09-15T22:40:28
================================================================================
[2026-09-15T22:41:28.892+0000] {manager.py:878} INFO - 
================================================================================
DAG File Processing Stats

File Path                                   PID  Runtime      # DAGs    # Errors  Last Runtime    Last Run
----------------------------------------  -----  ---------  --------  ----------  --------------  -------------------
/opt/airflow/dags/tender_pipeline_dag.py   1496  0.00s             1           0  0.11s           2026-09-15T22:40:58
================================================================================
[2026-09-15T22:41:56.112+0000] {manager.py:737} INFO - Searching for files in /opt/airflow/dags
[2026-09-15T22:41:56.124+0000] {manager.py:740} INFO - There are 1 files in /opt/airflow/dags
[2026-09-15T22:41:59.161+0000] {manager.py:878} INFO - 
================================================================================
DAG File Processing Stats

File Path                                   PID  Runtime      # DAGs    # Errors  Last Runtime    Last Run
----------------------------------------  -----  ---------  --------  ----------  --------------  -------------------
/opt/airflow/dags/tender_pipeline_dag.py   1501  0.00s             1           0  0.10s           2026-09-15T22:41:28
================================================================================
[2026-09-15T22:42:29.340+0000] {manager.py:878} INFO - 
================================================================================
DAG File Processing Stats

File Path                                   PID  Runtime      # DAGs    # Errors  Last Runtime    Last Run
----------------------------------------  -----  ---------  --------  ----------  --------------  -------------------
/opt/airflow/dags/tender_pipeline_dag.py   1508  0.00s             1           0  0.11s           2026-09-15T22:41:59
================================================================================
[2026-09-15T22:42:59.587+0000] {manager.py:878} INFO - 
================================================================================
DAG File Processing Stats

File Path                                   PID  Runtime      # DAGs    # Errors  Last Runtime    Last Run
----------------------------------------  -----  ---------  --------  ----------  --------------  -------------------
/opt/airflow/dags/tender_pipeline_dag.py   1513  0.01s             1           0  0.17s           2026-09-15T22:42:29
================================================================================
[2026-09-15T22:43:29.846+0000] {manager.py:878} INFO - 
================================================================================
DAG File Processing Stats

File Path                                   PID  Runtime      # DAGs    # Errors  Last Runtime    Last Run
----------------------------------------  -----  ---------  --------  ----------  --------------  -------------------
/opt/airflow/dags/tender_pipeline_dag.py   1518  0.00s             1           0  0.20s           2026-09-15T22:42:59
================================================================================
[2026-09-15T22:44:00.128+0000] {manager.py:878} INFO - 
================================================================================
DAG File Processing Stats

File Path                                   PID  Runtime      # DAGs    # Errors  Last Runtime    Last Run
----------------------------------------  -----  ---------  --------  ----------  --------------  -------------------
/opt/airflow/dags/tender_pipeline_dag.py   1523  0.00s             1           0  0.10s           2026-09-15T22:43:29
================================================================================
[2026-09-15T22:44:30.308+0000] {manager.py:878} INFO - 
================================================================================
DAG File Processing Stats

File Path                                   PID  Runtime      # DAGs    # Errors  Last Runtime    Last Run
----------------------------------------  -----  ---------  --------  ----------  --------------  -------------------
/opt/airflow/dags/tender_pipeline_dag.py   1528  0.00s             1           0  0.09s           2026-09-15T22:44:00
================================================================================
[2026-09-15T22:45:00.533+0000] {manager.py:878} INFO - 
================================================================================
DAG File Processing Stats

File Path                                   PID  Runtime      # DAGs    # Errors  Last Runtime    Last Run
----------------------------------------  -----  ---------  --------  ----------  --------------  -------------------
/opt/airflow/dags/tender_pipeline_dag.py   1533  0.00s             1           0  0.11s           2026-09-15T22:44:30
================================================================================
[2026-09-15T22:45:30.752+0000] {manager.py:878} INFO - 
================================================================================
DAG File Processing Stats

File Path                                   PID  Runtime      # DAGs    # Errors  Last Runtime    Last Run
----------------------------------------  -----  ---------  --------  ----------  --------------  -------------------
/opt/airflow/dags/tender_pipeline_dag.py   1538  0.00s             1           0  0.10s           2026-09-15T22:45:00
================================================================================
[2026-09-15T22:46:00.950+0000] {manager.py:878} INFO - 
================================================================================
DAG File Processing Stats

File Path                                   PID  Runtime      # DAGs    # Errors  Last Runtime    Last Run
----------------------------------------  -----  ---------  --------  ----------  --------------  -------------------
/opt/airflow/dags/tender_pipeline_dag.py   1543  0.00s             1           0  0.10s           2026-09-15T22:45:30
================================================================================
[2026-09-15T22:46:31.154+0000] {manager.py:878} INFO - 
================================================================================
DAG File Processing Stats

File Path                                   PID  Runtime      # DAGs    # Errors  Last Runtime    Last Run
----------------------------------------  -----  ---------  --------  ----------  --------------  -------------------
/opt/airflow/dags/tender_pipeline_dag.py   1548  0.00s             1           0  0.09s           2026-09-15T22:46:01
================================================================================
[2026-09-15T22:46:56.329+0000] {manager.py:737} INFO - Searching for files in /opt/airflow/dags
[2026-09-15T22:46:56.363+0000] {manager.py:740} INFO - There are 1 files in /opt/airflow/dags
[2026-09-15T22:47:01.420+0000] {manager.py:878} INFO - 
================================================================================
DAG File Processing Stats

File Path                                   PID  Runtime      # DAGs    # Errors  Last Runtime    Last Run
----------------------------------------  -----  ---------  --------  ----------  --------------  -------------------
/opt/airflow/dags/tender_pipeline_dag.py   1553  0.00s             1           0  0.09s           2026-09-15T22:46:31
================================================================================
[2026-09-15T22:47:31.629+0000] {manager.py:878} INFO - 
================================================================================
DAG File Processing Stats

File Path                                   PID  Runtime      # DAGs    # Errors  Last Runtime    Last Run
----------------------------------------  -----  ---------  --------  ----------  --------------  -------------------
/opt/airflow/dags/tender_pipeline_dag.py   1558  0.00s             1           0  0.13s           2026-09-15T22:47:01
================================================================================
[2026-09-15T22:48:01.813+0000] {manager.py:878} INFO - 
================================================================================
DAG File Processing Stats

File Path                                   PID  Runtime      # DAGs    # Errors  Last Runtime    Last Run
----------------------------------------  -----  ---------  --------  ----------  --------------  -------------------
/opt/airflow/dags/tender_pipeline_dag.py   1563  0.00s             1           0  0.09s           2026-09-15T22:47:31
================================================================================
[2026-09-15T22:48:32.066+0000] {manager.py:878} INFO - 
================================================================================
DAG File Processing Stats

File Path                                   PID  Runtime      # DAGs    # Errors  Last Runtime    Last Run
----------------------------------------  -----  ---------  --------  ----------  --------------  -------------------
/opt/airflow/dags/tender_pipeline_dag.py   1568  0.00s             1           0  0.12s           2026-09-15T22:48:01
================================================================================
[2026-09-15T22:49:02.263+0000] {manager.py:878} INFO - 
================================================================================
DAG File Processing Stats

File Path                                   PID  Runtime      # DAGs    # Errors  Last Runtime    Last Run
----------------------------------------  -----  ---------  --------  ----------  --------------  -------------------
/opt/airflow/dags/tender_pipeline_dag.py   1573  0.00s             1           0  0.13s           2026-09-15T22:48:32
================================================================================
[2026-09-15T22:49:32.582+0000] {manager.py:878} INFO - 
================================================================================
DAG File Processing Stats

File Path                                   PID  Runtime      # DAGs    # Errors  Last Runtime    Last Run
----------------------------------------  -----  ---------  --------  ----------  --------------  -------------------
/opt/airflow/dags/tender_pipeline_dag.py   1578  0.00s             1           0  0.13s           2026-09-15T22:49:02
================================================================================
[2026-09-15T22:50:02.764+0000] {manager.py:878} INFO - 
================================================================================
DAG File Processing Stats

File Path                                 PID    Runtime      # DAGs    # Errors  Last Runtime    Last Run
----------------------------------------  -----  ---------  --------  ----------  --------------  -------------------
/opt/airflow/dags/tender_pipeline_dag.py                           1           0  0.26s           2026-09-15T22:49:32
================================================================================
[2026-09-15T22:50:33.188+0000] {manager.py:878} INFO - 
================================================================================
DAG File Processing Stats

File Path                                   PID  Runtime      # DAGs    # Errors  Last Runtime    Last Run
----------------------------------------  -----  ---------  --------  ----------  --------------  -------------------
/opt/airflow/dags/tender_pipeline_dag.py   1588  0.00s             1           0  0.11s           2026-09-15T22:50:03
================================================================================
[2026-09-15T22:51:03.468+0000] {manager.py:878} INFO - 
================================================================================
DAG File Processing Stats

File Path                                   PID  Runtime      # DAGs    # Errors  Last Runtime    Last Run
----------------------------------------  -----  ---------  --------  ----------  --------------  -------------------
/opt/airflow/dags/tender_pipeline_dag.py   1593  0.00s             1           0  0.10s           2026-09-15T22:50:33
================================================================================
[2026-09-15T22:51:33.646+0000] {manager.py:878} INFO - 
================================================================================
DAG File Processing Stats

File Path                                   PID  Runtime      # DAGs    # Errors  Last Runtime    Last Run
----------------------------------------  -----  ---------  --------  ----------  --------------  -------------------
/opt/airflow/dags/tender_pipeline_dag.py   1598  0.00s             1           0  0.09s           2026-09-15T22:51:03
================================================================================
[2026-09-15T22:51:56.817+0000] {manager.py:737} INFO - Searching for files in /opt/airflow/dags
[2026-09-15T22:51:56.864+0000] {manager.py:740} INFO - There are 1 files in /opt/airflow/dags
[2026-09-15T22:52:03.935+0000] {manager.py:878} INFO - 
================================================================================
DAG File Processing Stats

File Path                                   PID  Runtime      # DAGs    # Errors  Last Runtime    Last Run
----------------------------------------  -----  ---------  --------  ----------  --------------  -------------------
/opt/airflow/dags/tender_pipeline_dag.py   1603  0.00s             1           0  0.10s           2026-09-15T22:51:33
================================================================================
[2026-09-15T22:52:34.100+0000] {manager.py:878} INFO - 
================================================================================
DAG File Processing Stats

File Path                                 PID    Runtime      # DAGs    # Errors  Last Runtime    Last Run
----------------------------------------  -----  ---------  --------  ----------  --------------  -------------------
/opt/airflow/dags/tender_pipeline_dag.py                           1           0  0.21s           2026-09-15T22:52:04
================================================================================
[2026-09-15T22:53:04.484+0000] {manager.py:878} INFO - 
================================================================================
DAG File Processing Stats

File Path                                   PID  Runtime      # DAGs    # Errors  Last Runtime    Last Run
----------------------------------------  -----  ---------  --------  ----------  --------------  -------------------
/opt/airflow/dags/tender_pipeline_dag.py   1613  0.00s             1           0  0.12s           2026-09-15T22:52:34
================================================================================
[2026-09-15T22:53:34.750+0000] {manager.py:878} INFO - 
================================================================================
DAG File Processing Stats

File Path                                   PID  Runtime      # DAGs    # Errors  Last Runtime    Last Run
----------------------------------------  -----  ---------  --------  ----------  --------------  -------------------
/opt/airflow/dags/tender_pipeline_dag.py   1618  0.00s             1           0  0.12s           2026-09-15T22:53:04
================================================================================
[2026-09-15T22:54:04.957+0000] {manager.py:878} INFO - 
================================================================================
DAG File Processing Stats

File Path                                   PID  Runtime      # DAGs    # Errors  Last Runtime    Last Run
----------------------------------------  -----  ---------  --------  ----------  --------------  -------------------
/opt/airflow/dags/tender_pipeline_dag.py   1623  0.00s             1           0  0.09s           2026-09-15T22:53:34
================================================================================
[2026-09-15T22:54:35.179+0000] {manager.py:878} INFO - 
================================================================================
DAG File Processing Stats

File Path                                   PID  Runtime      # DAGs    # Errors  Last Runtime    Last Run
----------------------------------------  -----  ---------  --------  ----------  --------------  -------------------
/opt/airflow/dags/tender_pipeline_dag.py   1628  0.00s             1           0  0.09s           2026-09-15T22:54:05
================================================================================
[2026-09-15T22:55:05.385+0000] {manager.py:878} INFO - 
================================================================================
DAG File Processing Stats

File Path                                   PID  Runtime      # DAGs    # Errors  Last Runtime    Last Run
----------------------------------------  -----  ---------  --------  ----------  --------------  -------------------
/opt/airflow/dags/tender_pipeline_dag.py   1633  0.00s             1           0  0.09s           2026-09-15T22:54:35
================================================================================
[2026-09-15T22:55:35.608+0000] {manager.py:878} INFO - 
================================================================================
DAG File Processing Stats

File Path                                   PID  Runtime      # DAGs    # Errors  Last Runtime    Last Run
----------------------------------------  -----  ---------  --------  ----------  --------------  -------------------
/opt/airflow/dags/tender_pipeline_dag.py   1638  0.00s             1           0  0.14s           2026-09-15T22:55:05
================================================================================
[2026-09-15T22:56:05.890+0000] {manager.py:878} INFO - 
================================================================================
DAG File Processing Stats

File Path                                   PID  Runtime      # DAGs    # Errors  Last Runtime    Last Run
----------------------------------------  -----  ---------  --------  ----------  --------------  -------------------
/opt/airflow/dags/tender_pipeline_dag.py   1643  0.00s             1           0  0.09s           2026-09-15T22:55:35
================================================================================
[2026-09-15T22:56:36.095+0000] {manager.py:878} INFO - 
================================================================================
DAG File Processing Stats

File Path                                   PID  Runtime      # DAGs    # Errors  Last Runtime    Last Run
----------------------------------------  -----  ---------  --------  ----------  --------------  -------------------
/opt/airflow/dags/tender_pipeline_dag.py   1648  0.00s             1           0  0.09s           2026-09-15T22:56:05
================================================================================
[2026-09-15T22:56:57.264+0000] {manager.py:737} INFO - Searching for files in /opt/airflow/dags
[2026-09-15T22:56:57.296+0000] {manager.py:740} INFO - There are 1 files in /opt/airflow/dags
[2026-09-15T22:57:06.397+0000] {manager.py:878} INFO - 
================================================================================
DAG File Processing Stats

File Path                                   PID  Runtime      # DAGs    # Errors  Last Runtime    Last Run
----------------------------------------  -----  ---------  --------  ----------  --------------  -------------------
/opt/airflow/dags/tender_pipeline_dag.py   1653  0.00s             1           0  0.09s           2026-09-15T22:56:36
================================================================================
[2026-09-15T22:57:36.620+0000] {manager.py:878} INFO - 
================================================================================
DAG File Processing Stats

File Path                                   PID  Runtime      # DAGs    # Errors  Last Runtime    Last Run
----------------------------------------  -----  ---------  --------  ----------  --------------  -------------------
/opt/airflow/dags/tender_pipeline_dag.py   1658  0.00s             1           0  0.17s           2026-09-15T22:57:06
================================================================================
[2026-09-15T22:58:06.887+0000] {manager.py:878} INFO - 
================================================================================
DAG File Processing Stats

File Path                                   PID  Runtime      # DAGs    # Errors  Last Runtime    Last Run
----------------------------------------  -----  ---------  --------  ----------  --------------  -------------------
/opt/airflow/dags/tender_pipeline_dag.py   1663  0.00s             1           0  0.09s           2026-09-15T22:57:36
================================================================================
[2026-09-15T22:58:37.078+0000] {manager.py:878} INFO - 
================================================================================
DAG File Processing Stats

File Path                                   PID  Runtime      # DAGs    # Errors  Last Runtime    Last Run
----------------------------------------  -----  ---------  --------  ----------  --------------  -------------------
/opt/airflow/dags/tender_pipeline_dag.py   1668  0.00s             1           0  0.18s           2026-09-15T22:58:07
================================================================================
[2026-09-15T22:59:07.249+0000] {manager.py:878} INFO - 
================================================================================
DAG File Processing Stats

File Path                                   PID  Runtime      # DAGs    # Errors  Last Runtime    Last Run
----------------------------------------  -----  ---------  --------  ----------  --------------  -------------------
/opt/airflow/dags/tender_pipeline_dag.py   1673  0.00s             1           0  0.10s           2026-09-15T22:58:37
================================================================================
[2026-09-15T22:59:37.507+0000] {manager.py:878} INFO - 
================================================================================
DAG File Processing Stats

File Path                                   PID  Runtime      # DAGs    # Errors  Last Runtime    Last Run
----------------------------------------  -----  ---------  --------  ----------  --------------  -------------------
/opt/airflow/dags/tender_pipeline_dag.py   1678  0.00s             1           0  0.09s           2026-09-15T22:59:07
================================================================================
[2026-09-15T23:00:07.688+0000] {manager.py:878} INFO - 
================================================================================
DAG File Processing Stats

File Path                                   PID  Runtime      # DAGs    # Errors  Last Runtime    Last Run
----------------------------------------  -----  ---------  --------  ----------  --------------  -------------------
/opt/airflow/dags/tender_pipeline_dag.py   1683  0.00s             1           0  0.09s           2026-09-15T22:59:37
================================================================================
[2026-09-15T23:00:37.969+0000] {manager.py:878} INFO - 
================================================================================
DAG File Processing Stats

File Path                                   PID  Runtime      # DAGs    # Errors  Last Runtime    Last Run
----------------------------------------  -----  ---------  --------  ----------  --------------  -------------------
/opt/airflow/dags/tender_pipeline_dag.py   1688  0.00s             1           0  0.09s           2026-09-15T23:00:07
================================================================================
[2026-09-15T23:01:08.142+0000] {manager.py:878} INFO - 
================================================================================
DAG File Processing Stats

File Path                                 PID    Runtime      # DAGs    # Errors  Last Runtime    Last Run
----------------------------------------  -----  ---------  --------  ----------  --------------  -------------------
/opt/airflow/dags/tender_pipeline_dag.py                           1           0  0.18s           2026-09-15T23:00:38
================================================================================
[2026-09-15T23:01:38.551+0000] {manager.py:878} INFO - 
================================================================================
DAG File Processing Stats

File Path                                 PID    Runtime      # DAGs    # Errors  Last Runtime    Last Run
----------------------------------------  -----  ---------  --------  ----------  --------------  -------------------
/opt/airflow/dags/tender_pipeline_dag.py                           1           0  0.50s           2026-09-15T23:01:08
================================================================================
[2026-09-15T23:01:57.509+0000] {manager.py:737} INFO - Searching for files in /opt/airflow/dags
[2026-09-15T23:01:57.535+0000] {manager.py:740} INFO - There are 1 files in /opt/airflow/dags
[2026-09-15T23:02:08.602+0000] {manager.py:878} INFO - 
================================================================================
DAG File Processing Stats

File Path                                 PID    Runtime      # DAGs    # Errors  Last Runtime    Last Run
----------------------------------------  -----  ---------  --------  ----------  --------------  -------------------
/opt/airflow/dags/tender_pipeline_dag.py                           1           0  0.27s           2026-09-15T23:01:39
================================================================================
[2026-09-15T23:02:38.784+0000] {manager.py:878} INFO - 
================================================================================
DAG File Processing Stats

File Path                                 PID    Runtime      # DAGs    # Errors  Last Runtime    Last Run
----------------------------------------  -----  ---------  --------  ----------  --------------  -------------------
/opt/airflow/dags/tender_pipeline_dag.py                           1           0  0.10s           2026-09-15T23:02:09
================================================================================
[2026-09-15T23:03:09.021+0000] {manager.py:878} INFO - 
================================================================================
DAG File Processing Stats

File Path                                 PID    Runtime      # DAGs    # Errors  Last Runtime    Last Run
----------------------------------------  -----  ---------  --------  ----------  --------------  -------------------
/opt/airflow/dags/tender_pipeline_dag.py                           1           0  0.10s           2026-09-15T23:02:39
================================================================================
[2026-09-15T23:03:39.178+0000] {manager.py:878} INFO - 
================================================================================
DAG File Processing Stats

File Path                                 PID    Runtime      # DAGs    # Errors  Last Runtime    Last Run
----------------------------------------  -----  ---------  --------  ----------  --------------  -------------------
/opt/airflow/dags/tender_pipeline_dag.py                           1           0  0.23s           2026-09-15T23:03:10
================================================================================
[2026-09-15T23:04:09.535+0000] {manager.py:878} INFO - 
================================================================================
DAG File Processing Stats

File Path                                 PID    Runtime      # DAGs    # Errors  Last Runtime    Last Run
----------------------------------------  -----  ---------  --------  ----------  --------------  -------------------
/opt/airflow/dags/tender_pipeline_dag.py                           1           0  0.11s           2026-09-15T23:03:40
================================================================================
[2026-09-15T23:04:39.812+0000] {manager.py:878} INFO - 
================================================================================
DAG File Processing Stats

File Path                                 PID    Runtime      # DAGs    # Errors  Last Runtime    Last Run
----------------------------------------  -----  ---------  --------  ----------  --------------  -------------------
/opt/airflow/dags/tender_pipeline_dag.py                           1           0  0.10s           2026-09-15T23:04:10
================================================================================
[2026-09-15T23:05:10.042+0000] {manager.py:878} INFO - 
================================================================================
DAG File Processing Stats

File Path                                 PID    Runtime      # DAGs    # Errors  Last Runtime    Last Run
----------------------------------------  -----  ---------  --------  ----------  --------------  -------------------
/opt/airflow/dags/tender_pipeline_dag.py                           1           0  0.18s           2026-09-15T23:04:41
================================================================================
[2026-09-15T23:05:40.372+0000] {manager.py:878} INFO - 
================================================================================
DAG File Processing Stats

File Path                                 PID    Runtime      # DAGs    # Errors  Last Runtime    Last Run
----------------------------------------  -----  ---------  --------  ----------  --------------  -------------------
/opt/airflow/dags/tender_pipeline_dag.py                           1           0  0.22s           2026-09-15T23:05:11
================================================================================
[2026-09-15T23:06:10.614+0000] {manager.py:878} INFO - 
================================================================================
DAG File Processing Stats

File Path                                 PID    Runtime      # DAGs    # Errors  Last Runtime    Last Run
----------------------------------------  -----  ---------  --------  ----------  --------------  -------------------
/opt/airflow/dags/tender_pipeline_dag.py                           1           0  0.18s           2026-09-15T23:05:41
================================================================================
[2026-09-15T23:06:40.868+0000] {manager.py:878} INFO - 
================================================================================
DAG File Processing Stats

File Path                                 PID    Runtime      # DAGs    # Errors  Last Runtime    Last Run
----------------------------------------  -----  ---------  --------  ----------  --------------  -------------------
/opt/airflow/dags/tender_pipeline_dag.py                           1           0  0.10s           2026-09-15T23:06:11
================================================================================
[2026-09-15T23:06:57.989+0000] {manager.py:737} INFO - Searching for files in /opt/airflow/dags
[2026-09-15T23:06:58.003+0000] {manager.py:740} INFO - There are 1 files in /opt/airflow/dags
[2026-09-15T23:07:11.080+0000] {manager.py:878} INFO - 
================================================================================
DAG File Processing Stats

File Path                                 PID    Runtime      # DAGs    # Errors  Last Runtime    Last Run
----------------------------------------  -----  ---------  --------  ----------  --------------  -------------------
/opt/airflow/dags/tender_pipeline_dag.py                           1           0  0.11s           2026-09-15T23:06:42
================================================================================
[2026-09-15T23:07:41.330+0000] {manager.py:878} INFO - 
================================================================================
DAG File Processing Stats

File Path                                 PID    Runtime      # DAGs    # Errors  Last Runtime    Last Run
----------------------------------------  -----  ---------  --------  ----------  --------------  -------------------
/opt/airflow/dags/tender_pipeline_dag.py                           1           0  0.24s           2026-09-15T23:07:12
================================================================================
[2026-09-15T23:08:11.632+0000] {manager.py:878} INFO - 
================================================================================
DAG File Processing Stats

File Path                                 PID    Runtime      # DAGs    # Errors  Last Runtime    Last Run
----------------------------------------  -----  ---------  --------  ----------  --------------  -------------------
/opt/airflow/dags/tender_pipeline_dag.py                           1           0  0.23s           2026-09-15T23:07:42
================================================================================
[2026-09-15T23:08:42.029+0000] {manager.py:878} INFO - 
================================================================================
DAG File Processing Stats

File Path                                 PID    Runtime      # DAGs    # Errors  Last Runtime    Last Run
----------------------------------------  -----  ---------  --------  ----------  --------------  -------------------
/opt/airflow/dags/tender_pipeline_dag.py                           1           0  0.10s           2026-09-15T23:08:12
================================================================================
[2026-09-15T23:09:12.279+0000] {manager.py:878} INFO - 
================================================================================
DAG File Processing Stats

File Path                                 PID    Runtime      # DAGs    # Errors  Last Runtime    Last Run
----------------------------------------  -----  ---------  --------  ----------  --------------  -------------------
/opt/airflow/dags/tender_pipeline_dag.py                           1           0  0.12s           2026-09-15T23:08:43
================================================================================
[2026-09-15T23:09:42.482+0000] {manager.py:878} INFO - 
================================================================================
DAG File Processing Stats

File Path                                 PID    Runtime      # DAGs    # Errors  Last Runtime    Last Run
----------------------------------------  -----  ---------  --------  ----------  --------------  -------------------
/opt/airflow/dags/tender_pipeline_dag.py                           1           0  0.21s           2026-09-15T23:09:13
================================================================================
[2026-09-15T23:10:12.830+0000] {manager.py:878} INFO - 
================================================================================
DAG File Processing Stats

File Path                                 PID    Runtime      # DAGs    # Errors  Last Runtime    Last Run
----------------------------------------  -----  ---------  --------  ----------  --------------  -------------------
/opt/airflow/dags/tender_pipeline_dag.py                           1           0  0.23s           2026-09-15T23:09:43
================================================================================
[2026-09-15T23:10:43.219+0000] {manager.py:878} INFO - 
================================================================================
DAG File Processing Stats

File Path                                 PID    Runtime      # DAGs    # Errors  Last Runtime    Last Run
----------------------------------------  -----  ---------  --------  ----------  --------------  -------------------
/opt/airflow/dags/tender_pipeline_dag.py                           1           0  0.24s           2026-09-15T23:10:14
================================================================================
[2026-09-15T23:11:13.744+0000] {manager.py:878} INFO - 
================================================================================
DAG File Processing Stats

File Path                                 PID    Runtime      # DAGs    # Errors  Last Runtime    Last Run
----------------------------------------  -----  ---------  --------  ----------  --------------  -------------------
/opt/airflow/dags/tender_pipeline_dag.py                           1           0  0.10s           2026-09-15T23:10:44
================================================================================
[2026-09-15T23:11:43.968+0000] {manager.py:878} INFO - 
================================================================================
DAG File Processing Stats

File Path                                 PID    Runtime      # DAGs    # Errors  Last Runtime    Last Run
----------------------------------------  -----  ---------  --------  ----------  --------------  -------------------
/opt/airflow/dags/tender_pipeline_dag.py                           1           0  0.13s           2026-09-15T23:11:14
================================================================================
[2026-09-15T23:11:58.124+0000] {manager.py:737} INFO - Searching for files in /opt/airflow/dags
[2026-09-15T23:11:58.142+0000] {manager.py:740} INFO - There are 1 files in /opt/airflow/dags
[2026-09-15T23:12:14.268+0000] {manager.py:878} INFO - 
================================================================================
DAG File Processing Stats

File Path                                 PID    Runtime      # DAGs    # Errors  Last Runtime    Last Run
----------------------------------------  -----  ---------  --------  ----------  --------------  -------------------
/opt/airflow/dags/tender_pipeline_dag.py                           1           0  0.09s           2026-09-15T23:11:45
================================================================================
[2026-09-15T23:12:44.462+0000] {manager.py:878} INFO - 
================================================================================
DAG File Processing Stats

File Path                                 PID    Runtime      # DAGs    # Errors  Last Runtime    Last Run
----------------------------------------  -----  ---------  --------  ----------  --------------  -------------------
/opt/airflow/dags/tender_pipeline_dag.py                           1           0  0.10s           2026-09-15T23:12:15
================================================================================
[2026-09-15T23:13:14.685+0000] {manager.py:878} INFO - 
================================================================================
DAG File Processing Stats

File Path                                 PID    Runtime      # DAGs    # Errors  Last Runtime    Last Run
----------------------------------------  -----  ---------  --------  ----------  --------------  -------------------
/opt/airflow/dags/tender_pipeline_dag.py                           1           0  0.09s           2026-09-15T23:12:45
================================================================================
[2026-09-15T23:13:44.867+0000] {manager.py:878} INFO - 
================================================================================
DAG File Processing Stats

File Path                                 PID    Runtime      # DAGs    # Errors  Last Runtime    Last Run
----------------------------------------  -----  ---------  --------  ----------  --------------  -------------------
/opt/airflow/dags/tender_pipeline_dag.py                           1           0  0.10s           2026-09-15T23:13:15
================================================================================
[2026-09-15T23:14:15.137+0000] {manager.py:878} INFO - 
================================================================================
DAG File Processing Stats

File Path                                 PID    Runtime      # DAGs    # Errors  Last Runtime    Last Run
----------------------------------------  -----  ---------  --------  ----------  --------------  -------------------
/opt/airflow/dags/tender_pipeline_dag.py                           1           0  0.19s           2026-09-15T23:13:46
================================================================================
[2026-09-15T23:14:45.434+0000] {manager.py:878} INFO - 
================================================================================
DAG File Processing Stats

File Path                                 PID    Runtime      # DAGs    # Errors  Last Runtime    Last Run
----------------------------------------  -----  ---------  --------  ----------  --------------  -------------------
/opt/airflow/dags/tender_pipeline_dag.py                           1           0  0.20s           2026-09-15T23:14:16
================================================================================
[2026-09-15T23:15:15.662+0000] {manager.py:878} INFO - 
================================================================================
DAG File Processing Stats

File Path                                 PID    Runtime      # DAGs    # Errors  Last Runtime    Last Run
----------------------------------------  -----  ---------  --------  ----------  --------------  -------------------
/opt/airflow/dags/tender_pipeline_dag.py                           1           0  0.14s           2026-09-15T23:14:46
================================================================================
[2026-09-15T23:15:45.908+0000] {manager.py:878} INFO - 
================================================================================
DAG File Processing Stats

File Path                                 PID    Runtime      # DAGs    # Errors  Last Runtime    Last Run
----------------------------------------  -----  ---------  --------  ----------  --------------  -------------------
/opt/airflow/dags/tender_pipeline_dag.py                           1           0  0.26s           2026-09-15T23:15:16
================================================================================
[2026-09-15T23:16:16.337+0000] {manager.py:878} INFO - 
================================================================================
DAG File Processing Stats

File Path                                 PID    Runtime      # DAGs    # Errors  Last Runtime    Last Run
----------------------------------------  -----  ---------  --------  ----------  --------------  -------------------
/opt/airflow/dags/tender_pipeline_dag.py                           1           0  0.15s           2026-09-15T23:15:47
================================================================================
[2026-09-15T23:16:46.618+0000] {manager.py:878} INFO - 
================================================================================
DAG File Processing Stats

File Path                                 PID    Runtime      # DAGs    # Errors  Last Runtime    Last Run
----------------------------------------  -----  ---------  --------  ----------  --------------  -------------------
/opt/airflow/dags/tender_pipeline_dag.py                           1           0  0.15s           2026-09-15T23:16:17
================================================================================
[2026-09-15T23:16:58.699+0000] {manager.py:737} INFO - Searching for files in /opt/airflow/dags
[2026-09-15T23:16:58.715+0000] {manager.py:740} INFO - There are 1 files in /opt/airflow/dags
[2026-09-15T23:17:16.845+0000] {manager.py:878} INFO - 
================================================================================
DAG File Processing Stats

File Path                                 PID    Runtime      # DAGs    # Errors  Last Runtime    Last Run
----------------------------------------  -----  ---------  --------  ----------  --------------  -------------------
/opt/airflow/dags/tender_pipeline_dag.py                           1           0  0.11s           2026-09-15T23:16:47
================================================================================
[2026-09-15T23:17:47.056+0000] {manager.py:878} INFO - 
================================================================================
DAG File Processing Stats

File Path                                 PID    Runtime      # DAGs    # Errors  Last Runtime    Last Run
----------------------------------------  -----  ---------  --------  ----------  --------------  -------------------
/opt/airflow/dags/tender_pipeline_dag.py                           1           0  0.13s           2026-09-15T23:17:17
================================================================================
[2026-09-15T23:18:17.273+0000] {manager.py:878} INFO - 
================================================================================
DAG File Processing Stats

File Path                                 PID    Runtime      # DAGs    # Errors  Last Runtime    Last Run
----------------------------------------  -----  ---------  --------  ----------  --------------  -------------------
/opt/airflow/dags/tender_pipeline_dag.py                           1           0  0.12s           2026-09-15T23:17:48
================================================================================
[2026-09-15T23:18:47.498+0000] {manager.py:878} INFO - 
================================================================================
DAG File Processing Stats

File Path                                 PID    Runtime      # DAGs    # Errors  Last Runtime    Last Run
----------------------------------------  -----  ---------  --------  ----------  --------------  -------------------
/opt/airflow/dags/tender_pipeline_dag.py                           1           0  0.14s           2026-09-15T23:18:18
================================================================================
[2026-09-15T23:19:17.743+0000] {manager.py:878} INFO - 
================================================================================
DAG File Processing Stats

File Path                                 PID    Runtime      # DAGs    # Errors  Last Runtime    Last Run
----------------------------------------  -----  ---------  --------  ----------  --------------  -------------------
/opt/airflow/dags/tender_pipeline_dag.py                           1           0  0.10s           2026-09-15T23:18:48
================================================================================
[2026-09-15T23:19:48.024+0000] {manager.py:878} INFO - 
================================================================================
DAG File Processing Stats

File Path                                 PID    Runtime      # DAGs    # Errors  Last Runtime    Last Run
----------------------------------------  -----  ---------  --------  ----------  --------------  -------------------
/opt/airflow/dags/tender_pipeline_dag.py                           1           0  0.19s           2026-09-15T23:19:18
================================================================================
[2026-09-15T23:20:18.326+0000] {manager.py:878} INFO - 
================================================================================
DAG File Processing Stats

File Path                                 PID    Runtime      # DAGs    # Errors  Last Runtime    Last Run
----------------------------------------  -----  ---------  --------  ----------  --------------  -------------------
/opt/airflow/dags/tender_pipeline_dag.py                           1           0  0.14s           2026-09-15T23:19:49
================================================================================
[2026-09-15T23:20:48.569+0000] {manager.py:878} INFO - 
================================================================================
DAG File Processing Stats

File Path                                 PID    Runtime      # DAGs    # Errors  Last Runtime    Last Run
----------------------------------------  -----  ---------  --------  ----------  --------------  -------------------
/opt/airflow/dags/tender_pipeline_dag.py                           1           0  0.16s           2026-09-15T23:20:19
================================================================================
[2026-09-15T23:21:18.752+0000] {manager.py:878} INFO - 
================================================================================
DAG File Processing Stats

File Path                                 PID    Runtime      # DAGs    # Errors  Last Runtime    Last Run
----------------------------------------  -----  ---------  --------  ----------  --------------  -------------------
/opt/airflow/dags/tender_pipeline_dag.py                           1           0  0.10s           2026-09-15T23:20:49
================================================================================
[2026-09-15T23:21:49.013+0000] {manager.py:878} INFO - 
================================================================================
DAG File Processing Stats

File Path                                 PID    Runtime      # DAGs    # Errors  Last Runtime    Last Run
----------------------------------------  -----  ---------  --------  ----------  --------------  -------------------
/opt/airflow/dags/tender_pipeline_dag.py                           1           0  0.10s           2026-09-15T23:21:19
================================================================================
[2026-09-15T23:21:59.090+0000] {manager.py:737} INFO - Searching for files in /opt/airflow/dags
[2026-09-15T23:21:59.110+0000] {manager.py:740} INFO - There are 1 files in /opt/airflow/dags
[2026-09-15T23:22:19.232+0000] {manager.py:878} INFO - 
================================================================================
DAG File Processing Stats

File Path                                 PID    Runtime      # DAGs    # Errors  Last Runtime    Last Run
----------------------------------------  -----  ---------  --------  ----------  --------------  -------------------
/opt/airflow/dags/tender_pipeline_dag.py                           1           0  0.14s           2026-09-15T23:21:50
================================================================================
[2026-09-15T23:22:49.480+0000] {manager.py:878} INFO - 
================================================================================
DAG File Processing Stats

File Path                                 PID    Runtime      # DAGs    # Errors  Last Runtime    Last Run
----------------------------------------  -----  ---------  --------  ----------  --------------  -------------------
/opt/airflow/dags/tender_pipeline_dag.py                           1           0  0.09s           2026-09-15T23:22:20
================================================================================
[2026-09-15T23:23:19.686+0000] {manager.py:878} INFO - 
================================================================================
DAG File Processing Stats

File Path                                 PID    Runtime      # DAGs    # Errors  Last Runtime    Last Run
----------------------------------------  -----  ---------  --------  ----------  --------------  -------------------
/opt/airflow/dags/tender_pipeline_dag.py                           1           0  0.09s           2026-09-15T23:22:50
================================================================================
[2026-09-15T23:23:49.927+0000] {manager.py:878} INFO - 
================================================================================
DAG File Processing Stats

File Path                                 PID    Runtime      # DAGs    # Errors  Last Runtime    Last Run
----------------------------------------  -----  ---------  --------  ----------  --------------  -------------------
/opt/airflow/dags/tender_pipeline_dag.py                           1           0  0.16s           2026-09-15T23:23:20
================================================================================
[2026-09-15T23:24:20.173+0000] {manager.py:878} INFO - 
================================================================================
DAG File Processing Stats

File Path                                 PID    Runtime      # DAGs    # Errors  Last Runtime    Last Run
----------------------------------------  -----  ---------  --------  ----------  --------------  -------------------
/opt/airflow/dags/tender_pipeline_dag.py                           1           0  0.14s           2026-09-15T23:23:51
================================================================================
[2026-09-15T23:24:50.477+0000] {manager.py:878} INFO - 
================================================================================
DAG File Processing Stats

File Path                                 PID    Runtime      # DAGs    # Errors  Last Runtime    Last Run
----------------------------------------  -----  ---------  --------  ----------  --------------  -------------------
/opt/airflow/dags/tender_pipeline_dag.py                           1           0  0.09s           2026-09-15T23:24:21
================================================================================
[2026-09-15T23:25:20.649+0000] {manager.py:878} INFO - 
================================================================================
DAG File Processing Stats

File Path                                 PID    Runtime      # DAGs    # Errors  Last Runtime    Last Run
----------------------------------------  -----  ---------  --------  ----------  --------------  -------------------
/opt/airflow/dags/tender_pipeline_dag.py                           1           0  0.09s           2026-09-15T23:24:51
================================================================================
[2026-09-15T23:25:50.897+0000] {manager.py:878} INFO - 
================================================================================
DAG File Processing Stats

File Path                                 PID    Runtime      # DAGs    # Errors  Last Runtime    Last Run
----------------------------------------  -----  ---------  --------  ----------  --------------  -------------------
/opt/airflow/dags/tender_pipeline_dag.py                           1           0  0.12s           2026-09-15T23:25:21
================================================================================
[2026-09-15T23:26:21.099+0000] {manager.py:878} INFO - 
================================================================================
DAG File Processing Stats

File Path                                 PID    Runtime      # DAGs    # Errors  Last Runtime    Last Run
----------------------------------------  -----  ---------  --------  ----------  --------------  -------------------
/opt/airflow/dags/tender_pipeline_dag.py                           1           0  0.18s           2026-09-15T23:25:52
================================================================================
[2026-09-15T23:26:51.271+0000] {manager.py:878} INFO - 
================================================================================
DAG File Processing Stats

File Path                                 PID    Runtime      # DAGs    # Errors  Last Runtime    Last Run
----------------------------------------  -----  ---------  --------  ----------  --------------  -------------------
/opt/airflow/dags/tender_pipeline_dag.py                           1           0  0.11s           2026-09-15T23:26:22
================================================================================
[2026-09-15T23:26:59.423+0000] {manager.py:737} INFO - Searching for files in /opt/airflow/dags
[2026-09-15T23:26:59.517+0000] {manager.py:740} INFO - There are 1 files in /opt/airflow/dags
[2026-09-15T23:27:21.676+0000] {manager.py:878} INFO - 
================================================================================
DAG File Processing Stats

File Path                                 PID    Runtime      # DAGs    # Errors  Last Runtime    Last Run
----------------------------------------  -----  ---------  --------  ----------  --------------  -------------------
/opt/airflow/dags/tender_pipeline_dag.py                           1           0  0.08s           2026-09-15T23:26:52
================================================================================
[2026-09-15T23:27:51.905+0000] {manager.py:878} INFO - 
================================================================================
DAG File Processing Stats

File Path                                 PID    Runtime      # DAGs    # Errors  Last Runtime    Last Run
----------------------------------------  -----  ---------  --------  ----------  --------------  -------------------
/opt/airflow/dags/tender_pipeline_dag.py                           1           0  0.10s           2026-09-15T23:27:22
================================================================================
[2026-09-15T23:28:22.153+0000] {manager.py:878} INFO - 
================================================================================
DAG File Processing Stats

File Path                                 PID    Runtime      # DAGs    # Errors  Last Runtime    Last Run
----------------------------------------  -----  ---------  --------  ----------  --------------  -------------------
/opt/airflow/dags/tender_pipeline_dag.py                           1           0  0.10s           2026-09-15T23:27:53
================================================================================
[2026-09-15T23:28:52.342+0000] {manager.py:878} INFO - 
================================================================================
DAG File Processing Stats

File Path                                 PID    Runtime      # DAGs    # Errors  Last Runtime    Last Run
----------------------------------------  -----  ---------  --------  ----------  --------------  -------------------
/opt/airflow/dags/tender_pipeline_dag.py                           1           0  0.09s           2026-09-15T23:28:23
================================================================================
[2026-09-15T23:29:22.626+0000] {manager.py:878} INFO - 
================================================================================
DAG File Processing Stats

File Path                                 PID    Runtime      # DAGs    # Errors  Last Runtime    Last Run
----------------------------------------  -----  ---------  --------  ----------  --------------  -------------------
/opt/airflow/dags/tender_pipeline_dag.py                           1           0  0.09s           2026-09-15T23:28:53
================================================================================
[2026-09-15T23:29:52.809+0000] {manager.py:878} INFO - 
================================================================================
DAG File Processing Stats

File Path                                 PID    Runtime      # DAGs    # Errors  Last Runtime    Last Run
----------------------------------------  -----  ---------  --------  ----------  --------------  -------------------
/opt/airflow/dags/tender_pipeline_dag.py                           1           0  0.10s           2026-09-15T23:29:23
================================================================================
[2026-09-15T23:30:23.093+0000] {manager.py:878} INFO - 
================================================================================
DAG File Processing Stats

File Path                                 PID    Runtime      # DAGs    # Errors  Last Runtime    Last Run
----------------------------------------  -----  ---------  --------  ----------  --------------  -------------------
/opt/airflow/dags/tender_pipeline_dag.py                           1           0  0.08s           2026-09-15T23:29:53
================================================================================
[2026-09-15T23:30:53.301+0000] {manager.py:878} INFO - 
================================================================================
DAG File Processing Stats

File Path                                 PID    Runtime      # DAGs    # Errors  Last Runtime    Last Run
----------------------------------------  -----  ---------  --------  ----------  --------------  -------------------
/opt/airflow/dags/tender_pipeline_dag.py                           1           0  0.11s           2026-09-15T23:30:24
================================================================================
[2026-09-15T23:31:23.531+0000] {manager.py:878} INFO - 
================================================================================
DAG File Processing Stats

File Path                                 PID    Runtime      # DAGs    # Errors  Last Runtime    Last Run
----------------------------------------  -----  ---------  --------  ----------  --------------  -------------------
/opt/airflow/dags/tender_pipeline_dag.py                           1           0  0.09s           2026-09-15T23:30:54
================================================================================
[2026-09-15T23:31:53.821+0000] {manager.py:878} INFO - 
================================================================================
DAG File Processing Stats

File Path                                 PID    Runtime      # DAGs    # Errors  Last Runtime    Last Run
----------------------------------------  -----  ---------  --------  ----------  --------------  -------------------
/opt/airflow/dags/tender_pipeline_dag.py                           1           0  0.20s           2026-09-15T23:31:24
================================================================================
[2026-09-15T23:32:00.003+0000] {manager.py:737} INFO - Searching for files in /opt/airflow/dags
[2026-09-15T23:32:00.046+0000] {manager.py:740} INFO - There are 1 files in /opt/airflow/dags
[2026-09-15T23:32:24.261+0000] {manager.py:878} INFO - 
================================================================================
DAG File Processing Stats

File Path                                 PID    Runtime      # DAGs    # Errors  Last Runtime    Last Run
----------------------------------------  -----  ---------  --------  ----------  --------------  -------------------
/opt/airflow/dags/tender_pipeline_dag.py                           1           0  0.24s           2026-09-15T23:31:55
================================================================================
[2026-09-15T23:32:54.580+0000] {manager.py:878} INFO - 
================================================================================
DAG File Processing Stats

File Path                                 PID    Runtime      # DAGs    # Errors  Last Runtime    Last Run
----------------------------------------  -----  ---------  --------  ----------  --------------  -------------------
/opt/airflow/dags/tender_pipeline_dag.py                           1           0  0.15s           2026-09-15T23:32:25
================================================================================
[2026-09-15T23:33:24.906+0000] {manager.py:878} INFO - 
================================================================================
DAG File Processing Stats

File Path                                 PID    Runtime      # DAGs    # Errors  Last Runtime    Last Run
----------------------------------------  -----  ---------  --------  ----------  --------------  -------------------
/opt/airflow/dags/tender_pipeline_dag.py                           1           0  0.14s           2026-09-15T23:32:55
================================================================================
[2026-09-15T23:33:55.115+0000] {manager.py:878} INFO - 
================================================================================
DAG File Processing Stats

File Path                                 PID    Runtime      # DAGs    # Errors  Last Runtime    Last Run
----------------------------------------  -----  ---------  --------  ----------  --------------  -------------------
/opt/airflow/dags/tender_pipeline_dag.py                           1           0  0.15s           2026-09-15T23:33:26
================================================================================
[2026-09-15T23:34:25.414+0000] {manager.py:878} INFO - 
================================================================================
DAG File Processing Stats

File Path                                 PID    Runtime      # DAGs    # Errors  Last Runtime    Last Run
----------------------------------------  -----  ---------  --------  ----------  --------------  -------------------
/opt/airflow/dags/tender_pipeline_dag.py                           1           0  0.11s           2026-09-15T23:33:56
================================================================================
[2026-09-15T23:34:55.647+0000] {manager.py:878} INFO - 
================================================================================
DAG File Processing Stats

File Path                                 PID    Runtime      # DAGs    # Errors  Last Runtime    Last Run
----------------------------------------  -----  ---------  --------  ----------  --------------  -------------------
/opt/airflow/dags/tender_pipeline_dag.py                           1           0  0.10s           2026-09-15T23:34:26
================================================================================
[2026-09-15T23:35:25.856+0000] {manager.py:878} INFO - 
================================================================================
DAG File Processing Stats

File Path                                 PID    Runtime      # DAGs    # Errors  Last Runtime    Last Run
----------------------------------------  -----  ---------  --------  ----------  --------------  -------------------
/opt/airflow/dags/tender_pipeline_dag.py                           1           0  0.09s           2026-09-15T23:34:56
================================================================================
[2026-09-15T23:35:56.053+0000] {manager.py:878} INFO - 
================================================================================
DAG File Processing Stats

File Path                                 PID    Runtime      # DAGs    # Errors  Last Runtime    Last Run
----------------------------------------  -----  ---------  --------  ----------  --------------  -------------------
/opt/airflow/dags/tender_pipeline_dag.py                           1           0  0.10s           2026-09-15T23:35:26
================================================================================
[2026-09-15T23:36:26.311+0000] {manager.py:878} INFO - 
================================================================================
DAG File Processing Stats

File Path                                 PID    Runtime      # DAGs    # Errors  Last Runtime    Last Run
----------------------------------------  -----  ---------  --------  ----------  --------------  -------------------
/opt/airflow/dags/tender_pipeline_dag.py                           1           0  0.14s           2026-09-15T23:35:57
================================================================================
[2026-09-15T23:36:56.560+0000] {manager.py:878} INFO - 
================================================================================
DAG File Processing Stats

File Path                                 PID    Runtime      # DAGs    # Errors  Last Runtime    Last Run
----------------------------------------  -----  ---------  --------  ----------  --------------  -------------------
/opt/airflow/dags/tender_pipeline_dag.py                           1           0  0.09s           2026-09-15T23:36:27
================================================================================
[2026-09-15T23:37:00.599+0000] {manager.py:737} INFO - Searching for files in /opt/airflow/dags
[2026-09-15T23:37:00.626+0000] {manager.py:740} INFO - There are 1 files in /opt/airflow/dags
[2026-09-15T23:37:26.782+0000] {manager.py:878} INFO - 
================================================================================
DAG File Processing Stats

File Path                                 PID    Runtime      # DAGs    # Errors  Last Runtime    Last Run
----------------------------------------  -----  ---------  --------  ----------  --------------  -------------------
/opt/airflow/dags/tender_pipeline_dag.py                           1           0  0.11s           2026-09-15T23:36:57
================================================================================
[2026-09-15T23:37:56.996+0000] {manager.py:878} INFO - 
================================================================================
DAG File Processing Stats

File Path                                 PID    Runtime      # DAGs    # Errors  Last Runtime    Last Run
----------------------------------------  -----  ---------  --------  ----------  --------------  -------------------
/opt/airflow/dags/tender_pipeline_dag.py                           1           0  0.09s           2026-09-15T23:37:27
================================================================================
[2026-09-15T23:38:27.231+0000] {manager.py:878} INFO - 
================================================================================
DAG File Processing Stats

File Path                                 PID    Runtime      # DAGs    # Errors  Last Runtime    Last Run
----------------------------------------  -----  ---------  --------  ----------  --------------  -------------------
/opt/airflow/dags/tender_pipeline_dag.py                           1           0  0.10s           2026-09-15T23:37:58
================================================================================
[2026-09-15T23:38:57.485+0000] {manager.py:878} INFO - 
================================================================================
DAG File Processing Stats

File Path                                 PID    Runtime      # DAGs    # Errors  Last Runtime    Last Run
----------------------------------------  -----  ---------  --------  ----------  --------------  -------------------
/opt/airflow/dags/tender_pipeline_dag.py                           1           0  0.08s           2026-09-15T23:38:28
================================================================================
[2026-09-15T23:39:27.683+0000] {manager.py:878} INFO - 
================================================================================
DAG File Processing Stats

File Path                                 PID    Runtime      # DAGs    # Errors  Last Runtime    Last Run
----------------------------------------  -----  ---------  --------  ----------  --------------  -------------------
/opt/airflow/dags/tender_pipeline_dag.py                           1           0  0.16s           2026-09-15T23:38:58
================================================================================
[2026-09-15T23:39:58.010+0000] {manager.py:878} INFO - 
================================================================================
DAG File Processing Stats

File Path                                 PID    Runtime      # DAGs    # Errors  Last Runtime    Last Run
----------------------------------------  -----  ---------  --------  ----------  --------------  -------------------
/opt/airflow/dags/tender_pipeline_dag.py                           1           0  0.14s           2026-09-15T23:39:28
================================================================================
[2026-09-15T23:40:28.185+0000] {manager.py:878} INFO - 
================================================================================
DAG File Processing Stats

File Path                                 PID    Runtime      # DAGs    # Errors  Last Runtime    Last Run
----------------------------------------  -----  ---------  --------  ----------  --------------  -------------------
/opt/airflow/dags/tender_pipeline_dag.py                           1           0  0.10s           2026-09-15T23:39:59
================================================================================
[2026-09-15T23:40:58.423+0000] {manager.py:878} INFO - 
================================================================================
DAG File Processing Stats

File Path                                 PID    Runtime      # DAGs    # Errors  Last Runtime    Last Run
----------------------------------------  -----  ---------  --------  ----------  --------------  -------------------
/opt/airflow/dags/tender_pipeline_dag.py                           1           0  0.16s           2026-09-15T23:40:29
================================================================================
[2026-09-15T23:41:28.734+0000] {manager.py:878} INFO - 
================================================================================
DAG File Processing Stats

File Path                                 PID    Runtime      # DAGs    # Errors  Last Runtime    Last Run
----------------------------------------  -----  ---------  --------  ----------  --------------  -------------------
/opt/airflow/dags/tender_pipeline_dag.py                           1           0  0.15s           2026-09-15T23:40:59
================================================================================
[2026-09-15T23:41:58.969+0000] {manager.py:878} INFO - 
================================================================================
DAG File Processing Stats

File Path                                 PID    Runtime      # DAGs    # Errors  Last Runtime    Last Run
----------------------------------------  -----  ---------  --------  ----------  --------------  -------------------
/opt/airflow/dags/tender_pipeline_dag.py                           1           0  0.15s           2026-09-15T23:41:29
================================================================================
[2026-09-15T23:42:00.991+0000] {manager.py:737} INFO - Searching for files in /opt/airflow/dags
[2026-09-15T23:42:01.016+0000] {manager.py:740} INFO - There are 1 files in /opt/airflow/dags
[2026-09-15T23:42:29.194+0000] {manager.py:878} INFO - 
================================================================================
DAG File Processing Stats

File Path                                 PID    Runtime      # DAGs    # Errors  Last Runtime    Last Run
----------------------------------------  -----  ---------  --------  ----------  --------------  -------------------
/opt/airflow/dags/tender_pipeline_dag.py                           1           0  0.10s           2026-09-15T23:42:00
================================================================================
[2026-09-15T23:42:59.400+0000] {manager.py:878} INFO - 
================================================================================
DAG File Processing Stats

File Path                                 PID    Runtime      # DAGs    # Errors  Last Runtime    Last Run
----------------------------------------  -----  ---------  --------  ----------  --------------  -------------------
/opt/airflow/dags/tender_pipeline_dag.py                           1           0  0.14s           2026-09-15T23:42:30
================================================================================
[2026-09-15T23:43:29.577+0000] {manager.py:878} INFO - 
================================================================================
DAG File Processing Stats

File Path                                 PID    Runtime      # DAGs    # Errors  Last Runtime    Last Run
----------------------------------------  -----  ---------  --------  ----------  --------------  -------------------
/opt/airflow/dags/tender_pipeline_dag.py                           1           0  0.08s           2026-09-15T23:43:00
================================================================================
[2026-09-15T23:43:59.837+0000] {manager.py:878} INFO - 
================================================================================
DAG File Processing Stats

File Path                                 PID    Runtime      # DAGs    # Errors  Last Runtime    Last Run
----------------------------------------  -----  ---------  --------  ----------  --------------  -------------------
/opt/airflow/dags/tender_pipeline_dag.py                           1           0  0.10s           2026-09-15T23:43:30
================================================================================
[2026-09-15T23:44:30.021+0000] {manager.py:878} INFO - 
================================================================================
DAG File Processing Stats

File Path                                 PID    Runtime      # DAGs    # Errors  Last Runtime    Last Run
----------------------------------------  -----  ---------  --------  ----------  --------------  -------------------
/opt/airflow/dags/tender_pipeline_dag.py                           1           0  0.11s           2026-09-15T23:44:00
================================================================================
[2026-09-15T23:45:00.255+0000] {manager.py:878} INFO - 
================================================================================
DAG File Processing Stats

File Path                                 PID    Runtime      # DAGs    # Errors  Last Runtime    Last Run
----------------------------------------  -----  ---------  --------  ----------  --------------  -------------------
/opt/airflow/dags/tender_pipeline_dag.py                           1           0  0.10s           2026-09-15T23:44:31
================================================================================
[2026-09-15T23:45:30.439+0000] {manager.py:878} INFO - 
================================================================================
DAG File Processing Stats

File Path                                 PID    Runtime      # DAGs    # Errors  Last Runtime    Last Run
----------------------------------------  -----  ---------  --------  ----------  --------------  -------------------
/opt/airflow/dags/tender_pipeline_dag.py                           1           0  0.09s           2026-09-15T23:45:01
================================================================================
[2026-09-15T23:46:00.681+0000] {manager.py:878} INFO - 
================================================================================
DAG File Processing Stats

File Path                                 PID    Runtime      # DAGs    # Errors  Last Runtime    Last Run
----------------------------------------  -----  ---------  --------  ----------  --------------  -------------------
/opt/airflow/dags/tender_pipeline_dag.py                           1           0  0.10s           2026-09-15T23:45:31
================================================================================
[2026-09-15T23:46:30.911+0000] {manager.py:878} INFO - 
================================================================================
DAG File Processing Stats

File Path                                 PID    Runtime      # DAGs    # Errors  Last Runtime    Last Run
----------------------------------------  -----  ---------  --------  ----------  --------------  -------------------
/opt/airflow/dags/tender_pipeline_dag.py                           1           0  0.14s           2026-09-15T23:46:01
================================================================================
[2026-09-15T23:47:01.164+0000] {manager.py:737} INFO - Searching for files in /opt/airflow/dags
[2026-09-15T23:47:01.191+0000] {manager.py:740} INFO - There are 1 files in /opt/airflow/dags
[2026-09-15T23:47:01.200+0000] {manager.py:878} INFO - 
================================================================================
DAG File Processing Stats

File Path                                 PID    Runtime      # DAGs    # Errors  Last Runtime    Last Run
----------------------------------------  -----  ---------  --------  ----------  --------------  -------------------
/opt/airflow/dags/tender_pipeline_dag.py                           1           0  0.11s           2026-09-15T23:46:32
================================================================================
[2026-09-15T23:47:31.413+0000] {manager.py:878} INFO - 
================================================================================
DAG File Processing Stats

File Path                                 PID    Runtime      # DAGs    # Errors  Last Runtime    Last Run
----------------------------------------  -----  ---------  --------  ----------  --------------  -------------------
/opt/airflow/dags/tender_pipeline_dag.py                           1           0  0.09s           2026-09-15T23:47:02
================================================================================
[2026-09-15T23:48:01.648+0000] {manager.py:878} INFO - 
================================================================================
DAG File Processing Stats

File Path                                 PID    Runtime      # DAGs    # Errors  Last Runtime    Last Run
----------------------------------------  -----  ---------  --------  ----------  --------------  -------------------
/opt/airflow/dags/tender_pipeline_dag.py                           1           0  0.10s           2026-09-15T23:47:32
================================================================================
[2026-09-15T23:48:31.889+0000] {manager.py:878} INFO - 
================================================================================
DAG File Processing Stats

File Path                                 PID    Runtime      # DAGs    # Errors  Last Runtime    Last Run
----------------------------------------  -----  ---------  --------  ----------  --------------  -------------------
/opt/airflow/dags/tender_pipeline_dag.py                           1           0  0.09s           2026-09-15T23:48:02
================================================================================
[2026-09-15T23:49:02.091+0000] {manager.py:878} INFO - 
================================================================================
DAG File Processing Stats

File Path                                 PID    Runtime      # DAGs    # Errors  Last Runtime    Last Run
----------------------------------------  -----  ---------  --------  ----------  --------------  -------------------
/opt/airflow/dags/tender_pipeline_dag.py                           1           0  0.09s           2026-09-15T23:48:32
================================================================================
[2026-09-15T23:49:32.345+0000] {manager.py:878} INFO - 
================================================================================
DAG File Processing Stats

File Path                                 PID    Runtime      # DAGs    # Errors  Last Runtime    Last Run
----------------------------------------  -----  ---------  --------  ----------  --------------  -------------------
/opt/airflow/dags/tender_pipeline_dag.py                           1           0  0.10s           2026-09-15T23:49:03
================================================================================
[2026-09-15T23:50:02.571+0000] {manager.py:878} INFO - 
================================================================================
DAG File Processing Stats

File Path                                 PID    Runtime      # DAGs    # Errors  Last Runtime    Last Run
----------------------------------------  -----  ---------  --------  ----------  --------------  -------------------
/opt/airflow/dags/tender_pipeline_dag.py                           1           0  0.09s           2026-09-15T23:49:33
================================================================================
[2026-09-15T23:50:32.826+0000] {manager.py:878} INFO - 
================================================================================
DAG File Processing Stats

File Path                                 PID    Runtime      # DAGs    # Errors  Last Runtime    Last Run
----------------------------------------  -----  ---------  --------  ----------  --------------  -------------------
/opt/airflow/dags/tender_pipeline_dag.py                           1           0  0.18s           2026-09-15T23:50:03
================================================================================
[2026-09-15T23:51:03.166+0000] {manager.py:878} INFO - 
================================================================================
DAG File Processing Stats

File Path                                 PID    Runtime      # DAGs    # Errors  Last Runtime    Last Run
----------------------------------------  -----  ---------  --------  ----------  --------------  -------------------
/opt/airflow/dags/tender_pipeline_dag.py                           1           0  0.19s           2026-09-15T23:50:34
================================================================================
[2026-09-15T23:51:33.354+0000] {manager.py:878} INFO - 
================================================================================
DAG File Processing Stats

File Path                                 PID    Runtime      # DAGs    # Errors  Last Runtime    Last Run
----------------------------------------  -----  ---------  --------  ----------  --------------  -------------------
/opt/airflow/dags/tender_pipeline_dag.py                           1           0  0.09s           2026-09-15T23:51:04
================================================================================
[2026-09-15T23:52:01.569+0000] {manager.py:737} INFO - Searching for files in /opt/airflow/dags
[2026-09-15T23:52:01.607+0000] {manager.py:740} INFO - There are 1 files in /opt/airflow/dags
[2026-09-15T23:52:03.636+0000] {manager.py:878} INFO - 
================================================================================
DAG File Processing Stats

File Path                                 PID    Runtime      # DAGs    # Errors  Last Runtime    Last Run
----------------------------------------  -----  ---------  --------  ----------  --------------  -------------------
/opt/airflow/dags/tender_pipeline_dag.py                           1           0  0.10s           2026-09-15T23:51:34
================================================================================
[2026-09-15T23:52:33.825+0000] {manager.py:878} INFO - 
================================================================================
DAG File Processing Stats

File Path                                 PID    Runtime      # DAGs    # Errors  Last Runtime    Last Run
----------------------------------------  -----  ---------  --------  ----------  --------------  -------------------
/opt/airflow/dags/tender_pipeline_dag.py                           1           0  0.21s           2026-09-15T23:52:04
================================================================================
[2026-09-15T23:53:04.207+0000] {manager.py:878} INFO - 
================================================================================
DAG File Processing Stats

File Path                                 PID    Runtime      # DAGs    # Errors  Last Runtime    Last Run
----------------------------------------  -----  ---------  --------  ----------  --------------  -------------------
/opt/airflow/dags/tender_pipeline_dag.py                           1           0  0.13s           2026-09-15T23:52:35
================================================================================
[2026-09-15T23:53:34.402+0000] {manager.py:878} INFO - 
================================================================================
DAG File Processing Stats

File Path                                 PID    Runtime      # DAGs    # Errors  Last Runtime    Last Run
----------------------------------------  -----  ---------  --------  ----------  --------------  -------------------
/opt/airflow/dags/tender_pipeline_dag.py                           1           0  0.10s           2026-09-15T23:53:05
================================================================================
[2026-09-15T23:54:04.617+0000] {manager.py:878} INFO - 
================================================================================
DAG File Processing Stats

File Path                                 PID    Runtime      # DAGs    # Errors  Last Runtime    Last Run
----------------------------------------  -----  ---------  --------  ----------  --------------  -------------------
/opt/airflow/dags/tender_pipeline_dag.py                           1           0  0.09s           2026-09-15T23:53:35
================================================================================
[2026-09-15T23:54:34.833+0000] {manager.py:878} INFO - 
================================================================================
DAG File Processing Stats

File Path                                 PID    Runtime      # DAGs    # Errors  Last Runtime    Last Run
----------------------------------------  -----  ---------  --------  ----------  --------------  -------------------
/opt/airflow/dags/tender_pipeline_dag.py                           1           0  0.12s           2026-09-15T23:54:05
================================================================================
[2026-09-15T23:55:05.069+0000] {manager.py:878} INFO - 
================================================================================
DAG File Processing Stats

File Path                                 PID    Runtime      # DAGs    # Errors  Last Runtime    Last Run
----------------------------------------  -----  ---------  --------  ----------  --------------  -------------------
/opt/airflow/dags/tender_pipeline_dag.py                           1           0  0.13s           2026-09-15T23:54:35
================================================================================
[2026-09-15T23:55:35.293+0000] {manager.py:878} INFO - 
================================================================================
DAG File Processing Stats

File Path                                 PID    Runtime      # DAGs    # Errors  Last Runtime    Last Run
----------------------------------------  -----  ---------  --------  ----------  --------------  -------------------
/opt/airflow/dags/tender_pipeline_dag.py                           1           0  0.15s           2026-09-15T23:55:06
================================================================================
[2026-09-15T23:56:05.530+0000] {manager.py:878} INFO - 
================================================================================
DAG File Processing Stats

File Path                                 PID    Runtime      # DAGs    # Errors  Last Runtime    Last Run
----------------------------------------  -----  ---------  --------  ----------  --------------  -------------------
/opt/airflow/dags/tender_pipeline_dag.py                           1           0  0.09s           2026-09-15T23:55:36
================================================================================
[2026-09-15T23:56:35.749+0000] {manager.py:878} INFO - 
================================================================================
DAG File Processing Stats

File Path                                 PID    Runtime      # DAGs    # Errors  Last Runtime    Last Run
----------------------------------------  -----  ---------  --------  ----------  --------------  -------------------
/opt/airflow/dags/tender_pipeline_dag.py                           1           0  0.14s           2026-09-15T23:56:06
================================================================================
[2026-09-15T23:57:01.887+0000] {manager.py:737} INFO - Searching for files in /opt/airflow/dags
[2026-09-15T23:57:01.912+0000] {manager.py:740} INFO - There are 1 files in /opt/airflow/dags
[2026-09-15T23:57:05.941+0000] {manager.py:878} INFO - 
================================================================================
DAG File Processing Stats

File Path                                 PID    Runtime      # DAGs    # Errors  Last Runtime    Last Run
----------------------------------------  -----  ---------  --------  ----------  --------------  -------------------
/opt/airflow/dags/tender_pipeline_dag.py                           1           0  0.09s           2026-09-15T23:56:36
================================================================================
[2026-09-15T23:57:36.144+0000] {manager.py:878} INFO - 
================================================================================
DAG File Processing Stats

File Path                                 PID    Runtime      # DAGs    # Errors  Last Runtime    Last Run
----------------------------------------  -----  ---------  --------  ----------  --------------  -------------------
/opt/airflow/dags/tender_pipeline_dag.py                           1           0  0.13s           2026-09-15T23:57:07
================================================================================
[2026-09-15T23:58:06.402+0000] {manager.py:878} INFO - 
================================================================================
DAG File Processing Stats

File Path                                 PID    Runtime      # DAGs    # Errors  Last Runtime    Last Run
----------------------------------------  -----  ---------  --------  ----------  --------------  -------------------
/opt/airflow/dags/tender_pipeline_dag.py                           1           0  0.11s           2026-09-15T23:57:37
================================================================================
[2026-09-15T23:58:36.583+0000] {manager.py:878} INFO - 
================================================================================
DAG File Processing Stats

File Path                                 PID    Runtime      # DAGs    # Errors  Last Runtime    Last Run
----------------------------------------  -----  ---------  --------  ----------  --------------  -------------------
/opt/airflow/dags/tender_pipeline_dag.py                           1           0  0.10s           2026-09-15T23:58:07
================================================================================
[2026-09-15T23:59:06.854+0000] {manager.py:878} INFO - 
================================================================================
DAG File Processing Stats

File Path                                 PID    Runtime      # DAGs    # Errors  Last Runtime    Last Run
----------------------------------------  -----  ---------  --------  ----------  --------------  -------------------
/opt/airflow/dags/tender_pipeline_dag.py                           1           0  0.09s           2026-09-15T23:58:37
================================================================================
[2026-09-15T23:59:37.061+0000] {manager.py:878} INFO - 
================================================================================
DAG File Processing Stats

File Path                                 PID    Runtime      # DAGs    # Errors  Last Runtime    Last Run
----------------------------------------  -----  ---------  --------  ----------  --------------  -------------------
/opt/airflow/dags/tender_pipeline_dag.py                           1           0  0.11s           2026-09-15T23:59:07
================================================================================
[2026-09-16T00:00:07.300+0000] {manager.py:878} INFO - 
================================================================================
DAG File Processing Stats

File Path                                 PID    Runtime      # DAGs    # Errors  Last Runtime    Last Run
----------------------------------------  -----  ---------  --------  ----------  --------------  -------------------
/opt/airflow/dags/tender_pipeline_dag.py                           1           0  0.14s           2026-09-15T23:59:38
================================================================================
[2026-09-16T00:00:37.564+0000] {manager.py:878} INFO - 
================================================================================
DAG File Processing Stats

File Path                                 PID    Runtime      # DAGs    # Errors  Last Runtime    Last Run
----------------------------------------  -----  ---------  --------  ----------  --------------  -------------------
/opt/airflow/dags/tender_pipeline_dag.py                           1           0  0.29s           2026-09-16T00:00:08
================================================================================
